[
  {
    "country": "Mali",
    "currencyCode": "XOF",
    "currencyName": "West African CFA Franc",
    "states": [
      {"name": "Bamako", "cities": ["Bamako", "Badalabougou", "Baco Djicoroni", "Banankabougou", "Banconi", "Boulkassoumbougou", "Daoudabougou", "Djélibougou", "Faladié", "Lafiabougou", "Missabougou", "Niamakoro", "Quinzambougou", "Sébénikoro", "Sotuba", "Tombouctou", "Yirimadjo"]},
      {"name": "Gao Region", "cities": ["Gao", "Ansongo", "Bourem", "Ménaka", "Tessalit", "Tin-Essako", "Kidal", "Abeïbara", "Talak", "Tessit"]},
      {"name": "Kayes Region", "cities": ["Kayes", "Kita", "Bafoulabé", "Kéniéba", "Nioro du Sahel", "Diéma", "Yélimané", "Séféto", "Sadiola", "Koussané"]},
      {"name": "Kidal Region", "cities": ["Kidal", "Abeïbara", "Tessalit", "Tin-Essako", "Aguel'hoc", "Tessit"]},
      {"name": "Koulikoro Region", "cities": ["Koulikoro", "Kati", "Banamba", "Dioïla", "Kangaba", "Nara", "Kolokani", "Fana", "Ségou", "Markala"]},
      {"name": "Ménaka Region", "cities": ["Ménaka", "Andéramboukane", "Inékar", "Tidermène", "Alata", "Tessit"]},
      {"name": "Mopti Region", "cities": ["Mopti", "Bandiagara", "Bankass", "Djenné", "Douentza", "Koro", "Ténenkou", "Youwarou", "Saréyamou", "Konna"]},
      {"name": "Ségou Region", "cities": ["Ségou", "Markala", "Niono", "San", "Tominian", "Bla", "Barouéli", "Macina", "Sokolo", "Fana"]},
      {"name": "Sikasso Region", "cities": ["Sikasso", "Bougouni", "Koutiala", "Kadiolo", "Kolondiéba", "Yanfolila", "Yorosso", "Bla", "Diéma", "Niena"]},
      {"name": "Taoudénit Region", "cities": ["Taoudenni", "Abeïbara", "Tessalit", "Tin-Essako", "Al-Ourche", "Tidermène"]},
      {"name": "Tombouctou Region", "cities": ["Tombouctou", "Diré", "Goundam", "Niafunké", "Bamba", "Alafia", "Ras El Ma", "Soboundou", "Tonka"]}
    ]
  },
  {
    "country": "Malta",
    "currencyCode": "EUR",
    "currencyName": "Euro",
    "states": [
      {"name": "Attard", "cities": ["Attard"]},
      {"name": "Balzan", "cities": ["Balzan"]},
      {"name": "Birgu", "cities": ["Birgu"]},
      {"name": "Birkirkara", "cities": ["Birkirkara"]},
      {"name": "Birżebbuġa", "cities": ["Birżebbuġa"]},
      {"name": "Cospicua", "cities": ["Cospicua"]},
      {"name": "Dingli", "cities": ["Dingli"]},
      {"name": "Fgura", "cities": ["Fgura"]},
      {"name": "Floriana", "cities": ["Floriana"]},
      {"name": "Fontana", "cities": ["Fontana"]},
      {"name": "Għajnsielem", "cities": ["Għajnsielem"]},
      {"name": "Għarb", "cities": ["Għarb"]},
      {"name": "Għargħur", "cities": ["Għargħur"]},
      {"name": "Għasri", "cities": ["Għasri"]},
      {"name": "Għaxaq", "cities": ["Għaxaq"]},
      {"name": "Gudja", "cities": ["Gudja"]},
      {"name": "Gżira", "cities": ["Gżira"]},
      {"name": "Ħamrun", "cities": ["Ħamrun"]},
      {"name": "Iklin", "cities": ["Iklin"]},
      {"name": "Kalkara", "cities": ["Kalkara"]},
      {"name": "Kerċem", "cities": ["Kerċem"]},
      {"name": "Kirkop", "cities": ["Kirkop"]},
      {"name": "Lija", "cities": ["Lija"]},
      {"name": "Luqa", "cities": ["Luqa"]},
      {"name": "Marsa", "cities": ["Marsa"]},
      {"name": "Marsaskala", "cities": ["Marsaskala"]},
      {"name": "Marsaxlokk", "cities": ["Marsaxlokk"]},
      {"name": "Mdina", "cities": ["Mdina"]},
      {"name": "Mellieħa", "cities": ["Mellieħa"]},
      {"name": "Mġarr", "cities": ["Mġarr"]},
      {"name": "Mosta", "cities": ["Mosta"]},
      {"name": "Mqabba", "cities": ["Mqabba"]},
      {"name": "Msida", "cities": ["Msida"]},
      {"name": "Mtarfa", "cities": ["Mtarfa"]},
      {"name": "Munxar", "cities": ["Munxar"]},
      {"name": "Nadur", "cities": ["Nadur"]},
      {"name": "Naxxar", "cities": ["Naxxar"]},
      {"name": "Paola", "cities": ["Paola"]},
      {"name": "Pembroke", "cities": ["Pembroke"]},
      {"name": "Pietà", "cities": ["Pietà"]},
      {"name": "Qala", "cities": ["Qala"]},
      {"name": "Qormi", "cities": ["Qormi"]},
      {"name": "Qrendi", "cities": ["Qrendi"]},
      {"name": "Rabat", "cities": ["Rabat"]},
      {"name": "Safi", "cities": ["Safi"]},
      {"name": "Saint Julian's", "cities": ["Saint Julian's"]},
      {"name": "Saint John", "cities": ["Saint John"]},
      {"name": "Saint Lawrence", "cities": ["Saint Lawrence"]},
      {"name": "Saint Paul's Bay", "cities": ["Saint Paul's Bay"]},
      {"name": "Sannat", "cities": ["Sannat"]},
      {"name": "Santa Luċija", "cities": ["Santa Luċija"]},
      {"name": "Santa Venera", "cities": ["Santa Venera"]},
      {"name": "Siġġiewi", "cities": ["Siġġiewi"]},
      {"name": "Sliema", "cities": ["Sliema"]},
      {"name": "Swieqi", "cities": ["Swieqi"]},
      {"name": "Ta' Xbiex", "cities": ["Ta' Xbiex"]},
      {"name": "Tarxien", "cities": ["Tarxien"]},
      {"name": "Valletta", "cities": ["Valletta"]},
      {"name": "Victoria", "cities": ["Victoria"]},
      {"name": "Xagħra", "cities": ["Xagħra"]},
      {"name": "Xewkija", "cities": ["Xewkija"]},
      {"name": "Xgħajra", "cities": ["Xgħajra"]},
      {"name": "Żabbar", "cities": ["Żabbar"]},
      {"name": "Żebbuġ Gozo", "cities": ["Żebbuġ Gozo"]},
      {"name": "Żebbuġ Malta", "cities": ["Żebbuġ Malta"]},
      {"name": "Żejtun", "cities": ["Żejtun"]},
      {"name": "Żurrieq", "cities": ["Żurrieq"]}
    ]
  },
  {
    "country": "Marshall Islands",
    "currencyCode": "USD",
    "currencyName": "United States Dollar",
    "states": [
      {"name": "Ailinglaplap Atoll", "cities": ["Jeh", "Airok", "Biken", "Enewetak", "Jabwor", "Mejajok", "Woja"]},
      {"name": "Ailuk Atoll", "cities": ["Ailuk", "Ajejen", "Aliej", "Anil", "Biken", "Enejelar", "Enewetak"]},
      {"name": "Arno Atoll", "cities": ["Arno", "Bikarej", "Ine", "Jabwor", "Langor", "Longar", "Lukoj", "Matolen", "Tobolar"]},
      {"name": "Aur Atoll", "cities": ["Aur", "Bigen", "Ine", "Tabal", "Tobal"]},
      {"name": "Bikini Atoll", "cities": ["Bikini", "Eneu", "Enidrik", "Enjebi", "Enmat", "Ennak", "Enubirr", "Enumanet"]},
      {"name": "Ebon Atoll", "cities": ["Ebon", "Enilok", "Enirak", "Jabnoren", "Jabwor", "Jaluit", "Namdrik"]},
      {"name": "Enewetak Atoll", "cities": ["Enewetak", "Enjebi", "Enmat", "Ennak", "Enubirr", "Enumanet", "Japtan", "Medren"]},
      {"name": "Jabat Island", "cities": ["Jabat"]},
      {"name": "Jaluit Atoll", "cities": ["Jabor", "Imroj", "Jabnoren", "Jabwor", "Jaluit", "Mejatto", "Mejendon", "Mile"]},
      {"name": "Kili Island", "cities": ["Kili"]},
      {"name": "Kwajalein Atoll", "cities": ["Ebeye", "Ennylabegan", "Enubuj", "Gugeegue", "Meck", "Namur", "Roi-Namur"]},
      {"name": "Lae Atoll", "cities": ["Lae", "Bigen", "Ine", "Lae", "Loen", "Mile", "Rongelap"]},
      {"name": "Lib Island", "cities": ["Lib"]},
      {"name": "Likiep Atoll", "cities": ["Likiep", "Aelok", "Ajejen", "Aliej", "Anil", "Biken", "Enejelar"]},
      {"name": "Majuro Atoll", "cities": ["Majuro", "Ajeltake", "Laura", "Rita", "Uliga", "Woja"]},
      {"name": "Maloelap Atoll", "cities": ["Taroa", "Aur", "Kaven", "Takatok", "Tobal"]},
      {"name": "Mejit Island", "cities": ["Mejit"]},
      {"name": "Mili Atoll", "cities": ["Mili", "Enejet", "Lukoj", "Matolen", "Nallo", "Tokewa"]},
      {"name": "Namdrik Atoll", "cities": ["Namdrik", "Ebon", "Enirak", "Jabnoren", "Jabwor", "Jaluit"]},
      {"name": "Namu Atoll", "cities": ["Namu", "Biken", "Enewetak", "Jabwor", "Mejajok", "Woja"]},
      {"name": "Rongelap Atoll", "cities": ["Rongelap", "Enemanet", "Eniabuk", "Eniibuk", "Enilok", "Enirak", "Ennugen", "Enubirr"]},
      {"name": "Ujae Atoll", "cities": ["Ujae", "Biken", "Enewetak", "Jabwor", "Mejajok", "Woja"]},
      {"name": "Utirik Atoll", "cities": ["Utirik", "Ailuk", "Ajejen", "Aliej", "Anil", "Biken", "Enejelar"]},
      {"name": "Wotho Atoll", "cities": ["Wotho", "Biken", "Enewetak", "Jabwor", "Mejajok", "Woja"]},
      {"name": "Wotje Atoll", "cities": ["Wotje", "Ajejen", "Aliej", "Anil", "Biken", "Enejelar", "Enewetak"]}
    ]
  },
  {
    "country": "Mauritania",
    "currencyCode": "MRU",
    "currencyName": "Mauritanian Ouguiya",
    "states": [
      {"name": "Adrar Region", "cities": ["Atar", "Chinguetti", "Ouadane", "Tichit", "Tidjikja", "Aoujeft", "Boutilimit"]},
      {"name": "Assaba Region", "cities": ["Kiffa", "Barkéol", "Boumdeid", "Guerou", "Kankossa", "Mbout", "Sélibaby"]},
      {"name": "Brakna Region", "cities": ["Aleg", "Bababé", "Boghé", "M'Bagne", "Magta-Lahjar", "Monguel", "Rosso"]},
      {"name": "Dakhlet Nouadhibou", "cities": ["Nouadhibou", "Cansado", "Choum", "Nouamghar", "Tichla"]},
      {"name": "Gorgol Region", "cities": ["Kaédi", "Bareina", "Dafort", "Lexeiba", "M'Bout", "Maghama", "Sélibaby"]},
      {"name": "Guidimaka Region", "cities": ["Sélibaby", "Beneamane", "Ghabou", "Guerou", "Ould Yengé", "Tachott", "Tintane"]},
      {"name": "Hodh Ech Chargui Region", "cities": ["Néma", "Bassiknou", "Djiguenni", "Oualata", "Timbedra", "Touil", "Bousteila"]},
      {"name": "Hodh El Gharbi Region", "cities": ["Ayoun el Atrous", "Kobenni", "Tamchekket", "Tintane", "Touil", "Bousteila"]},
      {"name": "Inchiri Region", "cities": ["Akjoujt", "Benichab", "Bousteila", "M'Hajer", "Nouakchott", "Tidjikja"]},
      {"name": "Nouakchott-Nord Region", "cities": ["Dar Naim", "Tevragh-Zeina", "Toujounine"]},
      {"name": "Nouakchott-Ouest Region", "cities": ["Ksar", "Sebkha", "Tevragh-Zeina"]},
      {"name": "Nouakchott-Sud Region", "cities": ["Arafat", "El Mina", "Riyad", "Sebkha"]},
      {"name": "Tagant Region", "cities": ["Tidjikja", "Moudjeria", "Tichit", "Tin-Essako"]},
      {"name": "Tiris Zemmour Region", "cities": ["Zouérat", "Bir Moghrein", "F'dérik", "Nouadhibou", "Tichla"]},
      {"name": "Trarza Region", "cities": ["Rosso", "Boutilimit", "Keur Macène", "Mederdra", "Ouad Naga", "R'Kiz"]}
    ]
  },
  {
    "country": "Mauritius",
    "currencyCode": "MUR",
    "currencyName": "Mauritian Rupee",
    "states": [
      {"name": "Agaléga", "cities": ["Vingt Cinq"]},
      {"name": "Black River", "cities": ["Bambous", "Case Noyale", "Chamarel", "La Gaulette", "Le Morne", "Petite Rivière", "Tamarin"]},
      {"name": "Cargados Carajos", "cities": ["Raphael", "St. Brandon"]},
      {"name": "Flacq", "cities": ["Centre de Flacq", "Bel Étang", "Brisée Verdière", "Grande Retraite", "Lalmatie", "Medine Camp de Masque", "Olivia", "Quatre Cocos", "Quatre Soeurs", "Saint Julien", "Sebastopol"]},
      {"name": "Grand Port", "cities": ["Mahébourg", "Bambous Virieux", "Beau Vallon", "Bois des Amourettes", "Cluny", "Grand Bel Air", "Grand Sable", "Mare La Chaux", "Nouvelle France", "Old Grand Port", "Plaine Magnien", "Rivière des Créoles", "Rose Belle", "Saint Hubert"]},
      {"name": "Moka", "cities": ["Moka", "Camp Thorel", "Dagotière", "D'Epinay", "La Laura-Malenga", "L'Avenir", "Melrose", "Montagne Blanche", "Pailles", "Quartier Militaire", "Rivière des Anguilles", "Saint Pierre", "Verdun"]},
      {"name": "Pamplemousses", "cities": ["Triolet", "Baie du Tombeau", "Camp de Masque", "Cap Malheureux", "Grand Baie", "Grand Gaube", "Labourdonnais", "Le Hochet", "Long Mountain", "Morcellement St André", "Notre Dame", "Pavé", "Piton", "Plaine des Papayes", "Pointe aux Piments", "Terre Rouge"]},
      {"name": "Plaines Wilhems", "cities": ["Beau Bassin-Rose Hill", "Curepipe", "Quatre Bornes", "Vacoas-Phoenix", "Barkly", "Forest Side", "La Caverne", "St. Pierre", "Valentina"]},
      {"name": "Port Louis", "cities": ["Port Louis", "Cité La Cure", "Cité Vallijee", "Grand River North West", "Les Salines", "Pailles", "Plaine Verte", "Roche Bois", "Ste. Croix", "Tranquebar"]},
      {"name": "Rivière du Rempart", "cities": ["Mapou", "Amaury", "Belle Vue Maurel", "Bonne Mère", "Espérance Trébuchet", "Goodlands", "Grande Retraite", "L'Amitié", "Piton", "Plaine des Roches", "Rivière du Rempart", "Roche Terre", "The Vale", "Triolet"]},
      {"name": "Rivière Noire", "cities": ["Bambous", "Case Noyale", "Chamarel", "La Gaulette", "Le Morne", "Petite Rivière", "Tamarin"]},
      {"name": "Rodrigues", "cities": ["Port Mathurin", "Baie aux Huîtres", "Grand Baie", "La Ferme", "Malabar", "Mont Lubin", "Port Sud-Est", "Saint Gabriel"]},
      {"name": "Savanne", "cities": ["Souillac", "Baie du Cap", "Bel Ombre", "Bois Chéri", "Britannia", "Chemin Grenier", "Grand Bois", "Rivière des Anguilles", "Saint Aubin", "Tyack"]}
    ]
  }
]