[
  {
    "country": "Mauritius",
    "currencyCode": "MUR",
    "currencyName": "Mauritian Rupee",
    "states": [
      {"name": "Agaléga", "cities": ["Vingt Cinq", "La Fourche", "St. Rita"]},
      {"name": "Black River", "cities": ["Bambous", "Case Noyale", "Chamarel", "Grande Rivière Noire", "Gros Cailloux", "La Gaulette", "Le Morne", "Petite Rivière", "Rivière Noire", "Tamarin"]},
      {"name": "Flacq", "cities": ["Centre de Flacq", "Bel Étang", "Belle Mare", "Brisée Verdière", "Camp de Masque", "Camp Ithier", "Clémencia", "Ecroignard", "Grande Retraite", "Lalmatie", "Medine-Camp de Masque", "Olivia", "Poste de Flacq", "Quatre Cocos", "Quatre Soeurs", "Queen Victoria", "Saint Julien", "Sebastopol", "Trou d'Eau Douce"]},
      {"name": "Grand Port", "cities": ["Mahébourg", "Bambous Virieux", "Bananes", "Beau Vallon", "Bois des Amourettes", "Cluny", "Grand Bel Air", "Grand Sable", "L'Escalier", "Mare La Chaux", "Mare Tabac", "New Grove", "Nouvelle France", "Petit Bel Air", "Plaine Magnien", "Rivière des Créoles", "Rose Belle", "Saint Hubert", "Vieux Grand Port"]},
      {"name": "Moka", "cities": ["Moka", "Camp Thorel", "Dagotière", "D'Epinay", "L'Avenir", "Melrose", "Montagne Blanche", "Pailles", "Providence", "Quartier Militaire", "Rivière Baptiste", "Saint Pierre", "Verdun"]},
      {"name": "Pamplemousses", "cities": ["Triolet", "Baie du Tombeau", "Calodyne", "Crève Coeur", "D'Épinay", "Fond du Sac", "Le Hochet", "Long Mountain", "Morcellement Saint André", "Notre Dame", "Pamplemousses", "Plaine des Papayes", "Pointe aux Piments", "Terre Rouge", "Ville Bague"]},
      {"name": "Plaines Wilhems", "cities": ["Beau Bassin-Rose Hill", "Curepipe", "Quatre Bornes", "Vacoas-Phoenix", "Barkly", "Camp de Masque Pavé", "Cascavelle", "Ebène", "Floréal", "Midlands", "Pailles", "Phoenix", "Saint Jean", "Stanley", "Valentina"]},
      {"name": "Port Louis", "cities": ["Port Louis", "Cité La Cure", "Cité Vallijee", "Grand River North West", "Les Salines", "Pailles", "Plaine Verte", "Roche Bois", "Ste. Croix", "Tranquebar"]},
      {"name": "Rivière du Rempart", "cities": ["Mapou", "Amaury", "Cap Malheureux", "Cottage", "Espérance Trébuchet", "Goodlands", "Grand Baie", "Grand Gaube", "Labourdonnais", "Piton", "Plaine des Roches", "Poudre d'Or", "Rivière du Rempart", "Roche Terre", "The Vale"]},
      {"name": "Rivière Noire", "cities": ["Bambous", "Case Noyale", "Chamarel", "Grande Rivière Noire", "Gros Cailloux", "La Gaulette", "Le Morne", "Petite Rivière", "Rivière Noire", "Tamarin"]},
      {"name": "Rodrigues", "cities": ["Port Mathurin", "Baie aux Huîtres", "La Ferme", "Malabar", "Mont Lubin", "Petit Gabriel", "Port Sud-Est", "Saint Gabriel", "Terre Rouge"]},
      {"name": "Savanne", "cities": ["Souillac", "Baie du Cap", "Bel Ombre", "Bois Chéri", "Britannia", "Camp Diable", "Chamouny", "Chemin Grenier", "Grand Bois", "Rivière des Anguilles", "Saint Aubin", "Surinam", "Tyack"]}
    ]
  },
  {
    "country": "Mexico",
    "currencyCode": "MXN",
    "currencyName": "Mexican Peso",
    "states": [
      {"name": "Aguascalientes", "cities": ["Aguascalientes", "Calvillo", "Cosío", "Jesús María", "Pabellón de Arteaga", "Rincón de Romos", "San Francisco de los Romo", "San José de Gracia", "Tepezalá"]},
      {"name": "Baja California", "cities": ["Mexicali", "Tijuana", "Ensenada", "Playas de Rosarito", "Tecate", "San Felipe", "San Quintín", "Ciudad Morelos", "Colonia Venustiano Carranza", "El Sauzal", "Guadalupe Victoria", "La Mesa", "Los Algodones", "Maneadero", "Rodolfo Sánchez Taboada"]},
      {"name": "Baja California Sur", "cities": ["La Paz", "Cabo San Lucas", "San José del Cabo", "Ciudad Constitución", "Guerrero Negro", "Loreto", "Santa Rosalía", "Todos Santos", "Villa Morelos", "Buena Vista", "El Pescadero", "El Sargento", "La Ventana", "Los Barriles", "Puerto Adolfo López Mateos", "San Juan de los Planes"]},
      {"name": "Campeche", "cities": ["Campeche", "Ciudad del Carmen", "Champotón", "Escárcega", "Candelaria", "Palizada", "Seybaplaya", "Sabancuy", "Isla Aguada", "Hopelchén", "Tenabo", "Hecelchakán", "Calkiní", "Dzitbalché"]},
      {"name": "Chiapas", "cities": ["Tuxtla Gutiérrez", "Tapachula", "San Cristóbal de las Casas", "Comitán", "Chiapa de Corzo", "Reforma", "Pichucalco", "Palenque", "Ocosingo", "Suchiate", "Tonalá", "Cintalapa", "Arriaga", "Villaflores", "Motozintla", "Huixtla", "Cacahoatán", "Yajalón", "Ocozocoautla", "Berriozábal"]},
      {"name": "Chihuahua", "cities": ["Chihuahua", "Ciudad Juárez", "Delicias", "Parral", "Cuauhtémoc", "Nuevo Casas Grandes", "Camargo", "Jiménez", "Meoqui", "Aldama", "Aquiles Serdán", "Bachíniva", "Bocoyna", "Casas Grandes", "Coronado", "Coyame", "Galeana", "Gran Morelos", "Guachochi", "Guadalupe", "Guadalupe y Calvo", "Guazapares", "Guerrero", "Hidalgo del Parral", "Huejotitán", "Ignacio Zaragoza", "Janos", "Jiménez", "Juárez", "Julimes", "López", "Madera", "Maguarichi", "Manuel Benavides", "Matachí", "Matamoros", "Meoqui", "Morelos", "Moris", "Namiquipa", "Nonoava", "Nuevo Casas Grandes", "Ocampo", "Ojinaga", "Praxedis G. Guerrero", "Riva Palacio", "Rosales", "Rosario", "San Francisco de Borja", "San Francisco de Conchos", "San Francisco del Oro", "Santa Bárbara", "Santa Isabel", "Satevó", "Saucillo", "Temósachic", "El Tule", "Urique", "Uruachi", "Valle de Zaragoza"]},
      {"name": "Coahuila", "cities": ["Saltillo", "Torreón", "Monclova", "Piedras Negras", "Acuña", "Matamoros", "Sabinas", "San Pedro", "Frontera", "Nava", "Ramos Arizpe", "Allende", "Arteaga", "Candela", "Castaños", "Cuatro Ciénegas", "Escobedo", "Francisco I. Madero", "General Cepeda", "Guerrero", "Hidalgo", "Jiménez", "Juárez", "Lamadrid", "Múzquiz", "Nadadores", "Ocampo", "Parras", "Progreso", "Sacramento", "Sierra Mojada", "Viesca", "Villa Unión", "Zaragoza"]},
      {"name": "Colima", "cities": ["Colima", "Manzanillo", "Tecomán", "Villa de Álvarez", "Armería", "Coquimatlán", "Comala", "Cuauhtémoc", "Ixtlahuacán", "Minatitlán"]},
      {"name": "Durango", "cities": ["Durango", "Gómez Palacio", "Lerdo", "Santiago Papasquiaro", "Canatlán", "Ciudad Lerdo", "El Salto", "Guadalupe Victoria", "Nazas", "Nombre de Dios", "Ocampo", "Peñón Blanco", "Poanas", "Pueblo Nuevo", "Rodeo", "San Bernardo", "San Juan del Río", "San Luis del Cordero", "San Pedro del Gallo", "Santa Clara", "Suchil", "Tamazula", "Tepehuanes", "Tlahualilo", "Topia", "Vicente Guerrero"]},
      {"name": "Guanajuato", "cities": ["León", "Irapuato", "Celaya", "Salamanca", "Guanajuato", "Silao", "San Miguel de Allende", "Dolores Hidalgo", "San Francisco del Rincón", "Pénjamo", "Acámbaro", "Apaseo el Alto", "Apaseo el Grande", "Coroneo", "Cortazar", "Cuerámaro", "Doctor Mora", "Huanímaro", "Jaral del Progreso", "Jerécuaro", "Manuel Doblado", "Moroleón", "Ocampo", "Pueblo Nuevo", "Purísima del Rincón", "Romita", "Salamanca", "Salvatierra", "San Diego de la Unión", "San Felipe", "San José Iturbide", "Santa Catarina", "Santa Cruz de Juventino Rosas", "Santiago Maravatío", "Tarandacuao", "Tarimoro", "Tierra Blanca", "Uriangato", "Valle de Santiago", "Victoria", "Villagrán", "Xichú", "Yuriria"]},
      {"name": "Guerrero", "cities": ["Acapulco", "Chilpancingo", "Iguala", "Zihuatanejo", "Taxco", "Chilapa", "Tixtla", "Atoyac", "Coyuca", "San Marcos", "Técpan", "Ayutla", "Buena Vista", "Ciudad Altamirano", "Copala", "Cuajinicuilapa", "Cuautepec", "Florencio Villarreal", "La Unión", "Marquelia", "Ometepec", "Petatlán", "San Luis Acatlán", "San Luis de La Loma", "Tlapehuala", "Xochistlahuaca"]},
      {"name": "Hidalgo", "cities": ["Pachuca", "Tulancingo", "Tizayuca", "Huejutla", "Actopan", "Apan", "Cuautepec", "Huichapan", "Ixmiquilpan", "Mixquiahuala", "Progreso", "Sahagún", "Tepeapulco", "Tepeji", "Tepetitlán", "Tetepango", "Tezontepec", "Tlahuelilpan", "Tlaxcoapan", "Tula", "Zacualtipán", "Zapotlán", "Zempoala"]},
      {"name": "Jalisco", "cities": ["Guadalajara", "Zapopan", "Tlaquepaque", "Tonalá", "Puerto Vallarta", "Lagos de Moreno", "El Salto", "Tepatitlán", "Tlajomulco", "Ocotlán", "Ciudad Guzmán", "Ameca", "Arandas", "Atotonilco", "Autlán", "Casimiro Castillo", "Chapala", "Cocula", "Encarnación", "Etzatlán", "El Grullo", "Ixtlahuacán", "Jalostotitlán", "Jamay", "Jesús María", "La Barca", "Magdalena", "Mascota", "Mazamitla", "Mexticacán", "Ojuelos", "Pihuamo", "San Juan de los Lagos", "San Miguel el Alto", "Sayula", "Tala", "Talpa", "Tamazula", "Tapalpa", "Tecolotlán", "Tequila", "Tomatlán", "Tonalá", "Tototlán", "Tuxpan", "Unión de Tula", "Valle de Guadalupe", "Villa Corona", "Villa Guerrero", "Villa Hidalgo", "Yahualica", "Zacoalco", "Zapotiltic", "Zapotlanejo"]}
    ]
  },
  {
    "country": "Micronesia",
    "currencyCode": "USD",
    "currencyName": "United States Dollar",
    "states": [
      {"name": "Chuuk State", "cities": ["Weno", "Tonoas", "Fefen", "Udot", "Uman", "Param", "Tol", "Romónum", "Fananu", "Oneop", "Losap", "Nama", "Pis-Losap", "Moch", "Ta", "Lekinioch", "Onei", "Piis-Emwar", "Piis-Paneu", "Ru", "Tamatam", "Kutu", "Makin", "Onari", "Onou", "Parem", "Piherarh", "Fanapanges", "Fono", "Uala"]},
      {"name": "Kosrae State", "cities": ["Tofol", "Lelu", "Malem", "Utwe", "Walung"]},
      {"name": "Pohnpei State", "cities": ["Kolonia", "Palikir", "Sokehs", "Nett", "U", "Madolenihmw", "Kitti", "Nukuoro", "Pingelap", "Mokil", "Pohnpei", "Ant Atoll", "Pakin Atoll", "Oroluk Atoll"]},
      {"name": "Yap State", "cities": ["Colonia", "Dalipebinaw", "Fanif", "Gagil", "Gilman", "Kanifay", "Maap", "Rull", "Rumung", "Tomil", "Weloy", "Fais", "Ulithi", "Woleai", "Eauripik", "Ifalik", "Lamotrek", "Elato", "Faraulap", "Gaferut", "Ngulu", "Satawal"]}
    ]
  },
  {
    "country": "Moldova",
    "currencyCode": "MDL",
    "currencyName": "Moldovan Leu",
    "states": [
      {"name": "Anenii Noi District", "cities": ["Anenii Noi", "Chetrosu", "Cobusca Nouă", "Cobusca Veche", "Delacău", "Florești", "Geamăna", "Hîrbovăț", "Maximovca", "Mereni", "Puhăceni", "Roșcani", "Speia", "Șerpeni", "Telița", "Todirești", "Varnița", "Zolotievca"]},
      {"name": "Bălți Municipality", "cities": ["Bălți", "Elizaveta", "Sadovoe"]},
      {"name": "Basarabeasca District", "cities": ["Basarabeasca", "Abaclia", "Bogdanovca", "Carabetovca", "Iordanovca", "Iserlia", "Ivanovca", "Sadaclia"]},
      {"name": "Bender Municipality", "cities": ["Bender", "Proteagailovca"]},
      {"name": "Briceni District", "cities": ["Briceni", "Balasinești", "Bălcăuți", "Beleavinți", "Bogdănești", "Bulboaca", "Caracușenii Noi", "Caracușenii Vechi", "Colicăuți", "Corjeuți", "Coteala", "Cotiujeni", "Criva", "Drepcăuți", "Grimăncăuți", "Halahora de Sus", "Hlina", "Larga", "Lipcani", "Mărcăuți", "Mărcăuții Noi", "Medveja", "Mihăileni", "Pavlovca", "Pererîta", "Slobozia-Șirăuți", "Tabani", "Tețcani", "Trebisăuți"]},
      {"name": "Cahul District", "cities": ["Cahul", "Alexandru Ioan Cuza", "Borceag", "Burlacu", "Chioselia", "Colibași", "Găvănoasa", "Larga Nouă", "Larga Veche", "Lebedenco", "Lopățica", "Lucești", "Manta", "Moscovei", "Pelinei", "Roșu", "Slobozia Mare", "Taraclia", "Tartaul", "Vadul lui Isac", "Văleni", "Zîrnești"]},
      {"name": "Călărași District", "cities": ["Călărași", "Bahmut", "Bravicea", "Buda", "Căbăiești", "Dereneu", "Dumbrava", "Frumoasa", "Hîrjauca", "Hîrbovăț", "Leordoaia", "Meleșeni", "Nișcani", "Onișcani", "Oricova", "Păulești", "Pitușca", "Răciula", "Rădeni", "Sadova", "Săseni", "Schinoasa", "Seliștea Nouă", "Tuzara", "Ursari", "Vărzărești"]},
      {"name": "Cantemir District", "cities": ["Cantemir", "Acui", "Antonești", "Baimaclia", "Cania", "Capaclia", "Chioselia", "Cîșla", "Ciobalaccia", "Cîrpești", "Cîșla", "Coștangalia", "Enichioi", "Gotești", "Haragîș", "Lărguța", "Leca", "Pleșeni", "Plopi", "Porumbești", "Sadîc", "Șamalia", "Șofranovca", "Tartaul", "Toceni", "Țiganca", "Vîlcele", "Vișniovca"]},
      {"name": "Căușeni District", "cities": ["Căușeni", "Baccealia", "Baimaclia", "Chircăiești", "Chircăieștii Noi", "Cîrnățeni", "Cîrnățenii Noi", "Cîrnățenii Vechi", "Copanca", "Coșcalia", "Fîrlădeni", "Gîsca", "Grigorievca", "Hagimus", "Opaci", "Pervomaisc", "Plop-Știubei", "Săiți", "Sălcuța", "Taraclia", "Tănătari", "Tocuz", "Ucrainca", "Ursoaia", "Zaim", "Zviozdocica"]},
      {"name": "Chișinău Municipality", "cities": ["Chișinău", "Băcioi", "Bubuieci", "Budești", "Ciorescu", "Colonița", "Condrița", "Cruzești", "Durlești", "Ghidișeni", "Goian", "Grătiești", "Stăuceni", "Tohatin", "Vadul lui Vodă", "Vatra"]},
      {"name": "Cimișlia District", "cities": ["Cimișlia", "Albina", "Batîr", "Cenac", "Ciucur-Mingir", "Codreni", "Coștangalia", "Dimitrovca", "Fetița", "Găureni", "Gradiște", "Hîrtop", "Ialpug", "Ialpujeni", "Iurievca", "Ivanovca", "Javgur", "Lipoveni", "Marienfeld", "Mihailovca", "Munteni", "Porumbești", "Sagaidac", "Sagaidacul Nou", "Satul Nou", "Schinoșica", "Selemet", "Suric", "Topala", "Troițcoe", "Valea Perjei"]},
      {"name": "Criuleni District", "cities": ["Criuleni", "Bălăbănești", "Bălășești", "Bălțata", "Boșcana", "Cimișeni", "Corjova", "Coșernița", "Cruglic", "Dolinnoe", "Drăsliceni", "Dubăsari", "Hîrtop", "Hrușova", "Ișnovăț", "Izbiște", "Jevreni", "Măgdăcești", "Mălăiești", "Mălăieștii Noi", "Mălăieștii Vechi", "Onițcani", "Pașcani", "Răculești", "Rîșcova", "Slobozia-Dușca", "Vădeni", "Zăicana", "Zolonceni"]},
      {"name": "Dondușeni District", "cities": ["Dondușeni", "Arionești", "Barabani", "Briceni", "Caraiman", "Cernița", "Clococenii Vechi", "Codreni", "Corpaci", "Crișcăuți", "Dondușeni", "Elizavetovca", "Frasin", "Horodiște", "Moșana", "Octeabriscoe", "Pivniceni", "Plop", "Pocrovca", "Redi-Cereșnovăț", "Scăieni", "Sudarca", "Teleșeuca", "Tirnova", "Țaul", "Valea Rusului"]}
    ]
  }
]