[
  {
    "country": "Moldova",
    "currencyCode": "MDL",
    "currencyName": "Moldovan Leu",
    "states": [
      {"name": "Soroca District", "cities": ["Soroca", "Bădiceni", "Băxani", "Bulboci", "Căinarii Vechi", "Cobîlea", "Cosăuți", "Cremenciug", "Dumbrăveni", "Egoreni", "Holoșnița", "Iarova", "Nimereuca", "Oclanda", "Parcani", "Pîrlița", "Racovăț", "Rădăuți", "Regina Maria", "Rublenița", "Schineni", "Stoicani", "Șolcani", "Tătărăuca", "Tolocănești", "Vădeni", "Valea", "Vasilcău", "Visoca", "Volovița", "Zastînca"]},
      {"name": "Strășeni District", "cities": ["Strășeni", "Bălănești", "Bucovăț", "Căpriana", "Chirianca", "Cojușna", "Dănuțeni", "Gălești", "Ghelăuza", "Greblești", "Groznița", "Hănești", "Lăpușna", "Mărtinești", "Miclești", "Micăuți", "Negrești", "Onești", "Pănășești", "Rădeni", "Recea", "Romănești", "Roșcani", "Scoreni", "Sireți", "Tătărești", "Țigănești", "Voinova", "Vorniceni", "Zamciogi", "Zubrești"]},
      {"name": "Șoldănești District", "cities": ["Șoldănești", "Alcedar", "Chipeșca", "Ciopleni", "Cot", "Cotiujenii Mari", "Cușelăuca", "Cușmirca", "Dobrușa", "Fuzăuca", "Găuzeni", "Glinjeni", "Mihuleni", "Olișcani", "Parcani", "Pohoarna", "Răspopeni", "Rogojeni", "Salcia", "Sămășcani", "Șestaci", "Șipca", "Vadul-Rașcov", "Zahorna"]},
      {"name": "Ștefan Vodă District", "cities": ["Ștefan Vodă", "Alava", "Antonești", "Bănești", "Brezoaia", "Carahasani", "Căplani", "Cioburciu", "Copceac", "Crasnencoe", "Crasnoe", "Fîrlădeni", "Gavrilovca", "Marianca de Sus", "Olănești", "Palanca", "Popeasca", "Purcari", "Răscăeți", "Semionovca", "Slobozia", "Ștefănești", "Talmaza", "Tudora", "Volintiri"]},
      {"name": "Taraclia District", "cities": ["Taraclia", "Albota de Jos", "Albota de Sus", "Aluatu", "Balabanu", "Budăi", "Cairaclia", "Cealîc", "Chirilovca", "Ciumai", "Corten", "Cortenul Nou", "Dermengi", "Mihailovca", "Mirnoe", "Novosiolovca", "Orehovca", "Salcia", "Tvardița", "Valea Perjei", "Vinogradovca"]},
      {"name": "Telenești District", "cities": ["Telenești", "Bănești", "Băneștii Noi", "Băneștii Vechi", "Bogzești", "Brînzenii Noi", "Brînzenii Vechi", "Budăi", "Căzănești", "Chițcanii Noi", "Chițcanii Vechi", "Cîșla", "Codrul Nou", "Codrul Vechi", "Cordăreni", "Corpaci", "Coșcodeni", "Coșernița", "Crihana", "Crihana Veche", "Dobrușa", "Flutura", "Găvănoasa", "Ghindești", "Hînecăuți", "Hîrtop", "Inești", "Leușeni", "Mîndra", "Mîndrești", "Nucăreni", "Pistruieni", "Rădoaia", "Sărata-Mereșeni", "Scorțeni", "Suhuluceni", "Țânțăreni", "Văsieni", "Verejeni", "Zahareuca", "Zăicani", "Zăluceni"]},
      {"name": "Ungheni District", "cities": ["Ungheni", "Agronomovca", "Alexeevca", "Boghenii Noi", "Boghenii Vechi", "Buciumeni", "Bumbăta", "Burghelea", "Burlănești", "Buzduganii de Jos", "Buzduganii de Sus", "Căzănești", "Chirileni", "Cioropcani", "Condrătești", "Cornești", "Cornova", "Costuleni", "Coșeni", "Coșula", "Drujba", "Dumbrava", "Floreni", "Florești", "Frasin", "Frasin", "Găureni", "Ghelăuza", "Ghiduleni", "Ghindești", "Gura Camencii", "Hîrcești", "Hîrjauca", "Hîrtop", "Izvoraș", "Lidovca", "Măgura", "Măgura Nouă", "Măgura Veche", "Mălăiești", "Mălăieștii Noi", "Mălăieștii Vechi", "Mărăndeni", "Mărășești", "Mărinești", "Mihailovca", "Mîndra", "Mîndîc", "Năpădeni", "Nicolaevca", "Ocnița", "Pietrosu", "Pîrlița", "Pocrovca", "Pogănești", "Popeni", "Pruteni", "Rădoaia", "Rădeni", "Rădenii Vechi", "Răuseni", "Redi-Cereșnovăț", "Rîșcani", "Sărata", "Sărata Nouă", "Sărata Veche", "Scumpia", "Seliște", "Seliștea", "Seliștea Nouă", "Sofia", "Șolcani", "Ștefănești", "Tătărășeni", "Tătărășenii Noi", "Tătărășenii Vechi", "Teleșeuca", "Tîrnova", "Todirești", "Trifești", "Țapoc", "Țîpordei", "Țîporeni", "Ustia", "Valea Rusului", "Văleni", "Văratic", "Văscăuți", "Verejeni", "Viișoara", "Vladimirești", "Voitovici", "Zahareuca", "Zaim", "Zăicani", "Zăluceni", "Zgărdieni", "Zgurița"]}
    ]
  },
  {
    "country": "Monaco",
    "currencyCode": "EUR",
    "currencyName": "Euro",
    "states": [
      {"name": "Monaco", "cities": ["Monaco-Ville", "Monte Carlo", "La Condamine", "Fontvieille", "Moneghetti", "Larvotto", "Saint-Roman", "La Colle", "Les Révoires", "Saint-Michel", "Le Portier"]}
    ]
  },
  {
    "country": "Mongolia",
    "currencyCode": "MNT",
    "currencyName": "Mongolian Tögrög",
    "states": [
      {"name": "Arkhangai Province", "cities": ["Tsetserleg", "Erdenemandal", "Tariat", "Jargalant", "Ikh-Tamir", "Ögii", "Khashaat", "Bulgan", "Chuluut", "Tsenkher", "Battsengel", "Ölziit", "Khairkhan", "Tsakhir", "Undur-Ulaan"]},
      {"name": "Bayan-Ölgii Province", "cities": ["Ölgii", "Altai", "Altantsögts", "Bayannuur", "Bugat", "Bulgan", "Buyant", "Deluun", "Nogoonnuur", "Sagsai", "Tolbo", "Tsagaannuur", "Ulaankhus"]},
      {"name": "Bayankhongor Province", "cities": ["Bayankhongor", "Bayanbulag", "Bayan-Ovoo", "Bayan-Undur", "Baatsagaan", "Bogd", "Büren", "Erdenetsogt", "Galuut", "Gurvanbulag", "Jargalant", "Jinst", "Khureemaral", "Ölziit", "Shinejinst", "Zag"]},
      {"name": "Bulgan Province", "cities": ["Bulgan", "Bayan-Agt", "Bugat", "Büregkhangai", "Dashinchilen", "Gurvanbulag", "Khangal", "Khishig-Öndör", "Mogod", "Orkhon", "Rashaant", "Saikhan", "Selenge", "Teshig"]},
      {"name": "Darkhan-Uul Province", "cities": ["Darkhan", "Orkhon", "Khongor", "Sharyngol"]},
      {"name": "Dornod Province", "cities": ["Choibalsan", "Bayandun", "Bayantümen", "Bayan-Uul", "Bulgan", "Chuluunkhoroot", "Dashbalbar", "Gurvanzagal", "Kherlen", "Khölönbuir", "Matad", "Sergelen", "Tsagaan-Ovoo"]},
      {"name": "Dornogovi Province", "cities": ["Sainshand", "Airag", "Altanbulag", "Dalanjargalan", "Delgerekh", "Erdenedalai", "Ikh-Khet", "Mandal", "Örgön", "Saikhandulaan", "Ulaanbadrakh", "Zamiin-Uud"]},
      {"name": "Dundgovi Province", "cities": ["Mandalgovi", "Adaatsag", "Bayanjargalan", "Delgerkhangai", "Deren", "Govi-Ugtaal", "Gurvansaikhan", "Lus", "Öndörshil", "Saikhan-Ovoo", "Saintsagaan", "Tsagaandelger"]},
      {"name": "Govi-Altai Province", "cities": ["Altai", "Bayan-Uul", "Biger", "Bugat", "Chandmani", "Darvi", "Delger", "Erdene", "Jargalan", "Khaliun", "Khökh morit", "Sharga", "Taishir", "Tögrög", "Tonkhil", "Tsogt", "Yesönbulag"]},
      {"name": "Govisümber Province", "cities": ["Choir", "Bayantal", "Shivee"]},
      {"name": "Khentii Province", "cities": ["Öndörkhaan", "Batshireet", "Bayan-Adarga", "Bayanmönkh", "Bayan-Ovoo", "Bayankhutag", "Binder", "Bor-Öndör", "Dadal", "Darkhan", "Delgerkhaan", "Galshar", "Jargaltkhaan", "Kherlen", "Mörön", "Norovlin", "Tsenkhermandal", "Umnudelger"]},
      {"name": "Khovd Province", "cities": ["Khovd", "Altai", "Bulgan", "Buyant", "Chandmani", "Darvi", "Dörgön", "Duut", "Erdenebüren", "Jargalant", "Mankhan", "Möst", "Myangad", "Tsetseg", "Uyench", "Zereg"]}
    ]
  }
]