[
  {
    "country": "Myanmar (Burma)",
    "currencyCode": "MMK",
    "currencyName": "Myanmar Kyat",
    "states": [
      {
        "name": "Ayeyarwady Region",
        "cities": ["Pathein", "Hinthada", "Myaungmya", "Ma-ubin", "Pyapon", "Labutta", "Wakema"]
      },
      {
        "name": "Bago Region",
        "cities": ["Bago", "Taungoo", "Pyay", "Tharyarwady", "Nattalin", "Letpadan"]
      },
      {
        "name": "Chin State",
        "cities": ["Hakha", "Falam", "Mindat", "Matupi", "Thantlang"]
      },
      {
        "name": "Kachin State",
        "cities": ["Myitkyina", "Bhamo", "Putao", "Waingmaw", "Mohnyin"]
      },
      {
        "name": "Kayah State",
        "cities": ["Loikaw", "Demoso", "Hpasawng", "Mese", "Shadaw"]
      },
      {
        "name": "Kayin State",
        "cities": ["Hpa-an", "Myawaddy", "Kawkareik", "Hlaingbwe", "Thandaung"]
      },
      {
        "name": "Magway Region",
        "cities": ["Magway", "Pakokku", "Minbu", "Thayet", "Gangaw", "Sidoktaya"]
      },
      {
        "name": "Mandalay Region",
        "cities": ["Mandalay", "Pyin Oo Lwin", "Kyaukse", "Meiktila", "Myingyan", "Yamethin"]
      },
      {
        "name": "Mon State",
        "cities": ["Mawlamyine", "Thaton", "Kyaikto", "Mudon", "Ye", "Bilin"]
      },
      {
        "name": "Naypyidaw Union Territory",
        "cities": ["Naypyidaw"]
      },
      {
        "name": "Rakhine State",
        "cities": ["Sittwe", "Thandwe", "Maungdaw", "Kyaukpyu", "Mrauk-U", "Buthidaung"]
      },
      {
        "name": "Sagaing Region",
        "cities": ["Sagaing", "Monywa", "Shwebo", "Kale", "Katha", "Yinmarbin"]
      },
      {
        "name": "Shan State",
        "cities": ["Taunggyi", "Lashio", "Kengtung", "Tachileik", "Muse", "Nyaungshwe"]
      },
      {
        "name": "Tanintharyi Region",
        "cities": ["Dawei", "Myeik", "Kawthaung", "Thayetchaung", "Palaw"]
      },
      {
        "name": "Yangon Region",
        "cities": ["Yangon", "Thanlyin", "Hlegu", "Hmawbi", "Taikkyi", "Kawhmu"]
      }
    ]
  },
  {
    "country": "Namibia",
    "currencyCode": "NAD",
    "currencyName": "Namibian Dollar",
    "states": [
      {
        "name": "Erongo",
        "cities": ["Swakopmund", "Walvis Bay", "Arandis", "Karibib", "Omaruru", "Henties Bay"]
      },
      {
        "name": "Hardap",
        "cities": ["Mariental", "Rehoboth", "Aranos", "Maltahöhe", "Gibeon"]
      },
      {
        "name": "Karas",
        "cities": ["Keetmanshoop", "Lüderitz", "Oranjemund", "Karasburg", "Berseba", "Warmbad"]
      },
      {
        "name": "Kavango East",
        "cities": ["Rundu", "Nkurenkuru", "Divundu", "Mupini"]
      },
      {
        "name": "Khomas",
        "cities": ["Windhoek", "Okahandja", "Rehoboth", "Gobabis", "Witvlei"]
      },
      {
        "name": "Kunene",
        "cities": ["Opuwo", "Outjo", "Kamanjab", "KhoriXas", "Sesfontein"]
      },
      {
        "name": "Ohangwena",
        "cities": ["Eenhana", "Oshikango", "Helao Nafidi", "Okongo", "Ondobe"]
      },
      {
        "name": "Omaheke",
        "cities": ["Gobabis", "Witvlei", "Leonardville", "Talismanus", "Otjinene"]
      },
      {
        "name": "Omusati",
        "cities": ["Outapi", "Okahao", "Oshikuku", "Ruacana", "Tsandi"]
      },
      {
        "name": "Oshana",
        "cities": ["Oshakati", "Ondangwa", "Ongwediva", "Uutapi", "Cuvelai"]
      },
      {
        "name": "Oshikoto",
        "cities": ["Tsumeb", "Omuthiya", "Oniipa", "Guinas", "Olukonda"]
      },
      {
        "name": "Otjozondjupa",
        "cities": ["Otjiwarongo", "Grootfontein", "Okahandja", "Okakarara", "Omatako"]
      },
      {
        "name": "Zambezi",
        "cities": ["Katima Mulilo", "Kongola", "Bukalo", "Sibbinda", "Linyanti"]
      }
    ]
  },
  {
    "country": "Nauru",
    "currencyCode": "AUD",
    "currencyName": "Australian Dollar",
    "states": [
      {
        "name": "Aiwo District",
        "cities": ["Aiwo"]
      },
      {
        "name": "Anabar District",
        "cities": ["Anabar"]
      },
      {
        "name": "Anetan District",
        "cities": ["Anetan"]
      },
      {
        "name": "Anibare District",
        "cities": ["Anibare"]
      },
      {
        "name": "Baiti District",
        "cities": ["Baiti"]
      },
      {
        "name": "Boe District",
        "cities": ["Boe"]
      },
      {
        "name": "Buada District",
        "cities": ["Buada"]
      },
      {
        "name": "Denigomodu District",
        "cities": ["Denigomodu"]
      },
      {
        "name": "Ewa District",
        "cities": ["Ewa"]
      },
      {
        "name": "Ijuw District",
        "cities": ["Ijuw"]
      },
      {
        "name": "Meneng District",
        "cities": ["Meneng"]
      },
      {
        "name": "Nibok District",
        "cities": ["Nibok"]
      },
      {
        "name": "Uaboe District",
        "cities": ["Uaboe"]
      },
      {
        "name": "Yaren District",
        "cities": ["Yaren"]
      }
    ]
  },
  {
    "country": "Nepal",
    "currencyCode": "NPR",
    "currencyName": "Nepalese Rupee",
    "states": [
      {
        "name": "Bagmati Province",
        "cities": ["Kathmandu", "Lalitpur", "Bhaktapur", "Pokhara", "Hetauda", "Dhulikhel", "Banepa", "Panauti"]
      },
      {
        "name": "Gandaki Province",
        "cities": ["Pokhara", "Baglung", "Gorkha", "Kaski", "Lamjung", "Manang", "Mustang", "Myagdi", "Nawalpur", "Parbat", "Syangja", "Tanahun"]
      },
      {
        "name": "Karnali Province",
        "cities": ["Birendranagar", "Jumla", "Dolpa", "Humla", "Kalikot", "Mugu", "Salyan", "Dailekh", "Jajarkot", "Rukum West"]
      },
      {
        "name": "Lumbini Province",
        "cities": ["Butwal", "Nepalgunj", "Ghorahi", "Tansen", "Bhairahawa", "Kapilvastu", "Arghakhanchi", "Gulmi", "Palpa", "Dang", "Pyuthan", "Rolpa", "Rukum East", "Banke", "Bardiya"]
      },
      {
        "name": "Madhesh Province",
        "cities": ["Janakpur", "Birgunj", "Kalaiya", "Jaleswar", "Malangawa", "Siraha", "Rajbiraj", "Dhanusha", "Mahottari", "Sarlahi", "Bara", "Parsa", "Rautahat", "Saptari"]
      },
      {
        "name": "Province No. 1",
        "cities": ["Biratnagar", "Dharan", "Itahari", "Bhadrapur", "Mechinagar", "Damak", "Ilam", "Jhapa", "Morang", "Sunsari", "Dhankuta", "Sankhuwasabha", "Terhathum", "Taplejung", "Panchthar", "Solukhumbu", "Khotang", "Okhaldhunga", "Udayapur", "Bhojpur"]
      },
      {
        "name": "Sudurpashchim Province",
        "cities": ["DhangaDhi", "Mahendranagar", "Tikapur", "Dipayal", "Baitadi", "Dadeldhura", "Darchula", "Achham", "Doti", "Bajhang", "Bajura", "Kailali", "Kanchanpur"]
      }
    ]
  },
  {
    "country": "Netherlands",
    "currencyCode": "EUR",
    "currencyName": "Euro",
    "states": [
      {
        "name": "Drenthe",
        "cities": ["Assen", "Emmen", "Hoogeveen", "Meppel", "Coevorden", "Borger"]
      },
      {
        "name": "Flevoland",
        "cities": ["Almere", "Lelystad", "Dronten", "Emmeloord", "Urk", "Zeewolde"]
      },
      {
        "name": "Friesland",
        "cities": ["Leeuwarden", "Drachten", "Sneek", "Heerenveen", "Harlingen", "Franeker"]
      },
      {
        "name": "Gelderland",
        "cities": ["Nijmegen", "Arnhem", "Apeldoorn", "Ede", "Doetinchem", "Zutphen", "Tiel", "Wageningen"]
      },
      {
        "name": "Groningen",
        "cities": ["Groningen", "Delfzijl", "Stadskanaal", "Veendam", "Winschoten", "Appingedam"]
      },
      {
        "name": "Limburg",
        "cities": ["Maastricht", "Heerlen", "Sittard-Geleen", "Venlo", "Roermond", "Kerkrade", "Valkenburg"]
      },
      {
        "name": "North Brabant",
        "cities": ["Eindhoven", "Tilburg", "Breda", "'s-Hertogenbosch", "Helmond", "Oss", "Roosendaal", "Waalwijk"]
      },
      {
        "name": "North Holland",
        "cities": ["Amsterdam", "Haarlem", "Zaanstad", "Haarlemmermeer", "Alkmaar", "Hilversum", "Amstelveen", "Purmerend"]
      },
      {
        "name": "Overijssel",
        "cities": ["Enschede", "Zwolle", "Deventer", "Almelo", "Hengelo", "Kampen", "Oldenzaal"]
      },
      {
        "name": "South Holland",
        "cities": ["Rotterdam", "The Hague", "Leiden", "Dordrecht", "Zoetermeer", "Delft", "Gouda", "Alphen aan den Rijn", "Spijkenisse"]
      },
      {
        "name": "Utrecht",
        "cities": ["Utrecht", "Amersfoort", "Zeist", "Nieuwegein", "Veenendaal", "Houten", "IJsselstein"]
      },
      {
        "name": "Zeeland",
        "cities": ["Middelburg", "Vlissingen", "Goes", "Terneuzen", "Hulst", "Zierikzee"]
      }
    ]
  }
]