[
  {
    "country": "New Zealand",
    "currencyCode": "NZD",
    "currencyName": "New Zealand Dollar",
    "states": [
      {
        "name": "North Island",
        "cities": ["Auckland", "Wellington", "Hamilton", "Tauranga", "Napier", "Hastings", "Palmerston North", "Gisborne", "New Plymouth", "Whangārei", "Rotorua", "Cambridge", "Taupō", "Masterton", "Levin", "Whanganui", "Pukekohe", "Tokoroa", "Hawera"]
      },
      {
        "name": "South Island",
        "cities": ["Christchurch", "Dunedin", "Nelson", "Invercargill", "Blenheim", "Timaru", "Ashburton", "Oamaru", "Queenstown", "Wanaka", "Greymouth", "Rangiora", "Gore", "Motueka", "Alexandra", "Kaikōura", "Cromwell", "Picton"]
      }
    ]
  },
  {
    "country": "Nicaragua",
    "currencyCode": "NIO",
    "currencyName": "Nicaraguan Córdoba",
    "states": [
      {
        "name": "Boaco",
        "cities": ["Boaco", "Camoapa", "San José del Remate", "San Lorenzo", "Santa Lucía", "Teustepe"]
      },
      {
        "name": "Carazo",
        "cities": ["Jinotepe", "Diriamba", "San Marcos", "Santa Teresa", "Dolores", "El Rosario", "La Conquista", "La Paz de Carazo"]
      },
      {
        "name": "Chinandega",
        "cities": ["Chinandega", "El Viejo", "Corinto", "Chichigalpa", "Posoltega", "El Realejo", "Puerto Morazán", "Somotillo", "Villanueva", "Santo Tomás del Norte"]
      },
      {
        "name": "Chontales",
        "cities": ["Juigalpa", "Acoyapa", "Comalapa", "Santo Domingo", "Santo Tomás", "Villa Sandino", "San Pedro de Lóvago", "La Libertad"]
      },
      {
        "name": "Estelí",
        "cities": ["Estelí", "Pueblo Nuevo", "Condega", "La Trinidad", "San Juan de Limay", "San Nicolás"]
      },
      {
        "name": "Granada",
        "cities": ["Granada", "Nandaime", "Diriá", "Diriomo"]
      },
      {
        "name": "Jinotega",
        "cities": ["Jinotega", "San Rafael del Norte", "San Sebastián de Yalí", "La Concordia", "El Cuá", "Santa María de Pantasma", "Wiwilí"]
      },
      {
        "name": "León",
        "cities": ["León", "La Paz Centro", "El Jicaral", "Larreynaga", "Nagarote", "Quezalguaque", "Santa Rosa del Peñón", "Telica"]
      },
      {
        "name": "Madriz",
        "cities": ["Somoto", "San Lucas", "Las Sabanas", "Palacagüina", "San José de Cusmapa", "Telpaneca", "Yalagüina", "Totogalpa"]
      },
      {
        "name": "Managua",
        "cities": ["Managua", "Tipitapa", "Ciudad Sandino", "San Rafael del Sur", "El Crucero", "Villa El Carmen", "Mateare", "Ticuantepe"]
      },
      {
        "name": "Masaya",
        "cities": ["Masaya", "Nindirí", "Catarina", "La Concepción", "Niquinohomo", "San Juan de Oriente", "Tisma", "Nandasmo"]
      },
      {
        "name": "Matagalpa",
        "cities": ["Matagalpa", "Sébaco", "Ciudad Darío", "San Isidro", "Terrabona", "San Dionisio", "Esquipulas", "Muy Muy", "Rancho Grande", "Río Blanco", "Tuma-La Dalia"]
      },
      {
        "name": "Nueva Segovia",
        "cities": ["Ocotal", "Jalapa", "Dipilto", "El Jícaro", "Ciudad Antigua", "Quilalí", "San Fernando", "Santa María", "Mozonte", "Macuelizo", "Murra", "Wiwilí"]
      },
      {
        "name": "Río San Juan",
        "cities": ["San Carlos", "El Almendro", "El Castillo", "Morrito", "San Miguelito", "Solentiname"]
      },
      {
        "name": "Rivas",
        "cities": ["Rivas", "San Jorge", "Buenos Aires", "Potosí", "Belén", "Tola", "San Juan del Sur", "Cárdenas", "Moyogalpa", "Altagracia"]
      },
      {
        "name": "North Caribbean Coast",
        "cities": ["Puerto Cabezas", "Waspan", "Bonanza", "Prinzapolka", "Rosita", "Siuna", "Wiwilí"]
      },
      {
        "name": "South Caribbean Coast",
        "cities": ["Bluefields", "Corn Island", "Desembocadura de Río Grande", "El Ayote", "El Rama", "El Tortuguero", "Kukra Hill", "La Cruz de Río Grande", "Laguna de Perlas", "Muelle de los Bueyes", "Nueva Guinea", "Paiwas"]
      }
    ]
  },
  {
    "country": "Niger",
    "currencyCode": "XOF",
    "currencyName": "West African CFA Franc",
    "states": [
      {
        "name": "Agadez Region",
        "cities": ["Agadez", "Arlit", "Dirkou", "Bilma", "Ingall", "Tchirozérine"]
      },
      {
        "name": "Diffa Region",
        "cities": ["Diffa", "N'Guigmi", "Maïné-Soroa", "Goudoumaria", "Bosso"]
      },
      {
        "name": "Dosso Region",
        "cities": ["Dosso", "Dogondoutchi", "Gaya", "Birni N'Gaouré", "Loga", "Tibiri"]
      },
      {
        "name": "Maradi Region",
        "cities": ["Maradi", "Tessaoua", "Dakoro", "Guidan Roumdji", "Madarounfa", "Mayahi", "Aguié"]
      },
      {
        "name": "Niamey Capital District",
        "cities": ["Niamey"]
      },
      {
        "name": "Tahoua Region",
        "cities": ["Tahoua", "Birni N'Konni", "Bouza", "Madaoua", "Illéla", "Keita", "Abalak", "Tchintabaraden"]
      },
      {
        "name": "Tillabéri Region",
        "cities": ["Tillabéri", "Ayorou", "Ouallam", "Téra", "Filingue", "Kollo", "Say", "Baleyara"]
      },
      {
        "name": "Zinder Region",
        "cities": ["Zinder", "Mirriah", "Magaria", "Matamèye", "Tanout", "Gouré", "Kantché", "Belbédji"]
      }
    ]
  },
  {
    "country": "Nigeria",
    "currencyCode": "NGN",
    "currencyName": "Nigerian Naira",
    "states": [
      {
        "name": "Abia",
        "cities": ["Umuahia", "Aba", "Ohafia", "Arochukwu", "Bende", "Obehie", "Abiriba"]
      },
      {
        "name": "Adamawa",
        "cities": ["Yola", "Mubi", "Jimeta", "Ganye", "Numan", "Song", "Gombi", "Mayo-Belwa"]
      },
      {
        "name": "Akwa Ibom",
        "cities": ["Uyo", "Eket", "Ikot Ekpene", "Oron", "Abak", "Ikot Abasi", "Etinan"]
      },
      {
        "name": "Anambra",
        "cities": ["Awka", "Onitsha", "Nnewi", "Ekwulobia", "Aguata", "Ihiala", "Otuocha"]
      },
      {
        "name": "Bauchi",
        "cities": ["Bauchi", "Azare", "Jama'are", "Katagum", "Misau", "Dass", "Tafawa Balewa", "Ningi"]
      },
      {
        "name": "Bayelsa",
        "cities": ["Yenagoa", "Brass", "Ogbia", "Sagbama", "Nembe", "Ekeremor", "Oporoma"]
      },
      {
        "name": "Benue",
        "cities": ["Makurdi", "Gboko", "Otukpo", "Katsina-Ala", "Zaki Biam", "Adikpo", "Vandeikya"]
      },
      {
        "name": "Borno",
        "cities": ["Maiduguri", "Bama", "Dikwa", "Biu", "Monguno", "Gwoza", "Damboa", "Askira"]
      },
      {
        "name": "Cross River",
        "cities": ["Calabar", "Ugep", "Ikom", "Ogoja", "Obudu", "Akamkpa", "Odukpani"]
      },
      {
        "name": "Delta",
        "cities": ["Asaba", "Warri", "Sapele", "Agbor", "Ughelli", "Ozoro", "Burutu", "Koko", "Patani"]
      },
      {
        "name": "Ebonyi",
        "cities": ["Abakaliki", "Afikpo", "Onueke", "Edda", "Uburu", "Ishieke", "Ezza"]
      },
      {
        "name": "Edo",
        "cities": ["Benin City", "Auchi", "Ekpoma", "Irrua", "Uromi", "Igueben", "Sabongida-Ora"]
      },
      {
        "name": "Ekiti",
        "cities": ["Ado Ekiti", "Ikere-Ekiti", "Effon Alaiye", "Ode-Ekiti", "Iju", "Igbara-Odo", "Efon-Alaaye"]
      },
      {
        "name": "Enugu",
        "cities": ["Enugu", "Nsukka", "Agbani", "Awgu", "Udi", "Oji River", "Nkanu"]
      },
      {
        "name": "Gombe",
        "cities": ["Gombe", "Kumo", "Dukku", "Bajoga", "Nafada", "Billiri", "Kaltungo"]
      },
      {
        "name": "Imo",
        "cities": ["Owerri", "Okigwe", "Orlu", "Mgbidi", "Oguta", "Awo-Omamma", "Ehime-Mbano"]
      },
      {
        "name": "Jigawa",
        "cities": ["Dutse", "Hadejia", "Gumel", "Kazaure", "Birnin Kudu", "Ringim", "Jahun"]
      },
      {
        "name": "Kaduna",
        "cities": ["Kaduna", "Zaria", "Kafanchan", "Saminaka", "Makarfi", "Kachia", "Ikara"]
      },
      {
        "name": "Kano",
        "cities": ["Kano", "Wudil", "Dawakin Tofa", "Gaya", "Rano", "Bunkure", "Tudun Wada"]
      },
      {
        "name": "Katsina",
        "cities": ["Katsina", "Funtua", "Daura", "Malumfashi", "Mani", "Dutsin-Ma", "Kankia"]
      },
      {
        "name": "Kebbi",
        "cities": ["Birnin Kebbi", "Argungu", "Yelwa", "Zuru", "Gwandu", "Jega", "Kamba"]
      },
      {
        "name": "Kogi",
        "cities": ["Lokoja", "Okene", "Idah", "Kabba", "Ankpa", "Ogaminana", "Dekina"]
      },
      {
        "name": "Kwara",
        "cities": ["Ilorin", "Offa", "Omu-Aran", "Pategi", "Jebba", "Kaiama", "Lafiagi"]
      },
      {
        "name": "Lagos",
        "cities": ["Lagos", "Ikeja", "Badagry", "Epe", "Ikorodu", "Lekki", "Mushin", "Surulere", "Apapa", "Victoria Island"]
      },
      {
        "name": "Nasarawa",
        "cities": ["Lafia", "Keffi", "Karu", "Nasarawa", "Akwanga", "Doma", "Wamba"]
      },
      {
        "name": "Niger",
        "cities": ["Minna", "Bida", "Suleja", "Kontagora", "Lapai", "Agaie", "Baro"]
      },
      {
        "name": "Ogun",
        "cities": ["Abeokuta", "Sagamu", "Ijebu Ode", "Ilaro", "Ifo", "Owode", "Ayetoro"]
      },
      {
        "name": "Ondo",
        "cities": ["Akure", "Ondo City", "Owo", "Okitipupa", "Ikare", "Irele", "Idanre"]
      },
      {
        "name": "Osun",
        "cities": ["Osogbo", "Ilesa", "Ife", "Ikirun", "Iwo", "Ede", "Ejigbo"]
      },
      {
        "name": "Oyo",
        "cities": ["Ibadan", "Ogbomosho", "Oyo", "Iseyin", "Kishi", "Saki", "Eruwa"]
      },
      {
        "name": "Plateau",
        "cities": ["Jos", "Bukuru", "Pankshin", "Shendam", "Barkin Ladi", "Wase", "Langtang"]
      },
      {
        "name": "Rivers",
        "cities": ["Port Harcourt", "Bonny", "Okrika", "Degema", "Bori", "Omoku", "Ahoada"]
      },
      {
        "name": "Sokoto",
        "cities": ["Sokoto", "Tambuwal", "Kware", "Wamako", "Gwadabawa", "Isa", "Goronyo"]
      },
      {
        "name": "Taraba",
        "cities": ["Jalingo", "Bali", "Wukari", "Ibi", "Gembu", "Takum", "Lau"]
      },
      {
        "name": "Yobe",
        "cities": ["Damaturu", "Potiskum", "Gashua", "Geidam", "Nguru", "Buni Yadi", "Fika"]
      },
      {
        "name": "Zamfara",
        "cities": ["Gusau", "Kaura Namoda", "Talata Mafara", "Anka", "Zurmi", "Maru", "Bungudu"]
      },
      {
        "name": "Federal Capital Territory",
        "cities": ["Abuja", "Gwagwalada", "Kuje", "Lugbe", "Kubwa", "Bwari"]
      }
    ]
  },
  {
    "country": "North Korea",
    "currencyCode": "KPW",
    "currencyName": "North Korean Won",
    "states": [
      {
        "name": "Chagang Province",
        "cities": ["Kanggye", "Hŭich'ŏn", "Manp'o", "Chasŏng", "Chŏnch'ŏn", "Songgan", "Usi", "Kopung"]
      },
      {
        "name": "Kangwon Province",
        "cities": ["Wŏnsan", "Munch'ŏn", "Anbyŏn", "Ch'ŏnnae", "T'ongch'ŏn", "Kosan", "Ich'ŏn", "Sep'o"]
      },
      {
        "name": "North Hamgyong Province",
        "cities": ["Ch'ŏngjin", "Kimch'aek", "Hoeryŏng", "Onsŏng", "Kyŏngsŏng", "Kilju", "Myŏngch'ŏn", "Puryŏng"]
      },
      {
        "name": "North Hwanghae Province",
        "cities": ["Sariwŏn", "Sin'gye", "Hwangju", "Songrim", "Kaesŏng", "Kŭmch'ŏn", "P'yŏngsan", "T'osan"]
      },
      {
        "name": "North Pyongan Province",
        "cities": ["Sinŭiju", "Kusŏng", "Chŏngju", "Anju", "Kaech'ŏn", "Sŏnch'ŏn", "Nyŏngbyŏn", "Uiju", "Sakju", "Yŏmju"]
      },
      {
        "name": "Rason Special City",
        "cities": ["Rajin", "Sŏnbong"]
      },
      {
        "name": "Ryanggang Province",
        "cities": ["Hyesan", "Samjiyŏn", "Kapsan", "P'ungsŏ", "Kimjŏng-suk", "Taehongdan", "Unhŭng"]
      },
      {
        "name": "South Hamgyong Province",
        "cities": ["Hamhŭng", "Hŭngnam", "Sinp'o", "Tanch'ŏn", "Kowŏn", "Pukch'ŏng", "Riwŏn", "Tŏksŏng", "Yodŏk"]
      },
      {
        "name": "South Hwanghae Province",
        "cities": ["Haeju", "Yŏnan", "Chaeryŏng", "Ongjin", "Paech'ŏn", "Sinch'ŏn", "Taetan", "Unnyul", "Ayang-ni"]
      },
      {
        "name": "South Pyongan Province",
        "cities": ["P'yŏngsŏng", "Namp'o", "Sunch'ŏn", "Kangdong", "Kangsŏ", "Anak", "Mundŏk", "Nyŏngwŏn", "Tŏkch'ŏn", "Yangdŏk"]
      },
      {
        "name": "Pyongyang Directly Governed City",
        "cities": ["Pyongyang"]
      }
    ]
  }
]