[
  {
    "country": "Norway",
    "currencyCode": "NOK",
    "currencyName": "Norwegian Krone",
    "states": [
      {
        "name": "Agder",
        "cities": ["Kristiansand", "Arendal", "Grimstad", "Lillesand", "Mandal", "Flekkefjord", "Risør", "Tvedestrand"]
      },
      {
        "name": "Innlandet",
        "cities": ["Hamar", "Lillehammer", "Gjøvik", "Elverum", "Kongsvinger", "Brumunddal", "Otta", "Tynset"]
      },
      {
        "name": "Møre og Romsdal",
        "cities": ["Ålesund", "Molde", "Kristiansund", "Ulsteinvik", "Volda", "Ørsta", "Tingvoll", "Eide"]
      },
      {
        "name": "Nordland",
        "cities": ["Bodø", "Mo i Rana", "Narvik", "Sortland", "Brønnøysund", "Sandnessjøen", "Svolvær", "Stokmarknes"]
      },
      {
        "name": "Oslo",
        "cities": ["Oslo"]
      },
      {
        "name": "Rogaland",
        "cities": ["Stavanger", "Haugesund", "Sandnes", "Egersund", "Sauda", "Bryne", "Kopervik", "Jørpeland"]
      },
      {
        "name": "Troms og Finnmark",
        "cities": ["Tromsø", "Harstad", "Alta", "Hammerfest", "Vadsø", "Kirkenes", "Bodø", "Storslett"]
      },
      {
        "name": "Trøndelag",
        "cities": ["Trondheim", "Steinkjer", "Levanger", "Namsos", "Røros", "Oppdal", "Stjørdal", "Malvik"]
      },
      {
        "name": "Vestfold og Telemark",
        "cities": ["Skien", "Tønsberg", "Sandefjord", "Porsgrunn", "Larvik", "Notodden", "Horten", "Kragerø"]
      },
      {
        "name": "Vestland",
        "cities": ["Bergen", "Stord", "Leirvik", "Voss", "Førde", "Florø", "Odda", "Kinsarvik"]
      },
      {
        "name": "Viken",
        "cities": ["Drammen", "Sarpsborg", "Moss", "Fredrikstad", "Hønefoss", "Lillestrøm", "Askim", "Halden"]
      }
    ]
  },
  {
    "country": "Oman",
    "currencyCode": "OMR",
    "currencyName": "Omani Rial",
    "states": [
      {
        "name": "Ad Dakhiliyah",
        "cities": ["Nizwa", "Bahla", "Samail", "Adam", "Al Hamra", "Manah"]
      },
      {
        "name": "Ad Dhahirah",
        "cities": ["Ibri", "Yanqul", "Dank", "Al Buraimi"]
      },
      {
        "name": "Al Batinah North",
        "cities": ["Sohar", "Shinas", "Liwa", "Saham", "Al Khaburah"]
      },
      {
        "name": "Al Batinah South",
        "cities": ["Rustaq", "Al Awabi", "Nakhal", "Wadi Al Maawil", "Barka"]
      },
      {
        "name": "Al Buraimi",
        "cities": ["Al Buraimi", "Mahdah", "As Sunaynah"]
      },
      {
        "name": "Al Wusta",
        "cities": ["Haima", "Duqm", "Al Jazer", "Mahout"]
      },
      {
        "name": "Ash Sharqiyah North",
        "cities": ["Ibra", "Al Mudaybi", "Bidiya", "Wadi Bani Khalid"]
      },
      {
        "name": "Ash Sharqiyah South",
        "cities": ["Sur", "Al Kamil Wal Wafi", "Jalan Bani Bu Hassan", "Jalan Bani Bu Ali", "Masirah"]
      },
      {
        "name": "Dhofar",
        "cities": ["Salalah", "Rakhyut", "Thumrait", "Mirbat", "Taqah", "Dalkut"]
      },
      {
        "name": "Muscat",
        "cities": ["Muscat", "Muttrah", "Al Seeb", "Bawshar", "Qurayyat", "Al Amrat"]
      },
      {
        "name": "Musandam",
        "cities": ["Khasab", "Bukha", "Daba", "Madha"]
      }
    ]
  },
  {
    "country": "Pakistan",
    "currencyCode": "PKR",
    "currencyName": "Pakistani Rupee",
    "states": [
      {
        "name": "Azad Jammu and Kashmir",
        "cities": ["Muzaffarabad", "Mirpur", "Rawalakot", "Kotli", "Bhimber", "Bagh", "Hattian Bala"]
      },
      {
        "name": "Balochistan",
        "cities": ["Quetta", "Gwadar", "Turbat", "Khuzdar", "Chaman", "Sibi", "Zhob", "Dera Murad Jamali"]
      },
      {
        "name": "Gilgit-Baltistan",
        "cities": ["Gilgit", "Skardu", "Chilas", "Ghizer", "Khaplu", "Astore", "Nagar", "Ghanche"]
      },
      {
        "name": "Islamabad Capital Territory",
        "cities": ["Islamabad"]
      },
      {
        "name": "Khyber Pakhtunkhwa",
        "cities": ["Peshawar", "Mardan", "Mingora", "Kohat", "Abbottabad", "Dera Ismail Khan", "Swabi", "Nowshera"]
      },
      {
        "name": "Punjab",
        "cities": ["Lahore", "Faisalabad", "Rawalpindi", "Multan", "Gujranwala", "Sargodha", "Sialkot", "Bahawalpur", "Jhang", "Kasur", "Sahiwal", "Okara"]
      },
      {
        "name": "Sindh",
        "cities": ["Karachi", "Hyderabad", "Sukkur", "Larkana", "Nawabshah", "Mirpur Khas", "Thatta", "Badin"]
      }
    ]
  },
  {
    "country": "Palau",
    "currencyCode": "USD",
    "currencyName": "United States Dollar",
    "states": [
      {
        "name": "Aimeliik",
        "cities": ["Mongami"]
      },
      {
        "name": "Airai",
        "cities": ["Ngetkib"]
      },
      {
        "name": "Angaur",
        "cities": ["Angaur"]
      },
      {
        "name": "Hatohobei",
        "cities": ["Hatohobei"]
      },
      {
        "name": "Kayangel",
        "cities": ["Kayangel"]
      },
      {
        "name": "Koror",
        "cities": ["Koror"]
      },
      {
        "name": "Melekeok",
        "cities": ["Melekeok"]
      },
      {
        "name": "Ngaraard",
        "cities": ["Ulimang"]
      },
      {
        "name": "Ngarchelong",
        "cities": ["Mengellang"]
      },
      {
        "name": "Ngardmau",
        "cities": ["Urdmang"]
      },
      {
        "name": "Ngatpang",
        "cities": ["Ngereklmadel"]
      },
      {
        "name": "Ngchesar",
        "cities": ["Ngersuul"]
      },
      {
        "name": "Ngeremlengui",
        "cities": ["Imeong"]
      },
      {
        "name": "Ngiwal",
        "cities": ["Ngerkeai"]
      },
      {
        "name": "Peleliu",
        "cities": ["Kloulklubed"]
      },
      {
        "name": "Sonsorol",
        "cities": ["Sonsorol"]
      }
    ]
  },
  {
    "country": "Palestine",
    "currencyCode": "JOD, EGP, ILS",
    "currencyName": "Jordanian Dinar, Egyptian Pound, Israeli Shekel",
    "states": [
      {
        "name": "West Bank",
        "cities": ["Ramallah", "Jericho", "Bethlehem", "Hebron", "Nablus", "Jenin", "Tulkarm", "Qalqilya", "Tubas", "Salfit"]
      },
      {
        "name": "Gaza Strip",
        "cities": ["Gaza City", "Khan Yunis", "Rafah", "Jabalia", "Deir al-Balah", "Beit Hanoun", "Bani Suheila"]
      }
    ]
  }
]