[
  {
    "country": "Bosnia and Herzegovina",
    "currencyCode": "BAM",
    "currencyName": "Convertible Mark",
    "states": [
      {"name": "Federation of Bosnia and Herzegovina", "cities": ["Sarajevo", "Mostar", "Tuzla", "Zenica", "Bihać", "Travnik", "Livno", "Cazin", "Bugojno", "Konjic", "Goražde", "Visoko", "Kakanj", "Gračanica", "Sanski Most", "Brčko"]},
      {"name": "Republika Srpska", "cities": ["Banja Luka", "Bijeljina", "Prijedor", "Doboj", "Zvornik", "Trebinje", "Gradiška", "Laktaši", "Kozarska Dubica", "Novi Grad", "Šamac", "Foča", "Bileća", "Rogatica", "Vlasenica", "Sokolac"]},
      {"name": "Brčko District", "cities": ["Brčko"]}
    ]
  },
  {
    "country": "Botswana",
    "currencyCode": "BWP",
    "currencyName": "Botswana Pula",
    "states": [
      {"name": "Central District", "cities": ["Serowe", "Palapye", "Mahalapye", "Tutume", "Bobonong", "Letlhakane", "Orapa", "Tonota", "Shoshong", "Mmadinare"]},
      {"name": "Ghanzi District", "cities": ["Ghanzi", "Charles Hill", "Bere", "D'kar", "Groot Laagte"]},
      {"name": "Kgalagadi District", "cities": ["Tshabong", "Hukuntsi", "Bokspits", "Khawa", "Tsane", "Kang"]},
      {"name": "Kgatleng District", "cities": ["Mochudi", "Pilane", "Morwa", "Mmathubudukwane", "Rasesa"]},
      {"name": "Kweneng District", "cities": ["Molepolole", "Mogoditshane", "Thamaga", "Gabane", "Letlhakeng", "Kopong", "Lentsweletau"]},
      {"name": "North-East District", "cities": ["Masunga", "Tshesebe", "Maposa", "Matshelagabedi", "Mmandunyane"]},
      {"name": "North-West District", "cities": ["Maun", "Gumare", "Shakawe", "Sepopa", "Nata", "Kazungula"]},
      {"name": "South-East District", "cities": ["Ramotswa", "Gabane", "Otse", "Taung", "Boatlaname"]},
      {"name": "Southern District", "cities": ["Kanye", "Moshupa", "Jwaneng", "Lobatse", "Mmathethe", "Good Hope", "Tlokweng"]}
    ]
  },
  {
    "country": "Brazil",
    "currencyCode": "BRL",
    "currencyName": "Brazilian Real",
    "states": [
      {"name": "Acre", "cities": ["Rio Branco", "Cruzeiro do Sul", "Sena Madureira", "Tarauacá", "Feijó", "Brasiléia", "Plácido de Castro", "Epitaciolândia", "Xapuri", "Porto Acre"]},
      {"name": "Alagoas", "cities": ["Maceió", "Arapiraca", "Rio Largo", "Palmeira dos Índios", "União dos Palmares", "São Miguel dos Campos", "Penedo", "Coruripe", "Campo Alegre", "Santana do Ipanema"]},
      {"name": "Amapá", "cities": ["Macapá", "Santana", "Laranjal do Jari", "Oiapoque", "Porto Grande", "Mazagão", "Tartarugalzinho", "Pedra Branca do Amapari", "Calçoene", "Amapá"]},
      {"name": "Amazonas", "cities": ["Manaus", "Parintins", "Itacoatiara", "Manacapuru", "Coari", "Tefé", "Maués", "Tabatinga", "Humaitá", "São Gabriel da Cachoeira", "Iranduba", "Borba", "Lábrea"]},
      {"name": "Bahia", "cities": ["Salvador", "Feira de Santana", "Vitória da Conquista", "Camaçari", "Itabuna", "Juazeiro", "Ilhéus", "Lauro de Freitas", "Jequié", "Alagoinhas", "Teixeira de Freitas", "Barreiras", "Porto Seguro", "Simões Filho", "Paulo Afonso"]},
      {"name": "Ceará", "cities": ["Fortaleza", "Caucaia", "Juazeiro do Norte", "Maracanaú", "Sobral", "Crato", "Itapipoca", "Maranguape", "Iguatu", "Quixadá", "Pacatuba", "Quixeramobim", "Aracati", "Canindé", "Crateús"]},
      {"name": "Distrito Federal", "cities": ["Brasília", "Ceilândia", "Taguatinga", "Samambaia", "Planaltina", "Gama", "Santa Maria", "São Sebastião", "Sobradinho", "Paranoá", "Recanto das Emas", "Guará", "Cruzeiro", "Águas Claras", "Riacho Fundo"]},
      {"name": "Espírito Santo", "cities": ["Vitória", "Vila Velha", "Serra", "Cariacica", "Linhares", "São Mateus", "Guarapari", "Colatina", "Aracruz", "Viana", "Nova Venécia", "Barra de São Francisco", "Santa Maria de Jetibá", "Marataízes", "Afonso Cláudio"]},
      {"name": "Goiás", "cities": ["Goiânia", "Aparecida de Goiânia", "Anápolis", "Rio Verde", "Luziânia", "Águas Lindas de Goiás", "Valparaíso de Goiás", "Trindade", "Formosa", "Novo Gama", "Itumbiara", "Jataí", "Senador Canedo", "Catalão", "Planaltina"]},
      {"name": "Maranhão", "cities": ["São Luís", "Imperatriz", "São José de Ribamar", "Timon", "Caxias", "Codó", "Paço do Lumiar", "Açailândia", "Bacabal", "Balsas", "Barra do Corda", "Santa Inês", "Chapadinha", "Pinheiro", "Buriticupu"]},
      {"name": "Mato Grosso", "cities": ["Cuiabá", "Várzea Grande", "Rondonópolis", "Sinop", "Tangará da Serra", "Cáceres", "Sorriso", "Lucas do Rio Verde", "Primavera do Leste", "Barra do Garças", "Alta Floresta", "Pontes e Lacerda", "Campo Verde", "Juína", "Mirassol d'Oeste"]},
      {"name": "Mato Grosso do Sul", "cities": ["Campo Grande", "Dourados", "Três Lagoas", "Corumbá", "Ponta Porã", "Naviraí", "Nova Andradina", "Aquidauana", "Sidrolândia", "Paranaíba", "Maracaju", "Amambai", "Ribas do Rio Pardo", "Coxim", "Jardim"]},
      {"name": "Minas Gerais", "cities": ["Belo Horizonte", "Uberlândia", "Contagem", "Juiz de Fora", "Betim", "Montes Claros", "Ribeirão das Neves", "Uberaba", "Governador Valadares", "Ipatinga", "Sete Lagoas", "Divinópolis", "Santa Luzia", "Ibirité", "Poços de Caldas", "Patos de Minas", "Teófilo Otoni", "Barbacena", "Varginha", "Conselheiro Lafaiete"]},
      {"name": "Pará", "cities": ["Belém", "Ananindeua", "Santarém", "Marabá", "Castanhal", "Parauapebas", "Abaetetuba", "Cametá", "Marituba", "Bragança", "Barcarena", "Altamira", "Tucuruí", "Tailândia", "Paragominas", "Breves", "Itaituba", "Redenção", "Moju", "Capanema"]},
      {"name": "Paraíba", "cities": ["João Pessoa", "Campina Grande", "Santa Rita", "Patos", "Bayeux", "Sousa", "Cajazeiras", "Guarabira", "Cabedelo", "Sapé", "Mamanguape", "Monteiro", "Solânea", "Pombal", "Itabaiana", "Esperança", "Catolé do Rocha", "Alagoa Grande", "Rio Tinto", "Princesa Isabel"]},
      {"name": "Paraná", "cities": ["Curitiba", "Londrina", "Maringá", "Ponta Grossa", "Cascavel", "São José dos Pinhais", "Foz do Iguaçu", "Colombo", "Guarapuava", "Paranaguá", "Apucarana", "Toledo", "Pinhais", "Arapongas", "Campo Largo", "Almirante Tamandaré", "Umuarama", "Piraquara", "Cambé", "Francisco Beltrão"]},
      {"name": "Pernambuco", "cities": ["Recife", "Jaboatão dos Guararapes", "Olinda", "Caruaru", "Petrolina", "Paulista", "Cabo de Santo Agostinho", "Camaragibe", "Garanhuns", "Vitória de Santo Antão", "Igarassu", "São Lourenço da Mata", "Serra Talhada", "Arcoverde", "Gravatá", "Belo Jardim", "Goiana", "Carpina", "Surubim", "Palmares"]},
      {"name": "Piauí", "cities": ["Teresina", "Parnaíba", "Picos", "Floriano", "Piripiri", "Barras", "Campo Maior", "Altos", "Pedro II", "José de Freitas", "Oeiras", "São Raimundo Nonato", "Esperantina", "Cocal", "Luzilândia", "Valença do Piauí", "União", "Demerval Lobão", "Beneditinos", "Miguel Alves"]},
      {"name": "Rio de Janeiro", "cities": ["Rio de Janeiro", "São Gonçalo", "Duque de Caxias", "Nova Iguaçu", "Niterói", "Belford Roxo", "São João de Meriti", "Petrópolis", "Campos dos Goytacazes", "Volta Redonda", "Magé", "Itaboraí", "Macaé", "Mesquita", "Cabo Frio", "Angra dos Reis", "Nova Friburgo", "Barra Mansa", "Teresópolis", "Queimados"]},
      {"name": "Rio Grande do Norte", "cities": ["Natal", "Mossoró", "Parnamirim", "São Gonçalo do Amarante", "Macaíba", "Ceará-Mirim", "Caicó", "Açu", "Currais Novos", "Santa Cruz", "Nova Cruz", "São José de Mipibu", "Pau dos Ferros", "João Câmara", "Touros", "Apodi", "Areia Branca", "Extremoz", "Baraúna", "Goianinha"]},
      {"name": "Rio Grande do Sul", "cities": ["Porto Alegre", "Caxias do Sul", "Pelotas", "Canoas", "Santa Maria", "Gravataí", "Viamão", "Novo Hamburgo", "São Leopoldo", "Rio Grande", "Alvorada", "Passo Fundo", "Sapucaia do Sul", "Uruguaiana", "Santa Cruz do Sul", "Cachoeirinha", "Bagé", "Bento Gonçalves", "Erechim", "Guaíba"]},
      {"name": "Rondônia", "cities": ["Porto Velho", "Ji-Paraná", "Ariquemes", "Vilhena", "Cacoal", "Rolim de Moura", "Jaru", "Guajará-Mirim", "Ouro Preto do Oeste", "Pimenta Bueno", "Buritis", "Machadinho d'Oeste", "Espigão d'Oeste", "Nova Mamoré", "Alta Floresta d'Oeste", "Candeias do Jamari", "Colorado do Oeste", "Presidente Médici", "Cerejeiras", "São Miguel do Guaporé"]},
      {"name": "Roraima", "cities": ["Boa Vista", "Rorainópolis", "Caracaraí", "Alto Alegre", "Mucajaí", "Cantá", "Bonfim", "Pacaraima", "São João da Baliza", "São Luiz", "Iracema", "Caroebe", "Uiramutã", "Amajari", "Normandia"]},
      {"name": "Santa Catarina", "cities": ["Florianópolis", "Joinville", "Blumenau", "São José", "Criciúma", "Chapecó", "Itajaí", "Lages", "Jaraguá do Sul", "Palhoça", "Balneário Camboriú", "Brusque", "Tubarão", "Camboriú", "Concórdia", "Rio do Sul", "Araranguá", "Caçador", "Navegantes", "São Bento do Sul"]},
      {"name": "São Paulo", "cities": ["São Paulo", "Guarulhos", "Campinas", "São Bernardo do Campo", "Santo André", "Osasco", "São José dos Campos", "Ribeirão Preto", "Sorocaba", "Mauá", "São José do Rio Preto", "Santos", "Mogi das Cruzes", "Diadema", "Jundiaí", "Carapicuíba", "Piracicaba", "Bauru", "Itaquaquecetuba", "São Vicente", "Praia Grande", "Franca", "Limeira", "Taubaté", "Barueri"]},
      {"name": "Sergipe", "cities": ["Aracaju", "Nossa Senhora do Socorro", "Lagarto", "Itabaiana", "São Cristóvão", "Estância", "Tobias Barreto", "Simão Dias", "Capela", "Nossa Senhora da Glória", "Laranjeiras", "Poço Redondo", "Propriá", "Porto da Folha", "Itabaianinha", "Boquim", "Canindé de São Francisco", "Riachão do Dantas", "Umbaúba", "Carira"]},
      {"name": "Tocantins", "cities": ["Palmas", "Araguaína", "Gurupi", "Porto Nacional", "Paraíso do Tocantins", "Araguatins", "Colinas do Tocantins", "Guaraí", "Tocantinópolis", "Miracema do Tocantins", "Dianópolis", "Formoso do Araguaia", "Alvorada", "Wanderlândia", "Augustinópolis", "Nova Olinda", "Xambioá", "Arraias", "Natividade", "Pedro Afonso"]}
    ]
  },
  {
    "country": "Brunei",
    "currencyCode": "BND",
    "currencyName": "Brunei Dollar",
    "states": [
      {"name": "Belait District", "cities": ["Kuala Belait", "Seria", "Kuala Balai", "Labi", "Sungai Liang"]},
      {"name": "Brunei-Muara District", "cities": ["Bandar Seri Begawan", "Muang", "Gadong", "Berakas", "Kilanas", "Kota Batu", "Pengkalan Batu", "Lumapas"]},
      {"name": "Temburong District", "cities": ["Bangar", "Batu Apoi", "Amo", "Bokok", "Labu"]},
      {"name": "Tutong District", "cities": ["Tutong", "Pekan Tutong", "Keriam", "Kiudang", "Lamunin", "Ukong"]}
    ]
  },
  {
    "country": "Bulgaria",
    "currencyCode": "BGN",
    "currencyName": "Bulgarian Lev",
    "states": [
      {"name": "Blagoevgrad Province", "cities": ["Blagoevgrad", "Sandanski", "Petrich", "Gotse Delchev", "Razlog", "Bansko", "Yakoruda", "Belitsa", "Simitli", "Kresna"]},
      {"name": "Burgas Province", "cities": ["Burgas", "Sliven", "Yambol", "Karnobat", "Aytos", "Pomorie", "Nesebar", "Sozopol", "Sredets", "Malko Tarnovo"]},
      {"name": "Dobrich Province", "cities": ["Dobrich", "Balchik", "General Toshevo", "Tervel", "Kavarna", "Shabla", "Krushari", "Dobrichka"]},
      {"name": "Gabrovo Province", "cities": ["Gabrovo", "Sevlievo", "Tryavna", "Dryanovo", "Apriltsi", "Plachkovtsi"]},
      {"name": "Haskovo Province", "cities": ["Haskovo", "Dimitrovgrad", "Harmanli", "Lyubimets", "Svilengrad", "Topolovgrad", "Ivaylovgrad", "Simeonovgrad"]},
      {"name": "Kardzhali Province", "cities": ["Kardzhali", "Momchilgrad", "Dzhebel", "Ardino", "Rudozem", "Krumovgrad", "Chernoochene"]},
      {"name": "Kyustendil Province", "cities": ["Kyustendil", "Dupnitsa", "Bobov Dol", "Rila", "Sapareva Banya", "Treklyano", "Kocherinovo"]},
      {"name": "Lovech Province", "cities": ["Lovech", "Troyan", "Lukovit", "Teteven", "Apriltsi", "Yablanitsa", "Ugarchin"]},
      {"name": "Montana Province", "cities": ["Montana", "Lom", "Berkovitsa", "Varshets", "Valchedram", "Yakimovo", "Boychinovtsi"]},
      {"name": "Pazardzhik Province", "cities": ["Pazardzhik", "Panagyurishte", "Velingrad", "Peshtera", "Septemvri", "Belovo", "Bratsigovo", "Rakitovo"]},
      {"name": "Pernik Province", "cities": ["Pernik", "Radomir", "Tran", "Batanovtsi", "Zemen", "Kovachevtsi"]},
      {"name": "Pleven Province", "cities": ["Pleven", "Levski", "Belene", "Nikopol", "Cherven Bryag", "Gulyantsi", "Dolna Mitropoliya"]},
      {"name": "Plovdiv Province", "cities": ["Plovdiv", "Asenovgrad", "Karlovo", "Stamboliyski", "Parvomay", "Rakovski", "Sadovo", "Saedinenie", "Kuklen", "Breznik"]},
      {"name": "Razgrad Province", "cities": ["Razgrad", "Isperih", "Kubrat", "Zavet", "Loznitsa", "Tsar Kaloyan", "Samuil"]},
      {"name": "Ruse Province", "cities": ["Ruse", "Byala", "Vetovo", "Dve Mogili", "Borovo", "Ivanovo", "Slivo Pole"]},
      {"name": "Shumen Province", "cities": ["Shumen", "Novi Pazar", "Veliki Preslav", "Kaolinovo", "Kaspichan", "Smyadovo", "Varbitsa", "Hitrino"]},
      {"name": "Silistra Province", "cities": ["Silistra", "Tutrakan", "Dulovo", "Alfatar", "Glavinitsa", "Kaynardzha"]},
      {"name": "Sliven Province", "cities": ["Sliven", "Kotel", "Nova Zagora", "Tvarditsa", "Shivachevo"]},
      {"name": "Smolyan Province", "cities": ["Smolyan", "Devin", "Madan", "Zlatograd", "Rudozem", "Banite", "Nedelino", "Chepelare"]},
      {"name": "Sofia City Province", "cities": ["Sofia", "Bankya", "Novi Iskar"]},
      {"name": "Sofia Province", "cities": ["Sofia", "Samokov", "Svoge", "Botevgrad", "Elin Pelin", "Kostinbrod", "Gorna Malina", "Dragoman", "Slivnitsa", "Pravets"]},
      {"name": "Stara Zagora Province", "cities": ["Stara Zagora", "Kazanlak", "Chirpan", "Nova Zagora", "Radnevo", "Galabovo", "Pavel Banya", "Gurkovo"]},
      {"name": "Targovishte Province", "cities": ["Targovishte", "Popovo", "Omurtag", "Antonovo", "Opaka"]},
      {"name": "Varna Province", "cities": ["Varna", "Dalgopol", "Devnya", "Provadia", "Suvorovo", "Beloslav", "Aksakovo", "Valchi Dol"]},
      {"name": "Veliko Tarnovo Province", "cities": ["Veliko Tarnovo", "Gorna Oryahovitsa", "Svishtov", "Pavlikeni", "Lyaskovets", "Elena", "Strazhitsa", "Zlataritsa"]},
      {"name": "Vidin Province", "cities": ["Vidin", "Belogradchik", "Kula", "Dimovo", "Makresh", "Ruzhintsi"]},
      {"name": "Vratsa Province", "cities": ["Vratsa", "Mezdra", "Byala Slatina", "Kozloduy", "Roman", "Oryahovo", "Mizia"]},
      {"name": "Yambol Province", "cities": ["Yambol", "Elhovo", "Bolyarovo", "Straldzha", "Tundzha"]}
    ]
  },
  {
    "country": "Burkina Faso",
    "currencyCode": "XOF",
    "currencyName": "West African CFA Franc",
    "states": [
      {"name": "Boucle du Mouhoun Region", "cities": ["Dédougou", "Boromo", "Tougan", "Nouna", "Solenzo", "Koudougou"]},
      {"name": "Cascades Region", "cities": ["Banfora", "Sindou", "Niangoloko", "Mangodara"]},
      {"name": "Centre Region", "cities": ["Ouagadougou", "Komsilga", "Saaba", "Koubri", "Pabré"]},
      {"name": "Centre-Est Region", "cities": ["Tenkodogo", "Koupéla", "Pouytenga", "Boussé", "Garango", "Koudougou"]},
      {"name": "Centre-Nord Region", "cities": ["Kaya", "Kongoussi", "Dori", "Barsalogho", "Pissila", "Boussouma"]},
      {"name": "Centre-Ouest Region", "cities": ["Koudougou", "Réo", "Sapouy", "Kokologo", "Nandiala"]},
      {"name": "Centre-Sud Region", "cities": ["Manga", "Kombissiri", "Po", "Zabré", "Béguédo"]},
      {"name": "Est Region", "cities": ["Fada N'Gourma", "Bogandé", "Diapaga", "Pama", "Gayéri", "Matriaco"]},
      {"name": "Hauts-Bassins Region", "cities": ["Bobo-Dioulasso", "Houndé", "Orodara", "Koudougou", "Soubré"]},
      {"name": "Nord Region", "cities": ["Ouahigouya", "Yako", "Titao", "Kaya", "Gourcy"]},
      {"name": "Plateau-Central Region", "cities": ["Ziniaré", "Boussé", "Zorgho", "Koudougou"]},
      {"name": "Sahel Region", "cities": ["Dori", "Gorom-Gorom", "Djibo", "Sebba", "Markoye"]},
      {"name": "Sud-Ouest Region", "cities": ["Gaoua", "Diébougou", "Dano", "Batié", "Kampti", "Houndé"]}
    ]
  },
  {
    "country": "Burundi",
    "currencyCode": "BIF",
    "currencyName": "Burundian Franc",
    "states": [
      {"name": "Bubanza Province", "cities": ["Bubanza", "Gihanga", "Musigati", "Mpanda", "Rugazi"]},
      {"name": "Bujumbura Mairie Province", "cities": ["Bujumbura", "Ngagara", "Kamenge", "Kinindo", "Rohero"]},
      {"name": "Bujumbura Rural Province", "cities": ["Isale", "Kabezi", "Mubimbi", "Mugongomanga", "Mukike", "Mutambu"]},
      {"name": "Bururi Province", "cities": ["Bururi", "Matana", "Rumonge", "Buyengero", "Mugamba", "Rutovu"]},
      {"name": "Cankuzo Province", "cities": ["Cankuzo", "Cendajuru", "Gisagara", "Kigamba", "Mishiha"]},
      {"name": "Cibitoke Province", "cities": ["Cibitoke", "Buganda", "Bukinanyana", "Mabayi", "Mugina", "Murwi"]},
      {"name": "Gitega Province", "cities": ["Gitega", "Giheta", "Bugendana", "Makebuko", "Nyarusange", "Ryansoro"]},
      {"name": "Karuzi Province", "cities": ["Karuzi", "Bugenyuzi", "Buhiga", "Gihogazi", "Gitaramuka", "Nyabikere"]},
      {"name": "Kayanza Province", "cities": ["Kayanza", "Butaganzwa", "Gahombo", "Gatara", "Kabarore", "Matongo"]},
      {"name": "Kirundo Province", "cities": ["Kirundo", "Bugabira", "Busoni", "Bwambarangwe", "Gitobe", "Ntega", "Vumbi"]},
      {"name": "Makamba Province", "cities": ["Makamba", "Kayogoro", "Kibago", "Mabanda", "Nyanza-Lac", "Vugizo"]},
      {"name": "Muramvya Province", "cities": ["Muramvya", "Bukeye", "Kiganda", "Mbuye", "Rutegama"]},
      {"name": "Muyinga Province", "cities": ["Muyinga", "Buhinyuza", "Butihinda", "Gashoho", "Gasorwe", "Kabarore"]},
      {"name": "Mwaro Province", "cities": ["Mwaro", "Bisoro", "Gisozi", "Kayokwe", "Ndava", "Nyabihanga"]},
      {"name": "Ngozi Province", "cities": ["Ngozi", "Gashikanwa", "Kiremba", "Marangara", "Mwumba", "Ruhororo", "Tangara"]},
      {"name": "Rumonge Province", "cities": ["Rumonge", "Burambi", "Bugarama", "Muhuta", "Songa"]},
      {"name": "Rutana Province", "cities": ["Rutana", "Bukemba", "Giharo", "Gitanga", "Mpinga-Kayove", "Musongati"]},
      {"name": "Ruyigi Province", "cities": ["Ruyigi", "Butezi", "Bweru", "Gisuru", "Kinyinya", "Nyabitsinda"]}
    ]
  },
  {
    "country": "Cabo Verde",
    "currencyCode": "CVE",
    "currencyName": "Cape Verdean Escudo",
    "states": [
      {"name": "Barlavento Islands", "cities": ["Mindelo", "Ribeira Brava", "Ponta do Sol", "Porto Novo", "Ribeira Grande", "Paúl", "Vila do Maio"]},
      {"name": "Sotavento Islands", "cities": ["Praia", "Assomada", "Santa Maria", "Cidade Velha", "São Filipe", "Pedra Badejo", "Tarrafal", "Calheta de São Miguel", "Picos", "Ribeira da Barca"]}
    ]
  },
  {
    "country": "Cambodia",
    "currencyCode": "KHR",
    "currencyName": "Cambodian Riel",
    "states": [
      {"name": "Banteay Meanchey Province", "cities": ["Sisophon", "Poipet", "Mongkol Borei", "Thma Puok", "Preah Netr Preah", "Malai"]},
      {"name": "Battambang Province", "cities": ["Battambang", "Sangkae", "Banan", "Thma Koul", "Bavel", "Ek Phnom", "Moung Ruessei", "Ratanak Mondol"]},
      {"name": "Kampong Cham Province", "cities": ["Kampong Cham", "Tbong Khmum", "Prey Chhor", "Cheung Prey", "Kampong Siem", "Kang Meas", "Ou Reang Ov"]},
      {"name": "Kampong Chhnang Province", "cities": ["Kampong Chhnang", "Rolea B'ier", "Sameakki Mean Chey", "Tuek Phos", "Kampong Leaeng", "Kampong Tralach"]},
      {"name": "Kampong Speu Province", "cities": ["Chbar Mon", "Kong Pisei", "Aoral", "Odongk", "Phnom Sruoch", "Samraong Tong", "Thpong"]},
      {"name": "Kampong Thom Province", "cities": ["Kampong Thom", "Stueng Saen", "Baray", "Prasat Balangk", "Prasat Sambour", "Santuk", "Stoung"]},
      {"name": "Kampot Province", "cities": ["Kampot", "Kep", "Banteay Meas", "Chhouk", "Dang Tong", "Kampong Trach", "Tuek Chhou"]},
      {"name": "Kandal Province", "cities": ["Ta Khmau", "Kien Svay", "Koh Thom", "Leuk Daek", "Mukh Kampul", "Angk Snuol", "Khsach Kandal", "Sa'ang"]},
      {"name": "Kep Province", "cities": ["Kep", "Damnak Chang'aeur", "Kep City"]},
      {"name": "Koh Kong Province", "cities": ["Koh Kong", "Botum Sakor", "Kiri Sakor", "Mondol Seima", "Srae Ambel", "Thma Bang"]},
      {"name": "Kratie Province", "cities": ["Kratie", "Chhloung", "Kracheh", "Preaek Prasab", "Sambour", "Snoul"]},
      {"name": "Mondulkiri Province", "cities": ["Sen Monorom", "Kaev Seima", "Koh Nhek", "Ou Reang", "Pech Chreada"]},
      {"name": "Oddar Meanchey Province", "cities": ["Samraong", "Anlong Veng", "Banteay Ampil", "Chong Kal", "Trapeang Prasat"]},
      {"name": "Pailin Province", "cities": ["Pailin", "Sala Krau"]},
      {"name": "Phnom Penh", "cities": ["Phnom Penh", "Chak Angre", "Chbar Ampov", "Chroy Changvar", "Dangkao", "Mean Chey", "Prampi Makara", "Russey Keo", "Sen Sok", "Tuol Kork"]},
      {"name": "Preah Vihear Province", "cities": ["Preah Vihear", "Chey Saen", "Chhaeb", "Kuleaen", "Rovieng", "Sangkum Thmei", "Tbaeng Mean Chey"]},
      {"name": "Prey Veng Province", "cities": ["Prey Veng", "Ba Phnum", "Kamchay Mear", "Kampong Leav", "Me Sang", "Peam Ro", "Sithor Kandal", "Svay Antor"]},
      {"name": "Pursat Province", "cities": ["Pursat", "Bakan", "Kandieng", "Krakor", "Phnum Kravanh", "Veal Veng"]},
      {"name": "Ratanakiri Province", "cities": ["Banlung", "Andong Meas", "Bou", "Koun Mom", "Lumphat", "Ou Chum", "Ou Ya Dav", "Ta Veaeng", "Veun Sai"]},
      {"name": "Siem Reap Province", "cities": ["Siem Reap", "Angkor Chum", "Angkor Thom", "Banteay Srei", "Chi Kraeng", "Kralanh", "Puok", "Prasat Bakong", "Soutr Nikom", "Srei Snam", "Svay Leu", "Varin"]},
      {"name": "Preah Sihanouk Province", "cities": ["Sihanoukville", "Prey Nob", "Stueng Hav", "Kampong Seila"]},
      {"name": "Stung Treng Province", "cities": ["Stung Treng", "Sesan", "Siem Bouk", "Siem Pang", "Thala Barivat"]},
      {"name": "Svay Rieng Province", "cities": ["Svay Rieng", "Chantrea", "Kampong Rou", "Rumduol", "Romeas Haek", "Svay Chrum", "Svay Teab"]},
      {"name": "Takéo Province", "cities": ["Takéo", "Angkor Borei", "Bati", "Bourei Cholsar", "Kirivong", "Koh Andet", "Prey Kabbas", "Samraong", "Doun Kaev"]},
      {"name": "Tbong Khmum Province", "cities": ["Suong", "Krouch Chhmar", "Memot", "Ou Reang Ov", "Ponhea Kraek", "Tbong Khmum"]}
    ]
  },
  {
    "country": "Cameroon",
    "currencyCode": "XAF",
    "currencyName": "Central African CFA Franc",
    "states": [
      {"name": "Adamawa Region", "cities": ["Ngaoundéré", "Meiganga", "Tibati", "Banyo", "Mayo-Banyo", "Djohong", "Mbe", "Nganha"]},
      {"name": "Centre Region", "cities": ["Yaoundé", "Mbalmayo", "Monatélé", "Mfou", "Nanga Eboko", "Obala", "Okola", "Saa", "Bafia", "Eséka"]},
      {"name": "East Region", "cities": ["Bertoua", "Batouri", "Belabo", "Garoua-Boulaï", "Yokadouma", "Dimako", "Lomié", "Moloundou", "Abong-Mbang", "Doumé"]},
      {"name": "Far North Region", "cities": ["Maroua", "Kousséri", "Mora", "Yagoua", "Kaélé", "Mokolo", "Moulvoudaye", "Guidiguis", "Mindif", "Bogo"]},
      {"name": "Littoral Region", "cities": ["Douala", "Nkongsamba", "Edéa", "Yabassi", "Loum", "Manjo", "Mbanga", "Melong", "Penja", "Dibombari"]},
      {"name": "North Region", "cities": ["Garoua", "Guider", "Poli", "Figuil", "Lagdo", "Rey Bouba", "Tcholliré", "Bibémi", "Gaschiga", "Ngong"]},
      {"name": "Northwest Region", "cities": ["Bamenda", "Kumbo", "Wum", "Nkambé", "Ndop", "Bali", "Batibo", "Mbengwi", "Bafut", "Fundong"]},
      {"name": "South Region", "cities": ["Ebolowa", "Kribi", "Sangmélima", "Mvangan", "Ambam", "Olamze", "Lolodorf", "Meyomessala", "Efoulan", "Akonolinga"]},
      {"name": "Southwest Region", "cities": ["Buea", "Limbe", "Kumba", "Muyuka", "Tiko", "Idenau", "Mundemba", "Ekondo-Titi", "Bangem", "Nguti"]},
      {"name": "West Region", "cities": ["Bafoussam", "Bangangté", "Mbouda", "Dschang", "Foumban", "Bandjoun", "Bazou", "Baham", "Bamendjou", "Ngou"]}
    ]
  },
  {
    "country": "Canada",
    "currencyCode": "CAD",
    "currencyName": "Canadian Dollar",
    "states": [
      {"name": "Alberta", "cities": ["Calgary", "Edmonton", "Red Deer", "Lethbridge", "St. Albert", "Medicine Hat", "Grande Prairie", "Airdrie", "Spruce Grove", "Fort McMurray", "Leduc", "Lloydminster", "Camrose", "Cochrane", "Fort Saskatchewan", "Brooks", "Cold Lake", "Wetaskiwin", "Canmore", "Drumheller"]},
      {"name": "British Columbia", "cities": ["Vancouver", "Surrey", "Burnaby", "Richmond", "Abbotsford", "Coquitlam", "Kelowna", "Langley", "Saanich", "Delta", "Nanaimo", "Kamloops", "Victoria", "Chilliwack", "Maple Ridge", "New Westminster", "Port Coquitlam", "North Vancouver", "Prince George", "Vernon"]},
      {"name": "Manitoba", "cities": ["Winnipeg", "Brandon", "Steinbach", "Thompson", "Portage la Prairie", "Winkler", "Selkirk", "Morden", "Dauphin", "The Pas", "Flin Flon", "Altona", "Stonewall", "Virden", "Neepawa", "Gimli", "Swan River", "Carman", "Niverville", "Beausejour"]},
      {"name": "New Brunswick", "cities": ["Moncton", "Saint John", "Fredericton", "Miramichi", "Dieppe", "Riverview", "Quispamsis", "Bathurst", "Edmundston", "Rothesay", "Shediac", "Oromocto", "Campbellton", "Grand Falls", "Sussex", "St. Stephen", "Beresford", "Hampton", "Shippagan", "Caraquet"]},
      {"name": "Newfoundland and Labrador", "cities": ["St. John's", "Mount Pearl", "Corner Brook", "Conception Bay South", "Grand Falls-Windsor", "Paradise", "Gander", "Labrador City", "Stephenville", "Portugal Cove-St. Philip's", "Torbay", "Marystown", "Deer Lake", "Happy Valley-Goose Bay", "Clarenville", "Bay Roberts", "Carbonear", "Channel-Port aux Basques", "Placentia", "Bonavista"]},
      {"name": "Nova Scotia", "cities": ["Halifax", "Dartmouth", "Sydney", "Truro", "New Glasgow", "Glace Bay", "Bedford", "Cape Breton", "Lower Sackville", "Bridgewater", "Kentville", "Amherst", "New Waterford", "Wolfville", "Yarmouth", "Port Hawkesbury", "Pictou", "Antigonish", "Lunenburg", "Berwick"]},
      {"name": "Ontario", "cities": ["Toronto", "Ottawa", "Mississauga", "Brampton", "Hamilton", "London", "Markham", "Vaughan", "Kitchener", "Windsor", "Richmond Hill", "Oakville", "Burlington", "Greater Sudbury", "Oshawa", "Barrie", "St. Catharines", "Cambridge", "Kingston", "Guelph", "Thunder Bay", "Waterloo", "Brantford", "Pickering", "Niagara Falls", "Sault Ste. Marie", "Peterborough", "Ajax", "Milton", "Laval"]},
      {"name": "Prince Edward Island", "cities": ["Charlottetown", "Summerside", "Stratford", "Cornwall", "Montague", "Kensington", "Souris", "Alberton", "Tignish", "Georgetown"]},
      {"name": "Quebec", "cities": ["Montreal", "Quebec City", "Laval", "Gatineau", "Longueuil", "Sherbrooke", "Saguenay", "Lévis", "Trois-Rivières", "Terrebonne", "Saint-Jean-sur-Richelieu", "Repentigny", "Brossard", "Drummondville", "Saint-Jérôme", "Granby", "Blainville", "Saint-Hyacinthe", "Dollard-des-Ormeaux", "Rimouski", "Châteauguay", "Saint-Eustache", "Victoriaville", "Mirabel", "Mascouche", "Sept-Îles", "Sainte-Thérèse", "L'Assomption", "Val-d'Or", "Salaberry-de-Valleyfield"]},
      {"name": "Saskatchewan", "cities": ["Saskatoon", "Regina", "Prince Albert", "Moose Jaw", "Yorkton", "Swift Current", "North Battleford", "Estevan", "Weyburn", "Corman Park", "Martensville", "Lloydminster", "Warman", "Melfort", "Melville", "Humboldt", "Kindersley", "La Ronge", "Nipawin", "Tisdale"]},
      {"name": "Northwest Territories", "cities": ["Yellowknife", "Hay River", "Inuvik", "Fort Smith", "Behchokǫ̀", "Norman Wells", "Fort Simpson", "Tuktoyaktuk", "Fort McPherson", "Aklavik"]},
      {"name": "Nunavut", "cities": ["Iqaluit", "Rankin Inlet", "Arviat", "Baker Lake", "Cambridge Bay", "Pangnirtung", "Pond Inlet", "Kugluktuk", "Cape Dorset", "Gjoa Haven"]},
      {"name": "Yukon", "cities": ["Whitehorse", "Dawson City", "Watson Lake", "Haines Junction", "Carmacks", "Mayo", "Faro", "Teslin", "Ross River", "Pelly Crossing"]}
    ]
  },
  {
    "country": "Central African Republic",
    "currencyCode": "XAF",
    "currencyName": "Central African CFA Franc",
    "states": [
      {"name": "Bamingui-Bangoran", "cities": ["Ndélé", "Bamingui", "Bangoran", "Mbrès", "Ouandja"]},
      {"name": "Bangui", "cities": ["Bangui", "Bégoua", "Bimbo", "Bozoum", "Carnot"]},
      {"name": "Basse-Kotto", "cities": ["Mobaye", "Alindao", "Kembé", "Mongoumba", "Satema"]},
      {"name": "Haute-Kotto", "cities": ["Bria", "Ouadda", "Yalinga", "Sam Ouandja", "Bakouma"]},
      {"name": "Haut-Mbomou", "cities": ["Obo", "Zémio", "Mboki", "Djemah", "Bambouti"]},
      {"name": "Kémo", "cities": ["Sibut", "Dékoa", "Mala", "Ndim", "Kaga Bandoro"]},
      {"name": "Lobaye", "cities": ["Mbaïki", "Boda", "Mongumba", "Boganangone", "Bossembélé"]},
      {"name": "Mambéré-Kadéï", "cities": ["Berbérati", "Carnot", "Gamboula", "Dédé-Mokouba", "Amada-Gaza"]},
      {"name": "Mbomou", "cities": ["Bangassou", "Gambo", "Rafai", "Kembé", "Ouango"]},
      {"name": "Nana-Mambéré", "cities": ["Bouar", "Babo", "Baoro", "Abou", "Ngaoundaye"]},
      {"name": "Ombella-M'Poko", "cities": ["Bimbo", "Boali", "Damara", "Bossembélé", "Yaloké"]},
      {"name": "Ouaka", "cities": ["Bambari", "Ippy", "Kouango", "Grimari", "Bakala"]},
      {"name": "Ouham", "cities": ["Bossangoa", "Bouca", "Batangafo", "Kabo", "Markounda"]},
      {"name": "Ouham-Pendé", "cities": ["Bozoum", "Paoua", "Ngaoundaye", "Kouki", "Bocaranga"]},
      {"name": "Sangha-Mbaéré", "cities": ["Nola", "Salos", "Bayanga", "Mambélé", "Lindjombo"]},
      {"name": "Vakaga", "cities": ["Birao", "Ouanda-Djallé", "Am Dafok", "Tiringoulou", "Mélé"]}
    ]
  },
  {
    "country": "Chad",
    "currencyCode": "XAF",
    "currencyName": "Central African CFA Franc",
    "states": [
      {"name": "Bahr el Gazel", "cities": ["Moussoro", "Salal", "Amsilep", "Mongo", "Bitkine"]},
      {"name": "Batha", "cities": ["Ati", "Oum Hadjer", "Am Sack", "Djedda", "Melfi"]},
      {"name": "Borkou", "cities": ["Faya-Largeau", "Kouba Olanga", "Yarda", "Bardai", "Zouar"]},
      {"name": "Chari-Baguirmi", "cities": ["Massénia", "Bousso", "Massenya", "Dourbali", "Mao"]},
      {"name": "Ennedi-Est", "cities": ["Am-Djarass", "Bahaï", "Goz Beïda", "Iriba", "Adré"]},
      {"name": "Ennedi-Ouest", "cities": ["Fada", "Kalam", "Biltine", "Guéréda", "Iriba"]},
      {"name": "Guéra", "cities": ["Mongo", "Bitkine", "Melfi", "Mangalmé", "Baro"]},
      {"name": "Hadjer-Lamis", "cities": ["Massakory", "Massaguet", "Man", "Ngama", "Dagana"]},
      {"name": "Kanem", "cities": ["Mao", "Moussoro", "Nokou", "Rig-Rig", "Kékédina"]},
      {"name": "Lac", "cities": ["Bol", "Ngouri", "Liwa", "Kouloudia", "Karakoro"]},
      {"name": "Logone Occidental", "cities": ["Moundou", "Beïnamar", "Benoye", "Laï", "Gagal"]},
      {"name": "Logone Oriental", "cities": ["Doba", "Bébédjia", "Goré", "Kyabé", "Béboto"]},
      {"name": "Mandoul", "cities": ["Koumra", "Moïssala", "Bédjondo", "Goundi", "Moyen-Chari"]},
      {"name": "Mayo-Kebbi Est", "cities": ["Bongor", "Fianga", "Guelendeng", "Kélo", "Léré"]},
      {"name": "Mayo-Kebbi Ouest", "cities": ["Pala", "Lagon", "Gounou Gaya", "Fianga", "Binder"]},
      {"name": "Moyen-Chari", "cities": ["Sarh", "Koumra", "Kyabé", "Maro", "Moyen-Chari"]},
      {"name": "N'Djamena", "cities": ["N'Djamena", "Farcha", "Moursal", "Chagoua", "Paris-Congo"]},
      {"name": "Ouaddaï", "cities": ["Abéché", "Adré", "Am Dam", "Goz Beïda", "Iriba"]},
      {"name": "Salamat", "cities": ["Am Timan", "Abou Deïa", "Mangueigne", "Haraze", "Salamat"]},
      {"name": "Sila", "cities": ["Goz Beïda", "Koukou", "Am Dam", "Adé", "Mogroum"]},
      {"name": "Tandjilé", "cities": ["Laï", "Kélo", "Béré", "Déssia", "Gounou Gaya"]},
      {"name": "Tibesti", "cities": ["Bardaï", "Zouar", "Aouzou", "Wour", "Yebbi-Bou"]},
      {"name": "Wadi Fira", "cities": ["Biltine", "Iriba", "Matadjana", "Guéréda", "Am Zoer"]}
    ]
  },
  {
    "country": "Chile",
    "currencyCode": "CLP",
    "currencyName": "Chilean Peso",
    "states": [
      {"name": "Aisén del General Carlos Ibáñez del Campo", "cities": ["Coihaique", "Puerto Aisén", "Chile Chico", "Cochrane", "Puerto Cisnes", "Puerto Guadal", "Villa O'Higgins", "Tortel"]},
      {"name": "Antofagasta", "cities": ["Antofagasta", "Calama", "Tocopilla", "Mejillones", "San Pedro de Atacama", "Sierra Gorda", "Taltal", "María Elena"]},
      {"name": "Araucanía", "cities": ["Temuco", "Victoria", "Lautaro", "Vilcún", "Angol", "Collipulli", "Traiguén", "Curacautín", "Pitrufquén", "Villarrica", "Pucón", "Carahue", "Nueva Imperial", "Loncoche", "Gorbea", "Perquenco", "Cunco", "Melipeuco", "Lonquimay"]},
      {"name": "Arica y Parinacota", "cities": ["Arica", "Putre", "Camarones", "General Lagos"]},
      {"name": "Atacama", "cities": ["Copiapó", "Vallenar", "Caldera", "Chañaral", "Diego de Almagro", "Tierra Amarilla", "Huasco", "Alto del Carmen", "Freirina"]},
      {"name": "Biobío", "cities": ["Concepción", "Talcahuano", "Los Ángeles", "Coronel", "Chillán", "Penco", "San Pedro de la Paz", "Lota", "Lebu", "Arauco", "Cañete", "Yumbel", "Cabrero", "Hualpén", "Hualqui", "Laja", "Mulchén", "Nacimiento", "Quilaco", "Quilleco", "San Rosendo", "Santa Bárbara", "Santa Juana", "Tucapel"]},
      {"name": "Coquimbo", "cities": ["La Serena", "Coquimbo", "Ovalle", "Illapel", "Vicuña", "Salamanca", "Los Vilos", "Andacollo", "Combarbalá", "Monte Patria", "Paihuano", "Río Hurtado"]},
      {"name": "Libertador General Bernardo O'Higgins", "cities": ["Rancagua", "San Fernando", "Rengo", "Machalí", "Santa Cruz", "Graneros", "San Vicente de Tagua Tagua", "Pichilemu", "Codegua", "Coinco", "Coltauco", "Doñihue", "Las Cabras", "Malloa", "Mostazal", "Olivar", "Peumo", "Pichidegua", "Quinta de Tilcoco", "Requínoa"]},
      {"name": "Los Lagos", "cities": ["Puerto Montt", "Osorno", "Castro", "Ancud", "Puerto Varas", "Calbuco", "Puerto Octay", "Frutillar", "Llanquihue", "Los Muermos", "Maullín", "Purranque", "Puyehue", "Río Negro", "San Juan de la Costa", "San Pablo", "Chaitén", "Futaleufú", "Hualaihué", "Palena"]},
      {"name": "Los Ríos", "cities": ["Valdivia", "La Unión", "Río Bueno", "Panguipulli", "Lanco", "Máfil", "Mariquina", "Paillaco", "Los Lagos", "Corral", "Futrono", "Lago Ranco"]},
      {"name": "Magallanes y Antártica Chilena", "cities": ["Punta Arenas", "Puerto Natales", "Porvenir", "Puerto Williams", "Cabo de Hornos", "Timaukel", "Primavera", "San Gregorio", "Río Verde", "Laguna Blanca"]},
      {"name": "Maule", "cities": ["Talca", "Curicó", "Linares", "Constitución", "Cauquenes", "Parral", "San Javier", "Molina", "Longaví", "Colbún", "San Clemente", "Empedrado", "Río Claro", "Pelarco", "Pencahue", "Maule", "San Rafael", "Curepto", "Chanco", "Vichuquén", "Hualañé", "Licantén", "Romeral", "Sagrada Familia", "Teno", "Villa Alegre", "Yerbas Buenas"]},
      {"name": "Ñuble", "cities": ["Chillán", "Chillán Viejo", "Bulnes", "Chillán", "Cobquecura", "Coelemu", "Coihueco", "El Carmen", "Ninhue", "Ñiquén", "Pemuco", "Pinto", "Portezuelo", "Quillón", "Quirihue", "Ránquil", "San Carlos", "San Fabián", "San Ignacio", "San Nicolás", "Treguaco", "Yungay"]},
      {"name": "Región Metropolitana de Santiago", "cities": ["Santiago", "Puente Alto", "Maipú", "La Florida", "Las Condes", "San Bernardo", "Peñalolén", "Pudahuel", "La Cisterna", "Quilicura", "Recoleta", "Independencia", "Conchalí", "El Bosque", "Estación Central", "Cerrillos", "Lo Prado", "Cerro Navia", "Huechuraba", "La Granja", "La Pintana", "La Reina", "Macul", "Ñuñoa", "Pedro Aguirre Cerda", "Providencia", "Quinta Normal", "Renca", "San Joaquín", "San Miguel", "Vitacura", "Lo Barnechea", "Colina", "Lampa", "Tiltil", "Pirque", "Puente Alto", "San José de Maipo", "Buin", "Calera de Tango", "Paine", "San Bernardo", "Alhué", "Curacaví", "María Pinto", "Melipilla", "San Pedro", "Talagante", "El Monte", "Isla de Maipo", "Padre Hurtado", "Peñaflor"]},
      {"name": "Tarapacá", "cities": ["Iquique", "Alto Hospicio", "Pozo Almonte", "Camiña", "Colchane", "Huara", "Pica"]},
      {"name": "Valparaíso", "cities": ["Valparaíso", "Viña del Mar", "Quilpué", "Villa Alemana", "San Antonio", "Quillota", "Los Andes", "La Calera", "Limache", "Casablanca", "Nogales", "Cabildo", "Papudo", "Petorca", "Zapallar", "Puchuncaví", "Quintero", "Algarrobo", "El Quisco", "El Tabo", "Cartagena", "San Felipe", "Llaillay", "Putaendo", "Santa María", "Catemu", "Panquehue", "Rinconada", "Calle Larga", "Los Andes", "San Esteban", "La Ligua", "Petorca", "Cabildo", "Papudo", "Zapallar"]}
    ]
  },
  {
    "country": "China",
    "currencyCode": "CNY",
    "currencyName": "Chinese Yuan",
    "states": [
      {"name": "Anhui", "cities": ["Hefei", "Wuhu", "Bengbu", "Huainan", "Ma'anshan", "Huaibei", "Tongling", "Anqing", "Huangshan", "Chuzhou", "Fuyang", "Suzhou", "Lu'an", "Bozhou", "Chizhou", "Xuancheng"]},
      {"name": "Beijing", "cities": ["Beijing", "Dongcheng", "Xicheng", "Chaoyang", "Haidian", "Fengtai", "Shijingshan", "Mentougou", "Fangshan", "Tongzhou", "Shunyi", "Changping", "Daxing", "Huairou", "Pinggu", "Miyun", "Yanqing"]},
      {"name": "Chongqing", "cities": ["Chongqing", "Wanzhou", "Fuling", "Yuzhong", "Dadukou", "Jiangbei", "Shapingba", "Jiulongpo", "Nan'an", "Beibei", "Yubei", "Banan", "Changshou", "Qijiang", "Dazu", "Yongchuan", "Hechuan", "Jiangjin", "Nanchuan", "Tongliang", "Tongnan", "Rongchang", "Bishan", "Liangping", "Chengkou", "Fengdu", "Dianjiang", "Wulong", "Zhongxian", "Kaixian", "Yunyang", "Fengjie", "Wushan", "Wuxi", "Qianjiang", "Shizhu"]},
      {"name": "Fujian", "cities": ["Fuzhou", "Xiamen", "Putian", "Sanming", "Quanzhou", "Zhangzhou", "Nanping", "Longyan", "Ningde"]},
      {"name": "Gansu", "cities": ["Lanzhou", "Jiayuguan", "Jinchang", "Baiyin", "Tianshui", "Wuwei", "Zhangye", "Pingliang", "Jiuquan", "Qingyang", "Dingxi", "Longnan"]},
      {"name": "Guangdong", "cities": ["Guangzhou", "Shenzhen", "Zhuhai", "Shantou", "Foshan", "Jiangmen", "Zhanjiang", "Maoming", "Zhaoqing", "Huizhou", "Meizhou", "Shanwei", "Heyuan", "Yangjiang", "Qingyuan", "Dongguan", "Zhongshan", "Chaozhou", "Jieyang", "Yunfu"]},
      {"name": "Guangxi", "cities": ["Nanning", "Liuzhou", "Guilin", "Wuzhou", "Beihai", "Fangchenggang", "Qinzhou", "Guigang", "Yulin", "Baise", "Hezhou", "Hechi", "Laibin", "Chongzuo"]},
      {"name": "Guizhou", "cities": ["Guiyang", "Liupanshui", "Zunyi", "Anshun", "Bijie", "Tongren"]},
      {"name": "Hainan", "cities": ["Haikou", "Sanya", "Danzhou", "Wuzhishan", "Qionghai", "Wenchang", "Wanning", "Dongfang", "Ding'an", "Tunchang", "Chengmai", "Lingao", "Baisha", "Changjiang", "Ledong", "Lingshui", "Baoting", "Qiongzhong"]},
      {"name": "Hebei", "cities": ["Shijiazhuang", "Tangshan", "Qinhuangdao", "Handan", "Xingtai", "Baoding", "Zhangjiakou", "Chengde", "Cangzhou", "Langfang", "Hengshui"]},
      {"name": "Heilongjiang", "cities": ["Harbin", "Qiqihar", "Jixi", "Hegang", "Shuangyashan", "Daqing", "Yichun", "Jiamusi", "Qitaihe", "Mudanjiang", "Heihe", "Suihua"]},
      {"name": "Henan", "cities": ["Zhengzhou", "Kaifeng", "Luoyang", "Pingdingshan", "Anyang", "Hebi", "Xinxiang", "Jiaozuo", "Puyang", "Xuchang", "Luohe", "Sanmenxia", "Nanyang", "Shangqiu", "Xinyang", "Zhoukou", "Zhumadian"]},
      {"name": "Hong Kong", "cities": ["Hong Kong Island", "Kowloon", "New Territories", "Central and Western", "Wan Chai", "Eastern", "Southern", "Yau Tsim Mong", "Sham Shui Po", "Kowloon City", "Wong Tai Sin", "Kwun Tong", "Kwai Tsing", "Tsuen Wan", "Tuen Mun", "Yuen Long", "North", "Tai Po", "Sai Kung", "Sha Tin"]},
      {"name": "Hubei", "cities": ["Wuhan", "Huangshi", "Shiyan", "Yichang", "Xiangyang", "Ezhou", "Jingmen", "Xiaogan", "Jingzhou", "Huanggang", "Xianning", "Suizhou", "Enshi", "Xiantao", "Qianjiang", "Tianmen", "Shennongjia"]},
      {"name": "Hunan", "cities": ["Changsha", "Zhuzhou", "Xiangtan", "Hengyang", "Shaoyang", "Yueyang", "Changde", "Zhangjiajie", "Yiyang", "Chenzhou", "Yongzhou", "Huaihua", "Loudi", "Xiangxi"]},
      {"name": "Inner Mongolia", "cities": ["Hohhot", "Baotou", "Wuhai", "Chifeng", "Tongliao", "Ordos", "Hulunbuir", "Bayannur", "Ulanqab", "Xilingol", "Alxa", "Hinggan"]},
      {"name": "Jiangsu", "cities": ["Nanjing", "Wuxi", "Xuzhou", "Changzhou", "Suzhou", "Nantong", "Lianyungang", "Huai'an", "Yancheng", "Yangzhou", "Zhenjiang", "Taizhou", "Suqian"]},
      {"name": "Jiangxi", "cities": ["Nanchang", "Jingdezhen", "Pingxiang", "Jiujiang", "Xinyu", "Yingtan", "Ganzhou", "Ji'an", "Yichun", "Fuzhou", "Shangrao"]},
      {"name": "Jilin", "cities": ["Changchun", "Jilin", "Siping", "Liaoyuan", "Tonghua", "Baishan", "Songyuan", "Baicheng", "Yanbian"]},
      {"name": "Liaoning", "cities": ["Shenyang", "Dalian", "Anshan", "Fushun", "Benxi", "Dandong", "Jinzhou", "Yingkou", "Fuxin", "Liaoyang", "Panjin", "Tieling", "Chaoyang", "Huludao"]},
      {"name": "Macau", "cities": ["Macau Peninsula", "Taipa", "Cotai", "Coloane"]},
      {"name": "Ningxia", "cities": ["Yinchuan", "Shizuishan", "Wuzhong", "Guyuan", "Zhongwei"]},
      {"name": "Qinghai", "cities": ["Xining", "Haidong", "Haibei", "Huangnan", "Hainan", "Golog", "Yushu", "Haixi"]},
      {"name": "Shaanxi", "cities": ["Xi'an", "Tongchuan", "Baoji", "Xianyang", "Weinan", "Yan'an", "Hanzhong", "Yulin", "Ankang", "Shangluo"]},
      {"name": "Shandong", "cities": ["Jinan", "Qingdao", "Zibo", "Zaozhuang", "Dongying", "Yantai", "Weifang", "Jining", "Tai'an", "Weihai", "Rizhao", "Laiwu", "Linyi", "Dezhou", "Liaocheng", "Binzhou", "Heze"]},
      {"name": "Shanghai", "cities": ["Shanghai", "Huangpu", "Xuhui", "Changning", "Jing'an", "Putuo", "Zhabei", "Hongkou", "Yangpu", "Minhang", "Baoshan", "Jiading", "Pudong", "Jinshan", "Songjiang", "Qingpu", "Fengxian", "Chongming"]},
      {"name": "Shanxi", "cities": ["Taiyuan", "Datong", "Yangquan", "Changzhi", "Jincheng", "Shuozhou", "Jinzhong", "Yuncheng", "Xinzhou", "Linfen", "Lüliang"]},
      {"name": "Sichuan", "cities": ["Chengdu", "Zigong", "Panzhihua", "Luzhou", "Deyang", "Mianyang", "Guangyuan", "Suining", "Neijiang", "Leshan", "Nanchong", "Meishan", "Yibin", "Guang'an", "Dazhou", "Ya'an", "Bazhong", "Ziyang", "Aba", "Ganzi", "Liangshan"]},
      {"name": "Tianjin", "cities": ["Tianjin", "Heping", "Hedong", "Hexi", "Nankai", "Hebei", "Hongqiao", "Dongli", "Xiqing", "Jinnan", "Beichen", "Wuqing", "Baodi", "Binhai", "Ninghe", "Jinghai", "Jizhou"]},
      {"name": "Tibet", "cities": ["Lhasa", "Shigatse", "Chamdo", "Nyingchi", "Shannan", "Nagqu", "Ngari"]},
      {"name": "Xinjiang", "cities": ["Ürümqi", "Karamay", "Turpan", "Hami", "Changji", "Bortala", "Bayingolin", "Kizilsu", "Aksu", "Kashgar", "Hotan", "Ili", "Tacheng", "Altay"]},
      {"name": "Yunnan", "cities": ["Kunming", "Qujing", "Yuxi", "Baoshan", "Zhaotong", "Lijiang", "Pu'er", "Lincang", "Chuxiong", "Honghe", "Wenshan", "Xishuangbanna", "Dali", "Dehong", "Nujiang", "Diqing"]},
      {"name": "Zhejiang", "cities": ["Hangzhou", "Ningbo", "Wenzhou", "Jiaxing", "Huzhou", "Shaoxing", "Jinhua", "Quzhou", "Zhoushan", "Taizhou", "Lishui"]}
    ]
  },
  {
    "country": "Colombia",
    "currencyCode": "COP",
    "currencyName": "Colombian Peso",
    "states": [
      {"name": "Amazonas", "cities": ["Leticia", "Puerto Nariño", "El Encanto", "La Chorrera", "La Pedrera", "La Victoria", "Mirití-Paraná", "Puerto Alegría", "Puerto Arica", "Puerto Santander", "Tarapacá"]},
      {"name": "Antioquia", "cities": ["Medellín", "Bello", "Itagüí", "Envigado", "Apartadó", "Caucasia", "Turbo", "Rionegro", "Copacabana", "La Ceja", "Sabaneta", "Barbosa", "Girardota", "Caldas", "Amagá", "Andes", "Angelópolis", "Angostura", "Anorí", "Santafé de Antioquia", "San Carlos", "San Francisco", "San Jerónimo", "San José de la Montaña", "San Juan de Urabá", "San Luis", "San Pedro", "San Rafael", "San Roque", "San Vicente", "Santa Bárbara", "Santa Rosa de Osos", "Santo Domingo", "El Santuario", "Segovia", "Sonsón", "Sopetrán", "Támesis", "Tarazá", "Tarso", "Titiribí", "Toledo", "Uramita", "Urrao", "Valdivia", "Valparaíso", "Vegachí", "Venecia", "Vigía del Fuerte", "Yalí", "Yarumal", "Yolombó", "Yondó", "Zaragoza"]},
      {"name": "Arauca", "cities": ["Arauca", "Arauquita", "Cravo Norte", "Fortul", "Puerto Rondón", "Saravena", "Tame"]},
      {"name": "Atlántico", "cities": ["Barranquilla", "Soledad", "Malambo", "Sabanalarga", "Santo Tomás", "Palmar de Varela", "Candelaria", "Galapa", "Juan de Acosta", "Luruaco", "Manatí", "Piojó", "Polonuevo", "Ponedera", "Puerto Colombia", "Repelón", "Sabanagrande", "Santa Lucía", "Suan", "Tubará", "Usiacurí"]},
      {"name": "Bogotá, D.C.", "cities": ["Bogotá", "Usaquén", "Chapinero", "Santa Fe", "San Cristóbal", "Usme", "Tunjuelito", "Bosa", "Kennedy", "Fontibón", "Engativá", "Suba", "Barrios Unidos", "Teusaquillo", "Los Mártires", "Antonio Nariño", "Puente Aranda", "La Candelaria", "Rafael Uribe Uribe", "Ciudad Bolívar", "Sumapaz"]},
      {"name": "Bolívar", "cities": ["Cartagena", "Magangué", "El Carmen de Bolívar", "Arjona", "San Juan Nepomuceno", "María La Baja", "San Jacinto", "Calamar", "Santa Rosa del Sur", "San Pablo", "Barranco de Loba", "El Guamo", "Hatillo de Loba", "Margarita", "Mompós", "Morales", "Norosí", "Pinillos", "Regidor", "Río Viejo", "San Cristóbal", "San Estanislao", "San Fernando", "San Martín de Loba", "Santa Catalina", "Santa Rosa", "Simití", "Soplaviento", "Talaigua Nuevo", "Tiquisio", "Turbaco", "Turbaná", "Villanueva", "Zambrano"]},
      {"name": "Boyacá", "cities": ["Tunja", "Sogamoso", "Duitama", "Chiquinquirá", "Puerto Boyacá", "Samacá", "Moniquirá", "Villa de Leyva", "Nobsa", "Paipa", "Santa Rosa de Viterbo", "Soatá", "Sutamarchán", "Tinjacá", "Toca", "Tópaga", "Tota", "Turmequé", "Tutazá", "Umbita", "Ventaquemada", "Viracachá", "Zetaquira"]},
      {"name": "Caldas", "cities": ["Manizales", "La Dorada", "Chinchiná", "Villamaría", "Samaná", "Aguadas", "Anserma", "Aranzazu", "Belalcázar", "Filadelfia", "La Merced", "Manzanares", "Marmato", "Marquetalia", "Marulanda", "Neira", "Norcasia", "Pácora", "Palestina", "Pensilvania", "Riosucio", "Risaralda", "Salamina", "San José", "Supía", "Victoria", "Viterbo"]},
      {"name": "Caquetá", "cities": ["Florencia", "Belén de los Andaquíes", "Cartagena del Chairá", "Curillo", "El Doncello", "El Paujíl", "La Montañita", "Milán", "Morelia", "Puerto Rico", "San José del Fragua", "San Vicente del Caguán", "Solano", "Solita", "Valparaíso"]},
      {"name": "Casanare", "cities": ["Yopal", "Aguazul", "Chámeza", "Hato Corozal", "La Salina", "Maní", "Monterrey", "Nunchía", "Orocué", "Paz de Ariporo", "Pore", "Recetor", "Sabanalarga", "Sácama", "San Luis de Palenque", "Támara", "Tauramena", "Trinidad", "Villanueva"]},
      {"name": "Cauca", "cities": ["Popayán", "Santander de Quilichao", "Puerto Tejada", "Patía", "Bolívar", "Cajibío", "Caldono", "Corinto", "El Tambo", "Florencia", "Guachené", "Guapi", "Inzá", "Jambaló", "La Sierra", "La Vega", "López", "Mercaderes", "Miranda", "Morales", "Padilla", "Páez", "Piamonte", "Piendamó", "Puerto Tejada", "Purace", "Rosas", "San Sebastián", "Santa Rosa", "Silvia", "Sotará", "Suárez", "Sucre", "Timbío", "Timbiquí", "Toribío", "Totoró", "Villa Rica"]},
      {"name": "Cesar", "cities": ["Valledupar", "Aguachica", "Agustín Codazzi", "Bosconia", "Chimichagua", "Chiriguaná", "Curumaní", "El Copey", "El Paso", "Gamarra", "González", "La Gloria", "La Jagua de Ibirico", "La Paz", "Manaure", "Pailitas", "Pelaya", "Pueblo Bello", "Río de Oro", "San Alberto", "San Diego", "San Martín", "Tamalameque"]},
      {"name": "Chocó", "cities": ["Quibdó", "Istmina", "Condoto", "El Carmen de Atrato", "Lloró", "Medio Atrato", "Medio Baudo", "Medio San Juan", "Nóvita", "Nuquí", "Río Iró", "Río Quito", "Riosucio", "San José del Palmar", "Sipí", "Tadó", "Unguía", "Unión Panamericana"]},
      {"name": "Córdoba", "cities": ["Montería", "Cereté", "Sahagún", "Lorica", "Montelíbano", "Planeta Rica", "Puerto Libertador", "Tierralta", "Valencia", "Ayapel", "Buenavista", "Canalete", "Chimá", "Chinú", "Ciénaga de Oro", "Cotorra", "La Apartada", "Los Córdobas", "Momil", "Moñitos", "Pueblo Nuevo", "Puerto Escondido", "Purísima", "San Antero", "San Bernardo del Viento", "San Carlos", "San José de Uré", "San Pelayo", "Santa Cruz de Lorica", "Tuchín"]},
      {"name": "Cundinamarca", "cities": ["Bogotá", "Soacha", "Girardot", "Facatativá", "Zipaquirá", "Chía", "Mosquera", "Madrid", "Funza", "Fusagasugá", "Sopó", "Cajicá", "La Calera", "Cota", "Tocancipá", "Sibaté", "Tabio", "Tenjo", "Gachancipá", "Bojacá", "El Rosal", "Subachoque", "Pacho", "La Mesa", "Nemocón", "Cogua", "Suesca", "Gachetá", "Guatavita", "Sesquilé", "Sutatausa", "Tausa", "Cucunubá", "Carmen de Carupa", "San Cayetano", "Villapinzón", "Chocontá", "Machetá", "Manta", "Ubalá", "Guasca", "Junín", "La Vega", "Nariño", "Nilo", "Ricaurte", "Silvania", "Tibacuy", "Venecia", "Anapoima", "Apulo", "Cachipay", "El Colegio", "La Peña", "La Vega", "Nimaima", "Nocaima", "Quebradanegra", "San Francisco", "Sasaima", "Supatá", "Útica", "Vergara", "Villeta", "Guayabal de Síquima", "San Bernardo", "Agua de Dios", "Albán", "Anolaima", "Arbeláez", "Beltrán", "Bituima", "Chaguaní", "Guayabetal", "Pulí", "San Antonio del Tequendama", "Vianí", "Viotá"]},
      {"name": "Guainía", "cities": ["Inírida", "Barranco Minas", "Cacahual", "La Guadalupe", "Morichal", "Pana Pana", "Puerto Colombia", "San Felipe"]},
      {"name": "Guaviare", "cities": ["San José del Guaviare", "Calamar", "El Retorno", "Miraflores"]},
      {"name": "Huila", "cities": ["Neiva", "Garzón", "La Plata", "Pitalito", "Campoalegre", "Palermo", "San Agustín", "Aipe", "Altamira", "Baraya", "Colombia", "Elías", "Gigante", "Guadalupe", "Hobo", "Iquira", "Isnos", "Nataga", "Oporapa", "Paicol", "Palestina", "Rivera", "Saladoblanco", "Santa María", "Suaza", "Tarqui", "Tello", "Teruel", "Tesalia", "Timaná", "Villavieja", "Yaguará"]},
      {"name": "La Guajira", "cities": ["Riohacha", "Maicao", "Uribia", "Manaure", "Albania", "Barrancas", "Dibulla", "Distracción", "El Molino", "Fonseca", "Hatonuevo", "La Jagua del Pilar", "San Juan del Cesar", "Urumita", "Villanueva"]},
      {"name": "Magdalena", "cities": ["Santa Marta", "Ciénaga", "Fundación", "Plato", "El Banco", "Aracataca", "Pivijay", "Pueblo Viejo", "Remolino", "Sabanas de San Ángel", "Chibolo", "Concordia", "El Piñón", "Pedraza", "Pijiño del Carmen", "San Sebastián de Buenavista", "San Zenón", "Santa Ana", "Santa Bárbara de Pinto", "Sitionuevo", "Tenerife", "Zapayán", "Zona Bananera"]},
      {"name": "Meta", "cities": ["Villavicencio", "Acacías", "Granada", "Puerto López", "San Martín", "Cumaral", "Puerto Gaitán", "Puerto Lleras", "Puerto Rico", "San Carlos de Guaroa", "San Juan de Arama", "Cabuyaro", "Castilla la Nueva", "Cubarral", "Cumaral", "El Calvario", "El Castillo", "El Dorado", "Fuente de Oro", "Guamal", "La Macarena", "Lejanías", "Mapiripán", "Mesetas", "Puerto Concordia", "Puerto Lleras", "Puerto Rico", "Restrepo", "San Carlos de Guaroa", "San Juan de Arama", "San Luis de Cubarral", "San Martín", "Uribe", "Vista Hermosa"]},
     