[
  {
    "country": "Poland",
    "currencyCode": "PLN",
    "currencyName": "Polish Złoty",
    "states": [
      {
        "name": "Greater Poland",
        "cities": ["Poznań", "Kalisz", "Konin", "Piła", "Ostrów Wielkopolski", "Gniezno", "Leszno"]
      },
      {
        "name": "Kuyavian-Pomeranian",
        "cities": ["Bydgoszcz", "Toruń", "Włocławek", "Grudziądz", "Inowrocław", "Brodnica"]
      },
      {
        "name": "Lesser Poland",
        "cities": ["Kraków", "Tarnów", "Nowy Sącz", "Oświęcim", "Chrzanów", "Olkusz", "Nowy Targ"]
      },
      {
        "name": "Łódź",
        "cities": ["Łódź", "Piotrków Trybunalski", "Pabianice", "Tomaszów Mazowiecki", "Bełchatów", "Zgierz"]
      },
      {
        "name": "Lower Silesian",
        "cities": ["Wrocław", "Wałbrzych", "Legnica", "Jelenia Góra", "Lubin", "Głogów", "Świdnica"]
      },
      {
        "name": "Lublin",
        "cities": ["Lublin", "Chełm", "Zamość", "Biała Podlaska", "Puławy", "Świdnik", "Kraśnik"]
      },
      {
        "name": "Lubusz",
        "cities": ["Gorzów Wielkopolski", "Zielona Góra", "Nowa Sól", "Żary", "Żagań", "Międzyrzecz"]
      },
      {
        "name": "Masovian",
        "cities": ["Warsaw", "Radom", "Płock", "Siedlce", "Pruszków", "Legionowo", "Ostrołęka"]
      },
      {
        "name": "Opole",
        "cities": ["Opole", "Kędzierzyn-Koźle", "Nysa", "Brzeg", "Kluczbork", "Prudnik", "Strzelce Opolskie"]
      },
      {
        "name": "Podlaskie",
        "cities": ["Białystok", "Suwałki", "Łomża", "Augustów", "Bielsk Podlaski", "Zambrów", "Grajewo"]
      },
      {
        "name": "Pomeranian",
        "cities": ["Gdańsk", "Gdynia", "Sopot", "Słupsk", "Tczew", "Wejherowo", "Starogard Gdański"]
      },
      {
        "name": "Silesian",
        "cities": ["Katowice", "Częstochowa", "Sosnowiec", "Gliwice", "Zabrze", "Bytom", "Ruda Śląska", "Tychy", "Dąbrowa Górnicza", "Chorzów", "Jaworzno"]
      },
      {
        "name": "Subcarpathian",
        "cities": ["Rzeszów", "Przemyśl", "Stalowa Wola", "Mielec", "Tarnobrzeg", "Krosno", "Dębica"]
      },
      {
        "name": "Holy Cross",
        "cities": ["Kielce", "Ostrowiec Świętokrzyski", "Starachowice", "Skarżysko-Kamienna", "Sandomierz", "Końskie"]
      },
      {
        "name": "Warmian-Masurian",
        "cities": ["Olsztyn", "Elbląg", "Ełk", "Ostróda", "Iława", "Giżycko", "Kętrzyn"]
      },
      {
        "name": "West Pomeranian",
        "cities": ["Szczecin", "Koszalin", "Stargard", "Kołobrzeg", "Świnoujście", "Szczecinek", "Police"]
      }
    ]
  },
  {
    "country": "Portugal",
    "currencyCode": "EUR",
    "currencyName": "Euro",
    "states": [
      {
        "name": "Aveiro",
        "cities": ["Aveiro", "Águeda", "Albergaria-a-Velha", "Anadia", "Arouca", "Castelo de Paiva", "Espinho", "Estarreja", "Santa Maria da Feira", "Ílhavo", "Mealhada", "Murtosa", "Oliveira de Azeméis", "Oliveira do Bairro", "Ovar", "São João da Madeira", "Sever do Vouga", "Vagos", "Vale de Cambra"]
      },
      {
        "name": "Beja",
        "cities": ["Beja", "Aljustrel", "Almodôvar", "Alvito", "Barrancos", "Castro Verde", "Cuba", "Ferreira do Alentejo", "Mértola", "Moura", "Odemira", "Ourique", "Serpa", "Vidigueira"]
      },
      {
        "name": "Braga",
        "cities": ["Braga", "Amares", "Barcelos", "Braga", "Cabeceiras de Basto", "Celorico de Basto", "Esposende", "Fafe", "Guimarães", "Póvoa de Lanhoso", "Terras de Bouro", "Vieira do Minho", "Vila Nova de Famalicão", "Vila Verde", "Vizela"]
      },
      {
        "name": "Bragança",
        "cities": ["Bragança", "Alfândega da Fé", "Carrazeda de Ansiães", "Freixo de Espada à Cinta", "Macedo de Cavaleiros", "Miranda do Douro", "Mirandela", "Mogadouro", "Torre de Moncorvo", "Vila Flor", "Vimioso", "Vinhais"]
      },
      {
        "name": "Castelo Branco",
        "cities": ["Castelo Branco", "Belmonte", "Benavente", "Idanha-a-Nova", "Oleiros", "Penamacor", "Proença-a-Nova", "Sertã", "Vila de Rei", "Vila Velha de Ródão"]
      },
      {
        "name": "Coimbra",
        "cities": ["Coimbra", "Arganil", "Cantanhede", "Condeixa-a-Nova", "Figueira da Foz", "Góis", "Lousã", "Mira", "Miranda do Corvo", "Montemor-o-Velho", "Oliveira do Hospital", "Pampilhosa da Serra", "Penacova", "Penela", "Soure", "Tábua", "Vila Nova de Poiares"]
      },
      {
        "name": "Évora",
        "cities": ["Évora", "Alandroal", "Arraiolos", "Borba", "Estremoz", "Montemor-o-Novo", "Moura", "Portel", "Redondo", "Reguengos de Monsaraz", "Vendas Novas", "Viana do Alentejo", "Vila Viçosa"]
      },
      {
        "name": "Faro",
        "cities": ["Faro", "Albufeira", "Alcoutim", "Aljezur", "Castro Marim", "Lagoa", "Lagos", "Loulé", "Monchique", "Olhão", "Portimão", "São Brás de Alportel", "Silves", "Tavira", "Vila do Bispo", "Vila Real de Santo António"]
      },
      {
        "name": "Guarda",
        "cities": ["Guarda", "Aguiar da Beira", "Almeida", "Celorico da Beira", "Figueira de Castelo Rodrigo", "Fornos de Algodres", "Gouveia", "Manteigas", "Mêda", "Pinhel", "Sabugal", "Seia", "Trancoso", "Vila Nova de Foz Côa"]
      },
      {
        "name": "Leiria",
        "cities": ["Leiria", "Alcobaça", "Alvaiázere", "Ansião", "Batalha", "Bombarral", "Caldas da Rainha", "Castanheira de Pêra", "Figueiró dos Vinhos", "Marinha Grande", "Nazaré", "Óbidos", "Pedrógão Grande", "Peniche", "Pombal", "Porto de Mós"]
      },
      {
        "name": "Lisbon",
        "cities": ["Lisbon", "Alcochete", "Almada", "Amadora", "Barreiro", "Cascais", "Lisbon", "Loures", "Mafra", "Moita", "Montijo", "Odivelas", "Oeiras", "Palmela", "Seixal", "Sesimbra", "Setúbal", "Sintra", "Vila Franca de Xira"]
      },
      {
        "name": "Madeira",
        "cities": ["Funchal", "Câmara de Lobos", "Machico", "Ponta do Sol", "Porto Moniz", "Ribeira Brava", "Santa Cruz", "Santana", "São Vicente"]
      },
      {
        "name": "Portalegre",
        "cities": ["Portalegre", "Alter do Chão", "Arronches", "Avis", "Campo Maior", "Castelo de Vide", "Crato", "Elvas", "Fronteira", "Gavião", "Marvão", "Monforte", "Nisa", "Ponte de Sor", "Sousel"]
      },
      {
        "name": "Porto",
        "cities": ["Porto", "Amarante", "Baião", "Felgueiras", "Gondomar", "Lousada", "Maia", "Marco de Canaveses", "Matosinhos", "Paços de Ferreira", "Paredes", "Penafiel", "Porto", "Póvoa de Varzim", "Santo Tirso", "Valongo", "Vila do Conde", "Vila Nova de Gaia"]
      },
      {
        "name": "Santarém",
        "cities": ["Santarém", "Abrantes", "Alcanena", "Almeirim", "Alpiarça", "Benavente", "Cartaxo", "Chamusca", "Constância", "Coruche", "Entroncamento", "Ferreira do Zêzere", "Golegã", "Mação", "Ourém", "Rio Maior", "Salvaterra de Magos", "Sardoal", "Tomar", "Torres Novas", "Vila Nova da Barquinha"]
      },
      {
        "name": "Setúbal",
        "cities": ["Setúbal", "Alcácer do Sal", "Grândola", "Odemira", "Santiago do Cacém", "Sines"]
      },
      {
        "name": "Viana do Castelo",
        "cities": ["Viana do Castelo", "Arcos de Valdevez", "Caminha", "Melgaço", "Monção", "Paredes de Coura", "Ponte da Barca", "Ponte de Lima", "Valença", "Vila Nova de Cerveira"]
      },
      {
        "name": "Vila Real",
        "cities": ["Vila Real", "Alijó", "Boticas", "Chaves", "Mesão Frio", "Mondim de Basto", "Montalegre", "Murça", "Peso da Régua", "Ribeira de Pena", "Sabrosa", "Santa Marta de Penaguião", "Valpaços", "Vila Pouca de Aguiar"]
      },
      {
        "name": "Viseu",
        "cities": ["Viseu", "Armamar", "Carregal do Sal", "Castro Daire", "Cinfães", "Lamego", "Mangualde", "Moimenta da Beira", "Mortágua", "Nelas", "Oliveira de Frades", "Penalva do Castelo", "Penedono", "Resende", "Santa Comba Dão", "São João da Pesqueira", "São Pedro do Sul", "Sátão", "Sernancelhe", "Tabuaço", "Tarouca", "Tondela", "Vila Nova de Paiva", "Viseu", "Vouzela"]
      },
      {
        "name": "Azores",
        "cities": ["Ponta Delgada", "Angra do Heroísmo", "Horta", "Lagoa", "Madalena", "Praia da Vitória", "Ribeira Grande", "Vila do Porto", "Vila Franca do Campo"]
      }
    ]
  },
  {
    "country": "Qatar",
    "currencyCode": "QAR",
    "currencyName": "Qatari Riyal",
    "states": [
      {
        "name": "Al Daayen",
        "cities": ["Lusail", "Al Kheesa", "Wadi Al Banat", "Rawdat Al Hamama", "Umm Qarn"]
      },
      {
        "name": "Al Khor",
        "cities": ["Al Khor", "Al Thakhira", "Simisma", "Ras Laffan"]
      },
      {
        "name": "Al Rayyan",
        "cities": ["Al Rayyan", "Al Wajba", "Al Gharrafa", "Al Shahaniya", "Abu Samra", "Dukhan", "Al Jemailiya", "Umm Bab"]
      },
      {
        "name": "Al Shamal",
        "cities": ["Madinat ash Shamal", "Ar Ru'ays", "Abu Dhalouf"]
      },
      {
        "name": "Al Wakrah",
        "cities": ["Al Wakrah", "Al Wukair", "Doha International Airport", "Musaimeer", "Sheikh Hasina City"]
      },
      {
        "name": "Doha",
        "cities": ["Doha", "Al Dafna", "West Bay", "Umm Ghuwailina", "Al Najada", "Al Sadd", "Bin Mahmoud", "Ras Abu Aboud", "Al Mansoura", "Old Airport"]
      },
      {
        "name": "Umm Salal",
        "cities": ["Umm Salal Mohammed", "Umm Salal Ali", "Bu Fasseela", "Saina Al-Humaidi", "Al Kharaitiyat", "Izghawa"]
      }
    ]
  },
  {
    "country": "Romania",
    "currencyCode": "RON",
    "currencyName": "Romanian Leu",
    "states": [
      {
        "name": "Alba",
        "cities": ["Alba Iulia", "Aiud", "Blaj", "Sebes", "Cugir", "Ocna Mureș", "Teiuș", "Zlatna"]
      },
      {
        "name": "Arad",
        "cities": ["Arad", "Chișineu-Criș", "Ineu", "Lipova", "Nădlac", "Pâncota", "Pecica", "Sântana"]
      },
      {
        "name": "Argeș",
        "cities": ["Pitești", "Câmpulung", "Curtea de Argeș", "Mioveni", "Ștefănești", "Topoloveni", "Costești"]
      },
      {
        "name": "Bacău",
        "cities": ["Bacău", "Onești", "Moinești", "Comănești", "Buhuși", "Dărmănești", "Târgu Ocna"]
      },
      {
        "name": "Bihor",
        "cities": ["Oradea", "Salonta", "Marghita", "Beiuș", "Valea lui Mihai", "Aleșd", "Nucet"]
      },
      {
        "name": "Bistrița-Năsăud",
        "cities": ["Bistrița", "Beclean", "Năsăud", "Sângeorz-Băi", "Rodna", "Uriu"]
      },
      {
        "name": "Botoșani",
        "cities": ["Botoșani", "Dorohoi", "Flămânzi", "Săveni", "Ștefănești", "Bucecea", "Darabani"]
      },
      {
        "name": "Brașov",
        "cities": ["Brașov", "Făgăraș", "Săcele", "Codlea", "Râșnov", "Zărnești", "Victoria", "Ghimbav"]
      },
      {
        "name": "Brăila",
        "cities": ["Brăila", "Ianca", "Însurăței", "Făurei", "Chiscani"]
      },
      {
        "name": "Buzău",
        "cities": ["Buzău", "Râmnicu Sărat", "Nehoiu", "Pogoanele", "Pătârlagele", "Mărăcineni"]
      },
      {
        "name": "Caraș-Severin",
        "cities": ["Reșița", "Caransebeș", "Bocșa", "Moldova Nouă", "Oravița", "Anina", "Oțelu Roșu"]
      },
      {
        "name": "Călărași",
        "cities": ["Călărași", "Oltenița", "Budești", "Fundulea", "Lehliu Gară", "Dragalina"]
      },
      {
        "name": "Cluj",
        "cities": ["Cluj-Napoca", "Turda", "Dej", "Câmpia Turzii", "Gherla", "Huedin", "Florești"]
      },
      {
        "name": "Constanța",
        "cities": ["Constanța", "Mangalia", "Medgidia", "Năvodari", "Cernavodă", "Ovidiu", "Murfatlar", "Eforie", "Techirghiol"]
      },
      {
        "name": "Covasna",
        "cities": ["Sfântu Gheorghe", "Târgu Secuiesc", "Covasna", "Baraolt", "Întorsura Buzăului", "Chichiș"]
      },
      {
        "name": "Dâmbovița",
        "cities": ["Târgoviște", "Moreni", "Pucioasa", "Găești", "Fieni", "Răcari", "Văleni"]
      },
      {
        "name": "Dolj",
        "cities": ["Craiova", "Băilești", "Calafat", "Filiași", "Dăbuleni", "Bechet", "Segarcea"]
      },
      {
        "name": "Galați",
        "cities": ["Galați", "Tecuci", "Târgu Bujor", "Berești", "Liești"]
      },
      {
        "name": "Giurgiu",
        "cities": ["Giurgiu", "Bolintin-Vale", "Mihăilești", "Drăgănești-Vlașca"]
      },
      {
        "name": "Gorj",
        "cities": ["Târgu Jiu", "Motru", "Rovinari", "Bumbești-Jiu", "Târgu Cărbunești", "Tismana", "Novaci"]
      },
      {
        "name": "Harghita",
        "cities": ["Miercurea Ciuc", "Odorheiu Secuiesc", "Gheorgheni", "Toplița", "Cristuru Secuiesc", "Vlăhița", "Băile Tușnad"]
      },
      {
        "name": "Hunedoara",
        "cities": ["Deva", "Hunedoara", "Petroșani", "Lupeni", "Vulcan", "Orăștie", "Brad", "Simeria", "Hațeg"]
      },
      {
        "name": "Ialomița",
        "cities": ["Slobozia", "Fetești", "Urziceni", "Țăndărei", "Amara", "Căzănești"]
      },
      {
        "name": "Iași",
        "cities": ["Iași", "Pașcani", "Hârlău", "Podu Iloaiei", "Târgu Frumos"]
      },
      {
        "name": "Ilfov",
        "cities": ["Buftea", "Otopeni", "Pantelimon", "Voluntari", "Bragadiru", "Chitila", "Măgurele", "Popești-Leordeni", "Berceni", "1 Decembrie"]
      },
      {
        "name": "Maramureș",
        "cities": ["Baia Mare", "Sighetu Marmației", "Borșa", "Vișeu de Sus", "Târgu Lăpuș", "Seini", "Cavnic", "Somcuta Mare"]
      },
      {
        "name": "Mehedinți",
        "cities": ["Drobeta-Turnu Severin", "Orșova", "Strehaia", "Vânju Mare", "Baia de Aramă"]
      },
      {
        "name": "Mureș",
        "cities": ["Târgu Mureș", "Reghin", "Sighișoara", "Târnăveni", "Luduș", "Sovata", "Iernut"]
      },
      {
        "name": "Neamț",
        "cities": ["Piatra Neamț", "Roman", "Târgu Neamț", "Roznov", "Bicaz", "Săvinești"]
      },
      {
        "name": "Olt",
        "cities": ["Slatina", "Caracal", "Balș", "Corabia", "Scornicești", "Drăgănești-Olt", "Piatra-Olt"]
      },
      {
        "name": "Prahova",
        "cities": ["Ploiești", "Câmpina", "Sinaia", "Băicoi", "Breaza", "Bușteni", "Vălenii de Munte", "Azuga", "Predeal", "Mizil"]
      },
      {
        "name": "Satu Mare",
        "cities": ["Satu Mare", "Carei", "Negrești-Oaș", "Tășnad", "Ardud", "Livița"]
      },
      {
        "name": "Sălaj",
        "cities": ["Zalău", "Șimleu Silvaniei", "Jibou", "Cehu Silvaniei", "Crasna"]
      },
      {
        "name": "Sibiu",
        "cities": ["Sibiu", "Mediaș", "Cisnădie", "Avrig", "Agnita", "Tălmaciu", "Miercurea Sibiului"]
      },
      {
        "name": "Suceava",
        "cities": ["Suceava", "Fălticeni", "Rădăuți", "Câmpulung Moldovenesc", "Vatra Dornei", "Gura Humorului", "Siret", "Broșteni"]
      },
      {
        "name": "Teleorman",
        "cities": ["Alexandria", "Roșiorii de Vede", "Turnu Măgurele", "Zimnicea", "Videle"]
      },
      {
        "name": "Timiș",
        "cities": ["Timișoara", "Lugoj", "Sânnicolau Mare", "Jimbolia", "Recaș", "Buziaș", "Făget", "Deta"]
      },
      {
        "name": "Tulcea",
        "cities": ["Tulcea", "Babadag", "Măcin", "Sulina", "Isaccea"]
      },
      {
        "name": "Vaslui",
        "cities": ["Vaslui", "Bârlad", "Huși", "Negrești", "Murgeni"]
      },
      {
        "name": "Vâlcea",
        "cities": ["Râmnicu Vâlcea", "Drăgășani", "Băile Olănești", "Bălcești", "Brezoi", "Călimănești", "Horezu"]
      },
      {
        "name": "Vrancea",
        "cities": ["Focșani", "Adjud", "Mărășești", "Odobești", "Panciu"]
      },
      {
        "name": "Bucharest",
        "cities": ["Bucharest"]
      }
    ]
  },
  {
    "country": "Russia",
    "currencyCode": "RUB",
    "currencyName": "Russian Ruble",
    "states": [
      {
        "name": "Altai Krai",
        "cities": ["Barnaul", "Biysk", "Rubtsovsk", "Novoaltaysk", "Zarinsk", "Kamen-na-Obi", "Slavgorod"]
      },
      {
        "name": "Altai Republic",
        "cities": ["Gorno-Altaysk", "Mayma", "Kosh-Agach", "Turochak", "Ust-Koksa", "Shebalino"]
      },
      {
        "name": "Amur Oblast",
        "cities": ["Blagoveshchensk", "Belogorsk", "Svobodny", "Tynda", "Zeya", "Raychikhinsk", "Shimanovsk"]
      },
      {
        "name": "Arkhangelsk Oblast",
        "cities": ["Arkhangelsk", "Severodvinsk", "Kotlas", "Novodvinsk", "Koryazhma", "Mirny", "Velsk", "Naryan-Mar"]
      },
      {
        "name": "Astrakhan Oblast",
        "cities": ["Astrakhan", "Akhtubinsk", "Znamensk", "Kharabali", "Kamyzyak", "Narimanov"]
      },
      {
        "name": "Bashkortostan",
        "cities": ["Ufa", "Sterlitamak", "Salavat", "Neftekamsk", "Oktyabrsky", "Beloretsk", "Tuymazy", "Ishimbay", "Kumertau", "Sibay", "Belebey"]
      },
      {
        "name": "Belgorod Oblast",
        "cities": ["Belgorod", "Stary Oskol", "Gubkin", "Shebekino", "Alekseyevka", "Valuyki", "Stroitel"]
      },
      {
        "name": "Bryansk Oblast",
        "cities": ["Bryansk", "Klintsy", "Novozybkov", "Dyatkovo", "Unecha", "Karachev", "Zhukovka"]
      },
      {
        "name": "Chechen Republic",
        "cities": ["Grozny", "Urus-Martan", "Shali", "Gudermes", "Argun", "Kurchaloy", "Achkhoy-Martan"]
      },
      {
        "name": "Chelyabinsk Oblast",
        "cities": ["Chelyabinsk", "Magnitogorsk", "Zlatoust", "Miass", "Kopeysk", "Ozersk", "Troitsk", "Snezhinsk", "Satka", "Korkino", "Yuzhnouralsk", "Kyshtym"]
      },
      {
        "name": "Chukotka Autonomous Okrug",
        "cities": ["Anadyr", "Bilibino", "Pevek", "Provideniya", "Ugolnye Kopi"]
      },
      {
        "name": "Chuvashia",
        "cities": ["Cheboksary", "Novocheboksarsk", "Kanash", "Alatyr", "Shumerlya", "Kozlovka", "Tsivilsk"]
      },
      {
        "name": "Irkutsk Oblast",
        "cities": ["Irkutsk", "Bratsk", "Angarsk", "Ust-Ilimsk", "Usolye-Sibirskoye", "Cheremkhovo", "Shelekhov", "Ust-Kut", "Tulun", "Sayansk", "Nizhneudinsk", "Bodaybo"]
      },
      {
        "name": "Ivanovo Oblast",
        "cities": ["Ivanovo", "Kineshma", "Shuya", "Vichuga", "Furmanov", "Teykovo", "Kokhma", "Rodniki", "Yuzha"]
      },
      {
        "name": "Jewish Autonomous Oblast",
        "cities": ["Birobidzhan", "Obluchye", "Bira", "Birakan", "Leninskoye"]
      },
      {
        "name": "Kabardino-Balkaria",
        "cities": ["Nalchik", "Prokhladny", "Baksan", "Nartkala", "Maysky", "Terek", "Tyrnyauz", "Chegem"]
      },
      {
        "name": "Kaliningrad Oblast",
        "cities": ["Kaliningrad", "Sovetsk", "Chernyakhovsk", "Baltiysk", "Gusev", "Svetly", "Guryevsk", "Zelenogradsk", "Pionersky"]
      },
      {
        "name": "Kalmykia",
        "cities": ["Elista", "Lagan", "Gorodovikovsk", "Troitskoye", "Yashkul"]
      },
      {
        "name": "Kaluga Oblast",
        "cities": ["Kaluga", "Obninsk", "Lyudinovo", "Maloyaroslavets", "Balabanovo", "Kirov", "Yukhnov", "Sosensky", "Zhukov", "Kondrovo"]
      },
      {
        "name": "Kamchatka Krai",
        "cities": ["Petropavlovsk-Kamchatsky", "Yelizovo", "Vilyuchinsk", "Klyuchi", "Milkovo", "Ust-Kamchatsk"]
      },
      {
        "name": "Karachay-Cherkessia",
        "cities": ["Cherkessk", "Ust-Dzheguta", "Karachayevsk", "Teberda", "Zelenchukskaya", "Uchkeken"]
      },
      {
        "name": "Kemerovo Oblast",
        "cities": ["Kemerovo", "Novokuznetsk", "Prokopyevsk", "Leninsk-Kuznetsky", "Kiselevsk", "Mezhdurechensk", "Anzhero-Sudzhensk", "Belovo", "Osinniki", "Myski", "Yurga", "Tashtagol", "Polysayevo", "Guryevsk", "Topki"]
      },
      {
        "name": "Khabarovsk Krai",
        "cities": ["Khabarovsk", "Komsomolsk-on-Amur", "Amursk", "Sovetskaya Gavan", "Nikolayevsk-on-Amur", "Bikin", "Vyazemsky", "Vanino"]
      },
      {
        "name": "Khakassia",
        "cities": ["Abakan", "Chernogorsk", "Sayanogorsk", "Abaza", "Sorsk", "Ust-Abakan"]
      },
      {
        "name": "Khanty-Mansi Autonomous Okrug",
        "cities": ["Khanty-Mansiysk", "Surgut", "Nizhnevartovsk", "Nefteyugansk", "Kogalym", "Nyagan", "Megion", "Raduzhny", "Langepas", "Uray", "Yugorsk", "Lyantor", "Sovetsky", "Pokachi"]
      },
      {
        "name": "Kirov Oblast",
        "cities": ["Kirov", "Kirovo-Chepetsk", "Vyatskiye Polyany", "Slobodskoy", "Kotelnich", "Omutninsk", "Yaransk", "Sosnovka", "Zuyevka", "Belaya Kholunitsa"]
      },
      {
        "name": "Komi Republic",
        "cities": ["Syktyvkar", "Ukhta", "Vorkuta", "Pechora", "Usinsk", "Inta", "Sosnogorsk", "Yemva", "Vuktyl", "Mikun"]
      },
      {
        "name": "Kostroma Oblast",
        "cities": ["Kostroma", "Bui", "Sharya", "Nerekhta", "Manturovo", "Galich", "Volgorechensk", "Susanin", "Kady", "Chukhloma"]
      },
      {
        "name": "Krasnodar Krai",
        "cities": ["Krasnodar", "Sochi", "Novorossiysk", "Armavir", "Yeysk", "Kropotkin", "Slavyansk-na-Kubani", "Tuapse", "Tikhoretsk", "Laba", "Anapa", "Gelendzhik", "Timashevsk", "Krymsk", "Belorechensk", "Ust-Labinsk", "Apsheronsk", "Temryuk", "Kurganinsk"]
      },
      {
        "name": "Krasnoyarsk Krai",
        "cities": ["Krasnoyarsk", "Norilsk", "Achinsk", "Kansk", "Zheleznogorsk", "Minusinsk", "Zelenogorsk", "Lesosibirsk", "Nazarovo", "Sharypovo", "Dikson", "Igarka", "Yeniseysk", "Sosnovoborsk", "Uyar", "Borodino", "Uzhur", "Bogotol", "Kodinsk"]
      },
      {
        "name": "Kurgan Oblast",
        "cities": ["Kurgan", "Shadrinsk", "Shumikha", "Kurtamysh", "Kataysk", "Dalmatovo", "Petukhovo", "Kargapolye"]
      },
      {
        "name": "Kursk Oblast",
        "cities": ["Kursk", "Zheleznogorsk", "Kurchatov", "Lgov", "Shchigry", "Rylsk", "Oboyan", "Dmitriyev", "Fatezh", "Sudzha"]
      },
      {
        "name": "Leningrad Oblast",
        "cities": ["Gatchina", "Vyborg", "Tikhvin", "Kirishi", "Kingisepp", "Vsevolozhsk", "Sosnovy Bor", "Volkhov", "Luga", "Slantsy", "Pikalyovo", "Otradnoye", "Boksitogorsk", "Primorsk", "Kirovsk", "Lodeynoye Pole", "Podporozhye", "Nikolskoye", "Kamenka"]
      },
      {
        "name": "Lipetsk Oblast",
        "cities": ["Lipetsk", "Yelets", "Gryazi", "Lebedyan", "Dankov", "Usman", "Chaplygin", "Gryaz", "Zadonsk", "Volovo"]
      },
      {
        "name": "Magadan Oblast",
        "cities": ["Magadan", "Ola", "Susuman", "Ust-Omchug", "Evensk", "Yagodnoye", "Sokol", "Sinegorye"]
      },
      {
        "name": "Mari El",
        "cities": ["Yoshkar-Ola", "Volzhsk", "Kozmodemyansk", "Zvenigovo", "Medvedevo", "Sernur", "Mari-Turek", "Krasnogorsky", "Sovetsky"]
      },
      {
        "name": "Mordovia",
        "cities": ["Saransk", "Ruzayevka", "Kovylkino", "Krasnoslobodsk", "Ardatov", "Temnikov", "Chamzinka", "Atyashevo", "Yelniki", "Zubova Polyana"]
      },
      {
        "name": "Moscow",
        "cities": ["Moscow", "Zelenograd", "Troitsk", "Shcherbinka", "Krasnogorsk"]
      },
      {
        "name": "Moscow Oblast",
        "cities": ["Balashikha", "Podolsk", "Khimki", "Korolyov", "Mytishchi", "Lyubertsy", "Krasnogorsk", "Elektrostal", "Kolomna", "Odintsovo", "Dmitrov", "Pushkino", "Zheleznodorozhny", "Sergiyev Posad", "Noginsk", "Ramenskoye", "Vidnoye", "Lubertsy", "Pavlovsky Posad", "Klin", "Chekhov", "Serpukhov", "Shchyolkovo", "Istra", "Dubna", "Yegoryevsk", "Stupino", "Domodedovo", "Reutov", "Fryazino", "Lobnya", "Taldom", "Kashira", "Aprelevka", "Krasnoznamensk", "Losino-Petrovsky", "Protvino"]
      },
      {
        "name": "Murmansk Oblast",
        "cities": ["Murmansk", "Apatity", "Severomorsk", "Monchegorsk", "Kandalaksha", "Kirovsk", "Olenegorsk", "Kovdor", "Polyarny", "Zapolyarny", "Snezhnogorsk", "Gadzhiyevo", "Zaozersk", "Polyarnye Zori"]
      },
      {
        "name": "Nizhny Novgorod Oblast",
        "cities": ["Nizhny Novgorod", "Dzerzhinsk", "Arzamas", "Sarov", "Bor", "Kstovo", "Pavlovo", "Vyksa", "Balakhna", "Zavolzhye", "Gorodets", "Shakhunya", "Lyskovo", "Semyonov", "Uren", "Chkalovsk", "Volodarsk", "Vorsma", "Pervomaysk", "Kulebaki", "Bogorodsk", "Tumbotino"]
      },
      {
        "name": "North Ossetia-Alania",
        "cities": ["Vladikavkaz", "Mozdok", "Beslan", "Alagir", "Ardon", "Digora", "Zavodskoy"]
      },
      {
        "name": "Novgorod Oblast",
        "cities": ["Veliky Novgorod", "Borovich", "Staraya Russa", "Pestovo", "Chudovo", "Valday", "Soltsy", "Maly Vishera", "Okulovka", "Kholm"]
      },
      {
        "name": "Novosibirsk Oblast",
        "cities": ["Novosibirsk", "Berdsk", "Iskitim", "Kuybyshev", "Barabinsk", "Tatarsk", "Ob", "Karasuk", "Kupino", "Cherepanovo", "Bolotnoye", "Lin", "Suzun"]
      },
      {
        "name": "Omsk Oblast",
        "cities": ["Omsk", "Tara", "Kalachinsk", "Tavricheskoye", "Nazyvayevsk", "Isilkul", "Tyukalinsk", "Cherlak", "Bolsherechye", "Muromtsevo"]
      },
      {
        "name": "Orenburg Oblast",
        "cities": ["Orenburg", "Orsk", "Novotroitsk", "Buzuluk", "Buguruslan", "Gai", "Sorochinsk", "Kuvandyk", "Mednogorsk", "Abdulino", "Yasny", "Sol-Iletsk", "Kumertau"]
      },
      {
        "name": "Oryol Oblast",
        "cities": ["Oryol", "Livny", "Mtsensk", "Bolkhov", "Dmitrovsk", "Mal", "Znamenka", "Naryshkino", "Verkhovye"]
      },
      {
        "name": "Penza Oblast",
        "cities": ["Penza", "Kuznetsk", "Zarechny", "Kamenka", "Serdobsk", "Nizhny Lomov", "Spassk", "Sura", "Gorodishche", "Sursk", "Belinsky", "Shemysheyka", "Bashmakov", "Issa", "Mokshan", "Pachelma", "Lunino", "Tamala", "Kolyshley", "Lopatino", "Sosnovoborsk", "Nikolsk", "Vadinsk"]
      },
      {
        "name": "Perm Krai",
        "cities": ["Perm", "Berezniki", "Solikamsk", "Chaikovsky", "Kungur", "Lysva", "Krasnokamsk", "Chusovoy", "Dobryanka", "Kudymkar", "Gubakha", "Kizel", "Osa", "Nytva", "Krasnovishersk", "Alexandrovsk", "Ochyor", "Chernushka", "Gornozavodsk", "Polazna", "Yayva", "Zvezdny", "Uins", "Suksun", "Gremyachinsk", "Ochyor", "Yurl", "Yug", "Kuyeda", "Barda", "Orda", "Siva", "Karabash", "Ust-Kishert", "Kishert", "Okhansk", "Foki", "Chyordyn", "Nyrob", "Gayny", "Yusva", "Kudymkar", "Koygorodok", "Kochevo", "Yurl", "Yelovo", "Bols", "Uinsk", "Suksun", "Kungur", "Berezniki", "Solikamsk", "Perm", "Chaikovsky", "Lysva", "Krasnokamsk", "Chusovoy", "Dobryanka", "Kudymkar", "Gubakha", "Kizel", "Osa", "Nytva", "Krasnovishersk", "Alexandrovsk", "Ochyor", "Chernushka", "Gornozavodsk", "Polazna", "Yayva", "Zvezdny", "Uins", "Suksun", "Gremyachinsk", "Ochyor", "Yurl", "Yug", "Kuyeda", "Barda", "Orda", "Siva", "Karabash", "Ust-Kishert", "Kishert", "Okhansk", "Foki", "Chyordyn", "Nyrob", "Gayny", "Yusva", "Kudymkar", "Koygorodok", "Kochevo", "Yurl", "Yelovo", "Bols", "Uinsk", "Suksun", "Kungur"]
      }
    ]
  }
]