[
  {
    "country": "Seychelles",
    "currencyCode": "SCR",
    "currencyName": "Seychellois Rupee",
    "states": [
      {
        "name": "Anse aux Pins",
        "cities": ["Anse aux Pins"]
      },
      {
        "name": "Anse Boileau",
        "cities": ["Anse Boileau"]
      },
      {
        "name": "Anse Etoile",
        "cities": ["Anse Etoile"]
      },
      {
        "name": "Anse Royale",
        "cities": ["Anse Royale"]
      },
      {
        "name": "Au Cap",
        "cities": ["Au Cap"]
      },
      {
        "name": "Baie Lazare",
        "cities": ["Baie Lazare"]
      },
      {
        "name": "Baie Sainte Anne",
        "cities": ["Baie Sainte Anne"]
      },
      {
        "name": "Beau Vallon",
        "cities": ["Beau Vallon"]
      },
      {
        "name": "Bel Air",
        "cities": ["Bel Air"]
      },
      {
        "name": "Bel Ombre",
        "cities": ["Bel Ombre"]
      },
      {
        "name": "Cascade",
        "cities": ["Cascade"]
      },
      {
        "name": "Glacis",
        "cities": ["Glacis"]
      },
      {
        "name": "Grand'Anse Mahé",
        "cities": ["Grand'Anse Mahé"]
      },
      {
        "name": "Grand'Anse Praslin",
        "cities": ["Grand'Anse Praslin"]
      },
      {
        "name": "La Digue",
        "cities": ["La Digue", "La Passe"]
      },
      {
        "name": "La Rivière Anglaise",
        "cities": ["La Rivière Anglaise"]
      },
      {
        "name": "Les Mamelles",
        "cities": ["Les Mamelles"]
      },
      {
        "name": "Mont Buxton",
        "cities": ["Mont Buxton"]
      },
      {
        "name": "Mont Fleuri",
        "cities": ["Mont Fleuri"]
      },
      {
        "name": "Plaisance",
        "cities": ["Plaisance"]
      },
      {
        "name": "Pointe La Rue",
        "cities": ["Pointe La Rue"]
      },
      {
        "name": "Port Glaud",
        "cities": ["Port Glaud"]
      },
      {
        "name": "Roche Caiman",
        "cities": ["Roche Caiman"]
      },
      {
        "name": "Saint Louis",
        "cities": ["Saint Louis"]
      },
      {
        "name": "Takamaka",
        "cities": ["Takamaka"]
      }
    ]
  },
  {
    "country": "Sierra Leone",
    "currencyCode": "SLL",
    "currencyName": "Sierra Leonean Leone",
    "states": [
      {
        "name": "Eastern Province",
        "cities": ["Kenema", "Koidu", "Daru", "Segbwema", "Yengema", "Pendembu", "Blama", "Kailahun"]
      },
      {
        "name": "Northern Province",
        "cities": ["Makeni", "Kabala", "Magburaka", "Lunsar", "Kambia", "Port Loko", "Rokupr", "Mambolo"]
      },
      {
        "name": "Southern Province",
        "cities": ["Bo", "Pujehun", "Moyamba", "Bonthe", "Sumbuya", "Mattru Jong", "Yele", "Gbangbatok"]
      },
      {
        "name": "North West Province",
        "cities": ["Port Loko", "Kambia", "Makeni", "Lungi", "Rokupr"]
      },
      {
        "name": "Western Area",
        "cities": ["Freetown", "Waterloo", "Hastings", "Benguema", "Goderich", "Lumley", "Aberdeen", "Murray Town"]
      }
    ]
  },
  {
    "country": "Singapore",
    "currencyCode": "SGD",
    "currencyName": "Singapore Dollar",
    "states": [
      {
        "name": "Central Singapore",
        "cities": ["Bukit Merah", "Bukit Timah", "Bishan", "Geylang", "Kallang", "Marine Parade", "Novena", "Queenstown", "Southern Islands", "Tanglin", "Toa Payoh"]
      },
      {
        "name": "North East Singapore",
        "cities": ["Ang Mo Kio", "Hougang", "North-Eastern Islands", "Punggol", "Seletar", "Sengkang", "Serangoon"]
      },
      {
        "name": "North West Singapore",
        "cities": ["Bukit Batok", "Bukit Panjang", "Choa Chu Kang", "Clementi", "Jurong East", "Jurong West", "Tengah", "Tuas", "Western Islands", "Western Water Catchment", "Woodlands", "Yishun"]
      },
      {
        "name": "South East Singapore",
        "cities": ["Bedok", "Changi", "Changi Bay", "Pasir Ris", "Paya Lebar", "Tampines"]
      },
      {
        "name": "South West Singapore",
        "cities": ["Bukit Merah", "Bukit Timah", "Clementi", "Queenstown", "Southern Islands"]
      }
    ]
  },
  {
    "country": "Slovakia",
    "currencyCode": "EUR",
    "currencyName": "Euro",
    "states": [
      {
        "name": "Banská Bystrica Region",
        "cities": ["Banská Bystrica", "Zvolen", "Brezno", "Lučenec", "Rimavská Sobota", "Nové Zámky", "Veľký Krtíš", "Poltár", "Detva"]
      },
      {
        "name": "Bratislava Region",
        "cities": ["Bratislava", "Malacky", "Pezinok", "Senec", "Stupava", "Svätý Jur", "Ivanka pri Dunaji"]
      },
      {
        "name": "Košice Region",
        "cities": ["Košice", "Spišská Nová Ves", "Rožňava", "Michalovce", "Trebišov", "Gelnica", "Krompachy", "Moldava nad Bodvou", "Strážske"]
      },
      {
        "name": "Nitra Region",
        "cities": ["Nitra", "Komárno", "Levice", "Nové Zámky", "Šaľa", "Topoľčany", "Zlaté Moravce", "Vráble"]
      },
      {
        "name": "Prešov Region",
        "cities": ["Prešov", "Poprad", "Bardejov", "Humenné", "Kežmarok", "Levoča", "Medzilaborce", "Sabinov", "Snina", "Stará Ľubovňa", "Svidník", "Vranov nad Topľou"]
      },
      {
        "name": "Trenčín Region",
        "cities": ["Trenčín", "Prievidza", "Považská Bystrica", "Dubnica nad Váhom", "Bánovce nad Bebravou", "Partizánske", "Ilava", "Myjava", "Nové Mesto nad Váhom"]
      },
      {
        "name": "Trnava Region",
        "cities": ["Trnava", "Piešťany", "Hlohovec", "Dunajská Streda", "Galanta", "Skalica", "Senica", "Sereď"]
      },
      {
        "name": "Žilina Region",
        "cities": ["Žilina", "Martin", "Liptovský Mikuláš", "Ružomberok", "Čadca", "Kysucké Nové Mesto", "Námestovo", "Dolný Kubín", "Tvrdošín", "Bytča"]
      }
    ]
  },
  {
    "country": "Slovenia",
    "currencyCode": "EUR",
    "currencyName": "Euro",
    "states": [
      {
        "name": "Goriška",
        "cities": ["Nova Gorica", "Ajdovščina", "Bovec", "Kobarid", "Miren-Kostanjevica", "Renče-Vogrsko", "Šempeter-Vrtojba", "Tolmin"]
      },
      {
        "name": "Gorenjska",
        "cities": ["Kranj", "Bled", "Jesenice", "Radovljica", "Škofja Loka", "Tržič", "Železniki", "Naklo", "Cerklje na Gorenjskem"]
      },
      {
        "name": "Jugovzhodna Slovenija",
        "cities": ["Novo Mesto", "Kočevje", "Grosuplje", "Krško", "Brežice", "Trebnje", "Metlika", "Črnomelj", "Semič", "Žužemberk", "Mirna", "Ribnica"]
      },
      {
        "name": "Koroška",
        "cities": ["Slovenj Gradec", "Dravograd", "Mežica", "Muta", "Prevalje", "Radlje ob Dravi", "Ravne na Koroškem", "Vuzenica"]
      },
      {
        "name": "Obalno-kraška",
        "cities": ["Koper", "Izola", "Piran", "Ankaran", "Hrpelje-Kozina", "Divača", "Sežana"]
      },
      {
        "name": "Osrednjeslovenska",
        "cities": ["Ljubljana", "Kamnik", "Domžale", "Vrhnika", "Logatec", "Medvode", "Mengeš", "Dol pri Ljubljani", "Moravče", "Škofljica", "Ig", "Borovnica", "Grosuplje"]
      },
      {
        "name": "Podravska",
        "cities": ["Maribor", "Ptuj", "Slovenska Bistrica", "Ormož", "Pesnica", "Rače-Fram", "Rogaška Slatina", "Ruse", "Starše", "Kidričevo", "Majšperk", "Selnica ob Dravi", "Hoče-Slivnica", "Zreče", "Lovrenc na Pohorju", "Duplek", "Gorišnica", "Juršinci", "Podlehnik", "Poljčane", "Markovci", "Destrnik", "Trnovska Vas", "Videm", "Cerkvenjak"]
      },
      {
        "name": "Pomurska",
        "cities": ["Murska Sobota", "Lendava", "Beltinci", "Gornja Radgona", "Radenci", "Turnišče", "Črenšovci", "Dobrovnik", "Grad", "Hodoš", "Kobilje", "Kuzma", "Moravske Toplice", "Odranci", "Puconci", "Rogašovci", "Sveti Jurij ob Ščavnici", "Tišina", "Veržej"]
      },
      {
        "name": "Savinjska",
        "cities": ["Celje", "Velenje", "Slovenske Konjice", "Žalec", "Laško", "Rogaška Slatina", "Šentjur", "Šmarje pri Jelšah", "Braslovče", "Tabor", "Vojnik", "Zreče", "Gornji Grad", "Ljubno", "Luče", "Mozirje", "Nazarje", "Polzela", "Prebold", "Rečica ob Savinji", "Rogaška Slatina", "Šentjur", "Šmarje pri Jelšah", "Šoštanj", "Solčava", "Vitanje", "Vransko"]
      },
      {
        "name": "Posavska",
        "cities": ["Krško", "Brezice", "Sevnica", "Kostanjevica na Krki", "Radeče", "Bistrica ob Sotli"]
      },
      {
        "name": "Primorsko-notranjska",
        "cities": ["Postojna", "Ilirska Bistrica", "Pivka", "Cerknica", "Loška Dolina", "Bloke"]
      },
      {
        "name": "Zasavska",
        "cities": ["Trbovlje", "Hrastnik", "Zagorje ob Savi", "Litija", "Radeče"]
      }
    ]
  }
]