[
  {
    "country": "Solomon Islands",
    "currencyCode": "SBD",
    "currencyName": "Solomon Islands Dollar",
    "states": [
      {
        "name": "Central Province",
        "cities": ["Tulagi", "Tatamba"]
      },
      {
        "name": "Choiseul Province",
        "cities": ["Taro Island", "Choiseul Bay"]
      },
      {
        "name": "Guadalcanal Province",
        "cities": ["Honiara", "Tandai", "Mataniko"]
      },
      {
        "name": "Honiara City",
        "cities": ["Honiara"]
      },
      {
        "name": "Isabel Province",
        "cities": ["Buala", "Kia", "Samasodu"]
      },
      {
        "name": "Makira-Ulawa Province",
        "cities": ["Kirakira", "Star Harbour", "Waimapuru"]
      },
      {
        "name": "Malaita Province",
        "cities": ["Auki", "Malu'u", "Afio", "Buma", "Fo'ondo", "Sulu"]
      },
      {
        "name": "Rennell and Bellona Province",
        "cities": ["Tigoa", "Bellona"]
      },
      {
        "name": "Temotu Province",
        "cities": ["Lata", "Graciosa Bay"]
      },
      {
        "name": "Western Province",
        "cities": ["Gizo", "Munda", "Nor", "Seghe", "Ringgi Cove"]
      }
    ]
  },
  {
    "country": "Somalia",
    "currencyCode": "SOS",
    "currencyName": "Somali Shilling",
    "states": [
      {
        "name": "Awdal",
        "cities": ["Borama", "Baki", "Lughaya", "Zeila"]
      },
      {
        "name": "Bakool",
        "cities": ["Hudur", "Tayeeglow", "Wajid", "Rabdhure"]
      },
      {
        "name": "Banaadir",
        "cities": ["Mogadishu", "Abdiaziz", "Bondhere", "Dharkenley", "Hodan", "Hamar-Weyne", "Hamar-Jajab", "Karaan", "Shangaani", "Shibis", "Waberi", "Wadajir", "Yaqshid"]
      },
      {
        "name": "Bari",
        "cities": ["Bosaso", "Qandala", "Iskushuban", "Ufayn", "Alula", "Bargal"]
      },
      {
        "name": "Bay",
        "cities": ["Baidoa", "Burdhubo", "Dinsor", "Qansax Dheere", "Berdaale"]
      },
      {
        "name": "Galguduud",
        "cities": ["Dhusamareb", "Abudwaq", "Adado", "Balanbale", "Guriel", "El Dheer"]
      },
      {
        "name": "Gedo",
        "cities": ["Garbahaarrey", "Bardera", "Beled Hawo", "El Wak", "Dolow", "Luuq", "Burdhubo"]
      },
      {
        "name": "Hiran",
        "cities": ["Beledweyne", "Buulobarde", "Jalalaqsi", "Mahas", "Mataban"]
      },
      {
        "name": "Middle Juba",
        "cities": ["Bu'aale", "Jilib", "Sakow", "Salagle"]
      },
      {
        "name": "Lower Juba",
        "cities": ["Kismayo", "Jamame", "Afmadow", "Badhaadhe", "Hagar"]
      },
      {
        "name": "Mudug",
        "cities": ["Galkayo", "Hobyo", "Jariban", "Galdogob", "Xarardheere"]
      },
      {
        "name": "Nugal",
        "cities": ["Garowe", "Eyl", "Burtinle", "Dangorayo", "Godobjiran"]
      },
      {
        "name": "Sanaag",
        "cities": ["Erigavo", "Badhan", "Laasqoray", "Dhahar", "Xingalool"]
      },
      {
        "name": "Middle Shebelle",
        "cities": ["Jowhar", "Balad", "Adale", "Adan Yabal", "Mahaday", "Warsheikh"]
      },
      {
        "name": "Lower Shebelle",
        "cities": ["Merca", "Afgooye", "Qoryooley", "Wanla Weyn", "Baraawe", "Sablaale", "Kurtunwaarey"]
      },
      {
        "name": "Sool",
        "cities": ["Las Anod", "Taleh", "Xudun", "Bo'ame"]
      },
      {
        "name": "Togdheer",
        "cities": ["Burao", "Oodweyne", "Buuhoodle", "Sheekh", "Dhaban"]
      },
      {
        "name": "Woqooyi Galbeed",
        "cities": ["Hargeisa", "Berbera", "Gabiley", "Sheekh", "Wajaale"]
      }
    ]
  },
  {
    "country": "South Africa",
    "currencyCode": "ZAR",
    "currencyName": "South African Rand",
    "states": [
      {
        "name": "Eastern Cape",
        "cities": ["Gqeberha", "East London", "Mthatha", "Bhisho", "Queenstown", "Graaff-Reinet", "Cradock", "Uitenhage", "Butterworth", "Grahamstown", "Jeffreys Bay", "Stutterheim"]
      },
      {
        "name": "Free State",
        "cities": ["Bloemfontein", "Welkom", "Bethlehem", "Kroonstad", "Sasolburg", "Virginia", "Phuthaditjhaba", "Botshabelo", "Parys", "Thaba Nchu"]
      },
      {
        "name": "Gauteng",
        "cities": ["Johannesburg", "Pretoria", "Soweto", "Vereeniging", "Kempton Park", "Randburg", "Roodepoort", "Benoni", "Boksburg", "Brakpan", "Carletonville", "Centurion", "Germiston", "Springs", "Sandton", "Midrand", "Alberton", "Westonaria"]
      },
      {
        "name": "KwaZulu-Natal",
        "cities": ["Durban", "Pietermaritzburg", "Ladysmith", "Richards Bay", "Newcastle", "Empangeni", "Pinetown", "Ulundi", "Ballito", "Amanzimtoti", "Margate", "Port Shepstone", "Scottburgh", "Stanger", "Vryheid", "Kokstad"]
      },
      {
        "name": "Limpopo",
        "cities": ["Polokwane", "Thohoyandou", "Mokopane", "Phalaborwa", "Musina", "Lephalale", "Giyani", "Tzaneen", "Louis Trichardt", "Bela-Bela", "Makhado", "Hoedspruit"]
      },
      {
        "name": "Mpumalanga",
        "cities": ["Nelspruit", "Witbank", "Middleburg", "Piet Retief", "Ermelo", "Barberton", "Standerton", "Secunda", "Malelane", "Komatipoort", "Bethal", "Sabie"]
      },
      {
        "name": "North West",
        "cities": ["Mahikeng", "Klerksdorp", "Potchefstroom", "Rustenburg", "Brits", "Lichtenburg", "Zeerust", "Wolmaransstad", "Vryburg", "Stilfontein", "Orkney"]
      },
      {
        "name": "Northern Cape",
        "cities": ["Kimberley", "Upington", "Springbok", "De Aar", "Kuruman", "Port Nolloth", "Colesberg", "Calvinia", "Pofadder", "Sutherland"]
      },
      {
        "name": "Western Cape",
        "cities": ["Cape Town", "Stellenbosch", "Paarl", "Worcester", "George", "Mossel Bay", "Oudtshoorn", "Swellendam", "Saldanha", "Simon's Town", "Knysna", "Hermanus", "Caledon", "Robertson", "Beaufort West", "Vredenburg", "Atlantis"]
      }
    ]
  },
  {
    "country": "South Korea",
    "currencyCode": "KRW",
    "currencyName": "South Korean Won",
    "states": [
      {
        "name": "Busan",
        "cities": ["Busan", "Gijang", "Gangseo", "Geumjeong", "Haeundae", "Jung", "Dong", "Nam", "Saha", "Seo", "Sasang", "Suyeong", "Yeonje", "Buk", "Gangdong"]
      },
      {
        "name": "Chungcheongbuk-do",
        "cities": ["Cheongju", "Chungju", "Jecheon", "Goesan", "Boeun", "Okcheon", "Yeongdong", "Jincheon", "Eumseong", "Danyang", "Jeungpyeong"]
      },
      {
        "name": "Chungcheongnam-do",
        "cities": ["Hongseong", "Asan", "Boryeong", "Cheonan", "Gongju", "Nonsan", "Gyeryong", "Dangjin", "Seosan", "Buyeo", "Geumsan", "Yesan", "Taean"]
      },
      {
        "name": "Daegu",
        "cities": ["Daegu", "Jung", "Dong", "Seo", "Nam", "Buk", "Suseong", "Dalseo", "Dalseong", "Gunwi"]
      },
      {
        "name": "Daejeon",
        "cities": ["Daejeon", "Daedeok", "Dong", "Jung", "Seo", "Yuseong"]
      },
      {
        "name": "Gangwon-do",
        "cities": ["Chuncheon", "Wonju", "Gangneung", "Donghae", "Sokcho", "Samcheok", "Taebaek", "Hongcheon", "Hoengseong", "Yeongwol", "Pyeongchang", "Jeongseon", "Inje", "Goseong", "Yangyang", "Hwacheon", "Yanggu"]
      },
      {
        "name": "Gwangju",
        "cities": ["Gwangju", "Buk", "Dong", "Gwangsan", "Nam", "Seo"]
      },
      {
        "name": "Gyeonggi-do",
        "cities": ["Suwon", "Yongin", "Seongnam", "Goyang", "Bucheon", "Ansan", "Anyang", "Namyangju", "Hwaseong", "Pyeongtaek", "Siheung", "Gwangmyeong", "Gwangju", "Gunpo", "Uijeongbu", "Osan", "Icheon", "Pocheon", "Anseong", "Guri", "Hanam", "Uiwang", "Yeoju", "Dongducheon", "Yangju", "Gapyeong", "Yeoncheon"]
      },
      {
        "name": "Gyeongsangbuk-do",
        "cities": ["Andong", "Pohang", "Gumi", "Gyeongju", "Gimcheon", "Mungyeong", "Yeongju", "Sangju", "Yeongcheon", "Yeongdeok", "Goryeong", "Uiseong", "Cheongsong", "Uljin", "Bonghwa", "Cheongdo", "Chilgok", "Gunwi", "Ulleung"]
      },
      {
        "name": "Gyeongsangnam-do",
        "cities": ["Changwon", "Gimhae", "Jinju", "Yangsan", "Geoje", "Tongyeong", "Sacheon", "Miryang", "Haman", "Uiryeong", "Hapcheon", "Hadong", "Sancheong", "Namhae", "Geochang", "Goseong", "Hamyang", "Changnyeong"]
      },
      {
        "name": "Incheon",
        "cities": ["Incheon", "Bupyeong", "Dong", "Gyeyang", "Jung", "Nam", "Namdong", "Seo", "Yeonsu", "Ganghwa", "Ongjin"]
      },
      {
        "name": "Jeju-do",
        "cities": ["Jeju", "Seogwipo"]
      },
      {
        "name": "Jeollabuk-do",
        "cities": ["Jeonju", "Iksan", "Gunsan", "Jeongeup", "Gimje", "Namwon", "Wanju", "Jinan", "Muju", "Jangsu", "Imsil", "Sunchang", "Gochang", "Buan"]
      },
      {
        "name": "Jeollanam-do",
        "cities": ["Mokpo", "Yeosu", "Suncheon", "Gwangyang", "Naju", "Damyang", "Gokseong", "Gurye", "Goheung", "Boseong", "Hwasun", "Jangheung", "Gangjin", "Haenam", "Yeongam", "Muan", "Hampyeong", "Yeonggwang", "Jangseong", "Wando", "Jindo", "Sinan"]
      },
      {
        "name": "Sejong",
        "cities": ["Sejong"]
      },
      {
        "name": "Seoul",
        "cities": ["Seoul", "Gangnam", "Gangdong", "Gangbuk", "Gangseo", "Gwanak", "Gwangjin", "Guro", "Geumcheon", "Nowon", "Dobong", "Dongdaemun", "Dongjak", "Mapo", "Seodaemun", "Seocho", "Seongdong", "Songpa", "Yangcheon", "Yeongdeungpo", "Yongsan", "Eunpyeong", "Jongno", "Jung", "Jungnang"]
      },
      {
        "name": "Ulsan",
        "cities": ["Ulsan", "Jung", "Nam", "Dong", "Buk", "Ulju"]
      }
    ]
  },
  {
    "country": "South Sudan",
    "currencyCode": "SSP",
    "currencyName": "South Sudanese Pound",
    "states": [
      {
        "name": "Central Equatoria",
        "cities": ["Juba", "Yei", "Terekeka", "Kajo Keji", "Lainya", "Morobo"]
      },
      {
        "name": "Eastern Equatoria",
        "cities": ["Torit", "Kapoeta", "Magwi", "Ikotos", "Budi", "Lafon"]
      },
      {
        "name": "Jonglei",
        "cities": ["Bor", "Akobo", "Pibor", "Pochalla", "Fangak", "Ayod", "Waat", "Uror"]
      },
      {
        "name": "Lakes",
        "cities": ["Rumbek", "Yirol", "Awerial", "Cueibet", "Wulu", "Aweil East"]
      },
      {
        "name": "Northern Bahr el Ghazal",
        "cities": ["Aweil", "Aweil East", "Aweil North", "Aweil West", "Aweil South"]
      },
      {
        "name": "Unity",
        "cities": ["Bentiu", "Leer", "Mayom", "Koch", "Panyijar", "Rubkona", "Guit", "Pariang"]
      },
      {
        "name": "Upper Nile",
        "cities": ["Malakal", "Kodok", "Renk", "Melut", "Manyo", "Maban", "Nasir", "Ulang", "Baliet", "Longochuk", "Maiwut", "Akoka", "Panyikang"]
      },
      {
        "name": "Warrap",
        "cities": ["Kuacjok", "Gogrial", "Tonj", "Twic", "Gogrial West", "Tonj North", "Tonj South"]
      },
      {
        "name": "Western Bahr el Ghazal",
        "cities": ["Wau", "Raja", "Jur River", "Aweil"]
      },
      {
        "name": "Western Equatoria",
        "cities": ["Yambio", "Tambura", "Nzara", "Ezo", "Maridi", "Mundri", "Mvolo", "Ibba", "Nagero"]
      }
    ]
  }
]