[
  {
    "country": "Switzerland",
    "currencyCode": "CHF",
    "currencyName": "Swiss Franc",
    "states": [
      {
        "name": "Aargau",
        "cities": ["Aarau", "Baden", "Wettingen", "Brugg", "Oftringen", "Rheinfelden", "Möhlin", "Wohlen", "Zofingen"]
      },
      {
        "name": "Appenzell Ausserrhoden",
        "cities": ["Herisau", "Heiden", "Teufen", "Trogen", "Urnäsch", "Walzenhausen"]
      },
      {
        "name": "Appenzell Innerrhoden",
        "cities": ["Appenzell", "Gonten", "Oberegg", "Schlatt-Haslen"]
      },
      {
        "name": "Basel-Landschaft",
        "cities": ["Liestal", "Allschwil", "Reinach", "Münchenstein", "Oberwil", "Pratteln", "Binningen", "Birsfelden"]
      },
      {
        "name": "Basel-Stadt",
        "cities": ["Basel", "Riehen", "Bettingen"]
      },
      {
        "name": "Bern",
        "cities": ["Bern", "Biel", "Thun", "Köniz", "Ostermundigen", "Burgdorf", "Muri", "Spiez", "Langenthal", "Interlaken", "Lyss", "Worb", "Münsingen", "Ittigen", "Zollikofen"]
      },
      {
        "name": "Fribourg",
        "cities": ["Fribourg", "Bulle", "Villars-sur-Glâne", "Marly", "Düdingen", "Estavayer-le-Lac", "Romont", "Schmitten"]
      },
      {
        "name": "Geneva",
        "cities": ["Geneva", "Vernier", "Lancy", "Meyrin", "Carouge", "Onex", "Thônex", "Le Grand-Saconnex", "Versoix", "Chêne-Bougeries"]
      },
      {
        "name": "Glarus",
        "cities": ["Glarus", "Näfels", "Ennenda", "Netstal", "Mollis"]
      },
      {
        "name": "Graubünden",
        "cities": ["Chur", "Davos", "St. Moritz", "Ilanz", "Scuol", "Arosa", "Domat", "Laax", "Poschiavo", "Samedan"]
      },
      {
        "name": "Jura",
        "cities": ["Delémont", "Porrentruy", "Boncourt", "Saignelégier", "Courroux", "Courrendlin", "Bassecourt"]
      },
      {
        "name": "Lucerne",
        "cities": ["Lucerne", "Kriens", "Emmen", "Horw", "Sursee", "Ebikon", "Hochdorf", "Malters", "Reussbühl"]
      },
      {
        "name": "Neuchâtel",
        "cities": ["Neuchâtel", "La Chaux-de-Fonds", "Le Locle", "Val-de-Ruz", "Val-de-Travers", "Peseux", "Cortaillod"]
      },
      {
        "name": "Nidwalden",
        "cities": ["Stans", "Hergiswil", "Buochs", "Ennetbürgen", "Beckonried", "Oberdorf"]
      },
      {
        "name": "Obwalden",
        "cities": ["Sarnen", "Kerns", "Alpnach", "Sachseln", "Giswil", "Lungern"]
      },
      {
        "name": "Schaffhausen",
        "cities": ["Schaffhausen", "Neuhausen", "Thayngen", "Neunkirch", "Beringen", "Schleitheim"]
      },
      {
        "name": "Schwyz",
        "cities": ["Schwyz", "Einsiedeln", "Küssnacht", "Freienbach", "Wollerau", "Arth", "Lachen", "Altendorf"]
      },
      {
        "name": "Solothurn",
        "cities": ["Solothurn", "Olten", "Grenchen", "Dornach", "Trimbach", "Biberist", "Balsthal", "Zuchwil"]
      },
      {
        "name": "St. Gallen",
        "cities": ["St. Gallen", "Rapperswil-Jona", "Wil", "Gossau", "Buchs", "Uzwil", "Altstätten", "Flawil", "Wattwil", "Sargans"]
      },
      {
        "name": "Thurgau",
        "cities": ["Frauenfeld", "Kreuzlingen", "Arbon", "Amriswil", "Weinfelden", "Romanshorn", "Aadorf", "Münchwilen", "Sirnach"]
      },
      {
        "name": "Ticino",
        "cities": ["Bellinzona", "Lugano", "Locarno", "Mendrisio", "Chiasso", "Minusio", "Losone", "Pregassona", "Massagno"]
      },
      {
        "name": "Uri",
        "cities": ["Altdorf", "Bürglen", "Schattdorf", "Erstfeld", "Silenen", "Flüelen"]
      },
      {
        "name": "Valais",
        "cities": ["Sion", "Martigny", "Monthey", "Sierre", "Brig-Glis", "Visp", "St. Maurice", "Leuk", "Conthey", "Naters"]
      },
      {
        "name": "Vaud",
        "cities": ["Lausanne", "Yverdon-les-Bains", "Montreux", "Renens", "Nyon", "Vevey", "Pully", "Morges", "Gland", "La Tour-de-Peilz", "Aigle", "Orbe", "Ecublens"]
      },
      {
        "name": "Zug",
        "cities": ["Zug", "Baar", "Cham", "Unterägeri", "Steinhausen", "Hünenberg", "Menzingen", "Walchwil"]
      },
      {
        "name": "Zürich",
        "cities": ["Zürich", "Winterthur", "Uster", "Dübendorf", "Dietikon", "Wetzikon", "Wädenswil", "Horgen", "Kloten", "Thalwil", "Adliswil", "Regensdorf", "Volketswil", "Bülach", "Küsnacht", "Schlieren", "Stäfa", "Wallisellen", "Meilen", "Richterswil"]
      }
    ]
  },
  {
    "country": "Syria",
    "currencyCode": "SYP",
    "currencyName": "Syrian Pound",
    "states": [
      {
        "name": "Aleppo",
        "cities": ["Aleppo", "Manbij", "As-Safira", "Al-Bab", "Afrin", "Ayn al-Arab", "Atarib", "Dayr Hafir", "Jarabulus", "Azaz"]
      },
      {
        "name": "Damascus",
        "cities": ["Damascus", "Darayya", "Al-Tall", "Jaramana", "Qatana", "Al-Hajar al-Aswad", "Duma"]
      },
      {
        "name": "Daraa",
        "cities": ["Daraa", "Al-Sanamayn", "Izra", "Nawa", "Tafas", "Inkhil", "Al-Shaykh Maskin"]
      },
      {
        "name": "Deir ez-Zor",
        "cities": ["Deir ez-Zor", "Al-Bukamal", "Al-Mayadin", "Abu Kamal", "Al-Asharah", "Hajin"]
      },
      {
        "name": "Hama",
        "cities": ["Hama", "Salamiyah", "Masyaf", "Souran", "Taybat al-Imam", "Kafr Zita", "Al-Suqaylabiyah", "Mhardeh"]
      },
      {
        "name": "Al-Hasakah",
        "cities": ["Al-Hasakah", "Qamishli", "Ras al-Ayn", "Al-Malikiyah", "Al-Qahtaniyah", "Amuda", "Al-Shaddadi", "Al-Hawl"]
      },
      {
        "name": "Homs",
        "cities": ["Homs", "Tadmur", "Al-Qusayr", "Al-Rastan", "Talbiseh", "Al-Qaryatayn", "Mukharram", "Hisyah"]
      },
      {
        "name": "Idlib",
        "cities": ["Idlib", "Ariha", "Jisr al-Shughur", "Maarrat al-Numan", "Saraqib", "Khan Shaykhun", "Harem", "Salqin", "Binnish"]
      },
      {
        "name": "Latakia",
        "cities": ["Latakia", "Jableh", "Al-Haffah", "Qardaha", "Kasab", "Slunfeh"]
      },
      {
        "name": "Quneitra",
        "cities": ["Quneitra", "Khan Arnabah", "Al-Baath", "Mas'ade", "Bariqa"]
      },
      {
        "name": "Raqqa",
        "cities": ["Raqqa", "Al-Thawrah", "Al-Mansurah", "Al-Karamah", "Al-Sabkhah"]
      },
      {
        "name": "Rif Dimashq",
        "cities": ["Douma", "Harasta", "Darayya", "Al-Zabadani", "Qatana", "Yabroud", "An-Nabek", "Al-Qutayfah", "Sayyidah Zaynab", "Jdeidat Artouz", "Darraya"]
      },
      {
        "name": "As-Suwayda",
        "cities": ["As-Suwayda", "Salkhad", "Shahba", "Al-Masmiyah", "Qanawat"]
      },
      {
        "name": "Tartus",
        "cities": ["Tartus", "Baniyas", "Safita", "Duraykish", "Al-Shaykh Badr", "Kafr Nabl"]
      }
    ]
  },
  {
    "country": "Taiwan",
    "currencyCode": "TWD",
    "currencyName": "New Taiwan Dollar",
    "states": [
      {
        "name": "Taipei City",
        "cities": ["Taipei", "Da'an", "Xinyi", "Zhongzheng", "Songshan", "Zhongshan", "Neihu", "Shilin", "Beitou", "Wanhua", "Nangang", "Wenshan"]
      },
      {
        "name": "New Taipei City",
        "cities": ["Banqiao", "Zhonghe", "Yonghe", "Xinzhuang", "Tucheng", "Sanchong", "Shulin", "Yingge", "Sanxia", "Xizhi", "Ruifang", "Tamsui", "Wulai", "Pingxi", "Shenkeng", "Shiding", "Gongliao", "Pinglin", "Shuangxi", "Linkou", "Sanzhi", "Jinshan", "Wanli", "Bali"]
      },
      {
        "name": "Taoyuan City",
        "cities": ["Taoyuan", "Zhongli", "Pingzhen", "Bade", "Yangmei", "Luzhu", "Daxi", "Jiashi", "Guanyin", "Longtan", "Xinwu", "Guishan", "Fuxing"]
      },
      {
        "name": "Taichung City",
        "cities": ["Taichung", "Fengyuan", "Dali", "Taiping", "Beitun", "Nantun", "Xitun", "North", "South", "East", "West", "Shalu", "Longjing", "Wuqi", "Qingshui", "Dadu", "Dajia", "Waipu", "Heping"]
      },
      {
        "name": "Tainan City",
        "cities": ["Tainan", "Yongkang", "Xinying", "Yanshui", "Baihe", "Liuying", "Danei", "Shanshang", "Xiaying", "Liujia", "Guantian", "Madou", "Jiali", "Qigu", "Jiangjun", "Beimen", "Xigang", "Qieding", "Rende", "Guanmiao", "Longqi", "Nanxi", "Nanhua", "Zuozhen", "Anding"]
      },
      {
        "name": "Kaohsiung City",
        "cities": ["Kaohsiung", "Fengshan", "Gangshan", "Lingya", "Cianjhen", "Cijin", "Dashu", "Daliao", "Niaosong", "Yancheng", "Gushan", "Qijin", "Xiaogang", "Qianzhen", "Renwu", "Dashe", "Alian", "Tianliao", "Yanchao", "Qishan", "Mituo", "Ziguan", "Linyuan", "Hunei", "Lujhu", "Nanzih", "Maolin", "Taoyuan", "Namaxia", "Jiasian"]
      },
      {
        "name": "Keelung City",
        "cities": ["Keelung", "Zhongzheng", "Zhongshan", "Ren'ai", "Xinyi", "Anle", "Nuannuan", "Qidu"]
      },
      {
        "name": "Hsinchu City",
        "cities": ["Hsinchu", "North", "East", "Xiangshan"]
      },
      {
        "name": "Hsinchu County",
        "cities": ["Zhubei", "Zhudong", "Xinfeng", "Qionglin", "Hukou", "Xinpu", "Guanxi", "Baoshan", "Hengshan", "Jianshi", "Wufeng"]
      },
      {
        "name": "Miaoli County",
        "cities": ["Miaoli", "Toufen", "Yuanli", "Zhunan", "Tongxiao", "Houlong", "Zhuolan", "Dahu", "Gongguan", "Tongluo", "Nanzhuang", "Tai'an", "Sanyi", "Xihu", "Zaoqiao", "Sanwan", "Shitan"]
      },
      {
        "name": "Changhua County",
        "cities": ["Changhua", "Yuanlin", "Lukang", "Hemei", "Beidou", "Xihu", "Shengang", "Fenyuan", "Dacun", "Puyan", "Huatan", "Xiushui", "Fuxing", "Ershui", "Shetou", "Yongjing", "Puxin", "Heshe", "Tianzhong", "Tianwei", "Pitou", "Zhonghe", "Zhutang", "Dacheng", "Fangyuan", "Erlin", "Xizhou", "Xianxi"]
      },
      {
        "name": "Nantou County",
        "cities": ["Nantou", "Puli", "Caotun", "Jiji", "Zhushan", "Guoxing", "Mingjian", "Shuili", "Yuchi", "Zhongliao", "Lugu", "Ren'ai", "Xinyi"]
      },
      {
        "name": "Yunlin County",
        "cities": ["Douliu", "Beigang", "Tuku", "Huwei", "Dounan", "Xiluo", "Taixi", "Baozhong", "Dapi", "Dongshi", "Erlun", "Gukeng", "Kouhu", "Linnei", "Lunbei", "Mailiao", "Shuilin", "Sihu", "Yuanchang", "Citong"]
      },
      {
        "name": "Chiayi City",
        "cities": ["Chiayi", "East", "West"]
      },
      {
        "name": "Chiayi County",
        "cities": ["Taibao", "Puzi", "Budai", "Dalin", "Minxiong", "Xikou", "Zhuqi", "Alishan", "Zhongpu", "Dapu", "Liujiao", "Fanlu", "Meishan", "Xingang", "Yizhu", "Shuishang", "Lucao", "Dongshi"]
      },
      {
        "name": "Pingtung County",
        "cities": ["Pingtung", "Chaozhou", "Donggang", "Hengchun", "Changzhi", "Linluo", "Zhutian", "Xinpi", "Jiadong", "Linbian", "Nanzhou", "Wandan", "Gaoshu", "Yanpu", "Wanluan", "Neipu", "Jiuru", "Ligang", "Xinyuan", "Kanding", "Fangliao", "Fangshan", "Sandimen", "Wutai", "Majia", "Taiwu", "Laiyi", "Chunri", "Shizi", "Mudan", "Checheng", "Manzhou"]
      },
      {
        "name": "Yilan County",
        "cities": ["Yilan", "Luodong", "Su'ao", "Toucheng", "Jiaoxi", "Zhuangwei", "Yuanshan", "Dongshan", "Wujie", "Sanxing", "Datong", "Nan'ao", "Suao"]
      },
      {
        "name": "Hualien County",
        "cities": ["Hualien", "Yuli", "Fenglin", "Guangfu", "Shoufeng", "Fengbin", "Ruisui", "Xincheng", "Ji'an", "Wanrong", "Zhuoxi", "Fuli", "Xiulin", "Shoufeng"]
      },
      {
        "name": "Taitung County",
        "cities": ["Taitung", "Chenggong", "Guanshan", "Beinan", "Luye", "Chishang", "Dawu", "Daren", "Haiduan", "Jinfeng", "Lanyu", "Lüdao", "Yanping", "Changbin", "Taimali"]
      },
      {
        "name": "Penghu County",
        "cities": ["Magong", "Huxi", "Baisha", "Xiyu", "Qimei", "Wang'an"]
      },
      {
        "name": "Kinmen County",
        "cities": ["Jincheng", "Jinhu", "Jinsha", "Jinning", "Lieyu", "Wuqiu"]
      },
      {
        "name": "Lienchiang County",
        "cities": ["Nangan", "Beigan", "Juguang", "Dongyin", "Xiyin"]
      }
    ]
  },
  {
    "country": "Tajikistan",
    "currencyCode": "TJS",
    "currencyName": "Tajikistani Somoni",
    "states": [
      {
        "name": "Districts of Republican Subordination",
        "cities": ["Vahdat", "Tursunzoda", "Rogun", "Nurobod", "Hisor", "Rudaki", "Faizobod", "Varzob", "Shahrinav", "Jirgatol"]
      },
      {
        "name": "Gorno-Badakhshan",
        "cities": ["Khorugh", "Murghob", "Ishkoshim", "Rushon", "Vanj", "Darvoz", "Shughnon"]
      },
      {
        "name": "Khatlon",
        "cities": ["Bokhtar", "Kulob", "Vose", "Danghara", "Norak", "Yovon", "Panj", "Levakant", "Sarband", "Qurghonteppa", "Shahritus", "Farkhor", "Balkh", "Jomi", "Khuroson", "Vakhsh", "Jilikul"]
      },
      {
        "name": "Sughd",
        "cities": ["Khujand", "Konibodom", "Isfara", "Istaravshan", "Panjakent", "Zafarobod", "Bobojon Ghafurov", "Shaydon", "Asht", "Guliston", "Spitamen", "Jabbor Rasulov", "Devashtich", "Kuhistoni Mastchoh", "Shahriston", "Ayni", "Matcha"]
      }
    ]
  },
  {
    "country": "Tanzania",
    "currencyCode": "TZS",
    "currencyName": "Tanzanian Shilling",
    "states": [
      {
        "name": "Arusha",
        "cities": ["Arusha", "Moshi", "Usa River", "Mto wa Mbu", "Longido", "Ngorongoro", "Karatu", "Monduli"]
      },
      {
        "name": "Dar es Salaam",
        "cities": ["Dar es Salaam", "Mbagala", "Temeke", "Kinondoni", "Ilala", "Kigamboni", "Ubungo", "Buguruni"]
      },
      {
        "name": "Dodoma",
        "cities": ["Dodoma", "Kondoa", "Mpwapwa", "Kongwa", "Chemba", "Bahi"]
      },
      {
        "name": "Geita",
        "cities": ["Geita", "Nyang'hwale", "Bukombe", "Chato", "Mbogwe"]
      },
      {
        "name": "Iringa",
        "cities": ["Iringa", "Mafinga", "Tosamaganga", "Mdabulo", "Kilolo", "Mufindi"]
      },
      {
        "name": "Kagera",
        "cities": ["Bukoba", "Biharamulo", "Karagwe", "Muleba", "Ngara", "Missenyi", "Kyerwa"]
      },
      {
        "name": "Katavi",
        "cities": ["Mpanda", "Mlele", "Tanganyika"]
      },
      {
        "name": "Kigoma",
        "cities": ["Kigoma", "Kasulu", "Kibondo", "Kakonko", "Buhigwe", "Uvinza"]
      },
      {
        "name": "Kilimanjaro",
        "cities": ["Moshi", "Himo", "Sanya Juu", "Mwanga", "Rombo", "Same", "Moshi"]
      },
      {
        "name": "Lindi",
        "cities": ["Lindi", "Kilwa Masoko", "Nachingwea", "Liwal", "Ruangwa", "Mtama"]
      },
      {
        "name": "Manyara",
        "cities": ["Babati", "Hanang", "Simanjiro", "Kiteto", "Mbulu", "Basotu"]
      },
      {
        "name": "Mara",
        "cities": ["Musoma", "Bunda", "Serengeti", "Tarime", "Rorya", "Butiama"]
      },
      {
        "name": "Mbeya",
        "cities": ["Mbeya", "Tukuyu", "Mbarali", "Rungwe", "Kyela", "Chunya", "Mbozi"]
      },
      {
        "name": "Mjini Magharibi",
        "cities": ["Zanzibar City", "Mkokotoni", "Mangapwani"]
      },
      {
        "name": "Morogoro",
        "cities": ["Morogoro", "Ifakara", "Kilosa", "Mlimba", "Gairo", "Mvomero", "Ulanga"]
      },
      {
        "name": "Mtwara",
        "cities": ["Mtwara", "Masasi", "Newala", "Tandahimba", "Nanyumbu"]
      },
      {
        "name": "Mwanza",
        "cities": ["Mwanza", "Sengerema", "Geita", "Kwimba", "Ukerewe", "Magu", "Misungwi"]
      },
      {
        "name": "Njombe",
        "cities": ["Njombe", "Makambako", "Wanging'ombe", "Ludewa", "Makete"]
      },
      {
        "name": "Pemba North",
        "cities": ["Wete", "Micheweni", "Konde", "Tumbe"]
      },
      {
        "name": "Pemba South",
        "cities": ["Chake Chake", "Mkoani", "Mtambile"]
      },
      {
        "name": "Pwani",
        "cities": ["Kibaha", "Bagamoyo", "Kisarawe", "Mkuranga", "Rufiji", "Mafia", "Kibiti"]
      },
      {
        "name": "Rukwa",
        "cities": ["Sumbawanga", "Nkasi", "Kalambo", "Mpanda"]
      },
      {
        "name": "Ruvuma",
        "cities": ["Songea", "Tunduru", "Namtumbo", "Mbinga", "Nyasa"]
      },
      {
        "name": "Shinyanga",
        "cities": ["Shinyanga", "Kahama", "Kishapu", "Msalala", "Bariadi"]
      },
      {
        "name": "Simiyu",
        "cities": ["Bariadi", "Busega", "Itilima", "Maswa", "Meatu"]
      },
      {
        "name": "Singida",
        "cities": ["Singida", "Iramba", "Manyoni", "Mkalama", "Ikungi"]
      },
      {
        "name": "Songwe",
        "cities": ["Vwawa", "Mbozi", "Ileje", "Momba"]
      },
      {
        "name": "Tabora",
        "cities": ["Tabora", "Nzega", "Sikonge", "Urambo", "Uyui", "Igunga"]
      },
      {
        "name": "Tanga",
        "cities": ["Tanga", "Lushoto", "Korogwe", "Muheza", "Pangani", "Handeni", "Kilindi", "Mkinga"]
      },
      {
        "name": "Unguja North",
        "cities": ["Mkokotoni", "Tumbatu", "Nungwi", "Kendwa"]
      },
      {
        "name": "Unguja South",
        "cities": ["Koani", "Unguja Ukuu", "Kizimkazi", "Paje", "Jambiani"]
      }
    ]
  }
]