[
  {
    "country": "Thailand",
    "currencyCode": "THB",
    "currencyName": "Thai Baht",
    "states": [
      {
        "name": "Amnat Charoen",
        "cities": ["Amnat Charoen", "Hua Taphan", "Lue Amnat", "Pathum Ratchawongsa", "Phana", "Senangkhanikhom"]
      },
      {
        "name": "Bangkok",
        "cities": ["Bangkok", "Bang Bon", "Bang Kapi", "Bang Khae", "Bang Khen", "Bang Kho Laem", "Bang Khun Thian", "Bangkok Noi", "Bangkok Yai", "Bang Na", "Bang Phlat", "Bang Rak", "Bang Sue", "Bung Kum", "Chatuchak", "Chom Thong", "Din Daeng", "Don Mueang", "Dusit", "Huai Khwang", "Khan Na Yao", "Khlong Sam Wa", "Khlong San", "Khlong Toei", "Lak Si", "Lat Krabang", "Lat Phrao", "Min Buri", "Nong Chok", "Nong Khaem", "Pathum Wan", "Phaya Thai", "Phra Khanong", "Phra Nakhon", "Pom Prap Sattru Phai", "Prawet", "Rat Burana", "Ratchathewi", "Sai Mai", "Samphanthawong", "Saphan Sung", "Sathon", "Suan Luang", "Taling Chan", "Thawi Watthana", "Thon Buri", "Thung Khru", "Wang Thonglang", "Yan Nawa"]
      },
      {
        "name": "Chiang Mai",
        "cities": ["Chiang Mai", "Chom Thong", "Doi Lo", "Doi Saket", "Doi Tao", "Fang", "Galyani Vadhana", "Hang Dong", "Hot", "Mae Ai", "Mae Chaem", "Mae Rim", "Mae Taeng", "Mae Wang", "Omkoi", "San Kamphaeng", "San Pa Tong", "San Sai", "Samoeng", "Saraphi", "Wiang Haeng"]
      },
      {
        "name": "Chonburi",
        "cities": ["Chonburi", "Ban Bueng", "Bang Lamung", "Ko Sichang", "Nong Yai", "Phan Thong", "Phanat Nikhom", "Sattahip", "Si Racha"]
      },
      {
        "name": "Krabi",
        "cities": ["Krabi", "Ao Luek", "Khao Phanom", "Khlong Thom", "Ko Lanta", "Lam Thap", "Nuea Khlong", "Plai Phraya"]
      },
      {
        "name": "Nonthaburi",
        "cities": ["Nonthaburi", "Bang Bua Thong", "Bang Kruai", "Bang Yai", "Mueang Nonthaburi", "Pak Kret", "Sai Noi"]
      },
      {
        "name": "Pathum Thani",
        "cities": ["Pathum Thani", "Khlong Luang", "Lam Luk Ka", "Lat Lum Kaeo", "Nong Suea", "Sam Khok", "Thanyaburi"]
      },
      {
        "name": "Phuket",
        "cities": ["Phuket", "Kathu", "Mueang Phuket", "Thalang"]
      },
      {
        "name": "Samut Prakan",
        "cities": ["Samut Prakan", "Bang Bo", "Bang Phli", "Bang Sao Thong", "Phra Pradaeng", "Phra Samut Chedi"]
      },
      {
        "name": "Surat Thani",
        "cities": ["Surat Thani", "Ban Na Doem", "Ban Na San", "Chai Buri", "Chaiya", "Don Sak", "Kanchanadit", "Khian Sa", "Khiri Rat Nikhom", "Ko Pha-ngan", "Ko Samui", "Phanom", "Phrasaeng", "Tha Chana", "Tha Chang", "Vibhavadi", "Wiang Sa"]
      },
      {
        "name": "Udon Thani",
        "cities": ["Udon Thani", "Ban Dung", "Ban Phue", "Kumphawapi", "Ku Kaeo", "Nong Han", "Nong Saeng", "Phen", "Prachaksinlapakhom", "Sang Khom", "Si That", "Thung Fon", "Wang Sam Mo"]
      }
    ]
  },
  {
    "country": "Timor-Leste",
    "currencyCode": "USD",
    "currencyName": "United States Dollar",
    "states": [
      {
        "name": "Aileu",
        "cities": ["Aileu", "Laulara", "Lequidoe", "Remexio"]
      },
      {
        "name": "Ainaro",
        "cities": ["Ainaro", "Hato-Udo", "Hatu-Builico", "Maubisse"]
      },
      {
        "name": "Baucau",
        "cities": ["Baucau", "Baguia", "Laga", "Quelicai", "Vemasse", "Venilale"]
      },
      {
        "name": "Bobonaro",
        "cities": ["Maliana", "Atabae", "Balibo", "Cailaco", "Lolotoe"]
      },
      {
        "name": "Cova Lima",
        "cities": ["Suai", "Fatululic", "Fatumean", "Fohorem", "Maukatar", "Tilomar", "Zumalai"]
      },
      {
        "name": "Dili",
        "cities": ["Dili", "Atauro", "Cristo Rei", "Dom Aleixo", "Metinaro", "Nain Feto", "Vera Cruz"]
      },
      {
        "name": "Ermera",
        "cities": ["Gleno", "Atsabe", "Hatolia", "Letefoho", "Railaco"]
      },
      {
        "name": "Lautém",
        "cities": ["Lospalos", "Iliomar", "Lautém", "Luro", "Tutuala"]
      },
      {
        "name": "Liquiçá",
        "cities": ["Liquiçá", "Bazartete", "Maubara"]
      },
      {
        "name": "Manatuto",
        "cities": ["Manatuto", "Barique", "Laclo", "Laclubar", "Soibada"]
      },
      {
        "name": "Manufahi",
        "cities": ["Same", "Alas", "Fatuberlio", "Turiscai"]
      },
      {
        "name": "Oecusse",
        "cities": ["Pante Macassar", "Nitibe", "Oesilo", "Passabe"]
      },
      {
        "name": "Viqueque",
        "cities": ["Viqueque", "Lacluta", "Ossu", "Uato-Lari", "Uatucarbau"]
      }
    ]
  },
  {
    "country": "Togo",
    "currencyCode": "XOF",
    "currencyName": "West African CFA Franc",
    "states": [
      {
        "name": "Centrale",
        "cities": ["Sokodé", "Sotouboua", "Tchamba", "Blitta"]
      },
      {
        "name": "Kara",
        "cities": ["Kara", "Bassar", "Niamtougou", "Kandé", "Pagouda", "Préfecture de la Kozah"]
      },
      {
        "name": "Maritime",
        "cities": ["Lomé", "Tsévié", "Aného", "Vogan", "Tabligbo", "Kévé"]
      },
      {
        "name": "Plateaux",
        "cities": ["Atakpamé", "Kpalimé", "Badou", "Amlamé", "Notse", "Sotouboua"]
      },
      {
        "name": "Savanes",
        "cities": ["Dapaong", "Mango", "Cinkassé", "Tandjoaré", "Korbongou"]
      }
    ]
  },
  {
    "country": "Tonga",
    "currencyCode": "TOP",
    "currencyName": "Tongan Paʻanga",
    "states": [
      {
        "name": "Tongatapu",
        "cities": ["Nuku'alofa", "Mu'a", "Neiafu", "Haveluloto", "Vaini", "Tofoa", "Pea", "Nukunuku", "Kolovai", "Fua'amotu"]
      },
      {
        "name": "Vava'u",
        "cities": ["Neiafu", "Pangai", "Hihifo", "Leimatu'a", "Longomapu"]
      },
      {
        "name": "Ha'apai",
        "cities": ["Pangai", "Foa", "Lifuka", "Ha'ano", "Uiha"]
      },
      {
        "name": "Eua",
        "cities": ["Ohonua", "Ha'aluma", "Pangai", "Tufuvai"]
      },
      {
        "name": "Ongo Niua",
        "cities": ["Hihifo", "Falehau", "Vaipoa", "Mata'aho"]
      }
    ]
  },
  {
    "country": "Trinidad and Tobago",
    "currencyCode": "TTD",
    "currencyName": "Trinidad and Tobago Dollar",
    "states": [
      {
        "name": "Tobago",
        "cities": ["Scarborough", "Roxborough", "Plymouth", "Black Rock", "Moriah", "Charlotteville"]
      },
      {
        "name": "San Juan-Laventille",
        "cities": ["Laventille", "San Juan", "Barataria", "Morvant", "St. Joseph", "St. Augustine", "Tunapuna"]
      },
      {
        "name": "Port of Spain",
        "cities": ["Port of Spain", "St. James", "Woodbrook", "St. Clair", "Belmont"]
      },
      {
        "name": "Diego Martin",
        "cities": ["Petit Valley", "Diego Martin", "Carenage", "Glencoe", "Maraval"]
      },
      {
        "name": "San Fernando",
        "cities": ["San Fernando", "Marabella", "Claxton Bay", "Gasparillo", "Point Fortin"]
      },
      {
        "name": "Chaguanas",
        "cities": ["Chaguanas", "Charlieville", "Couva", "California", "Enterprise"]
      },
      {
        "name": "Couva-Tabaquite-Talparo",
        "cities": ["Couva", "Tabaquite", "Talparo", "Preysal", "California", "Brechin Castle"]
      },
      {
        "name": "Penal-Debe",
        "cities": ["Penal", "Debe", "Siparia", "La Romaine", "Fyzabad"]
      },
      {
        "name": "Princes Town",
        "cities": ["Princes Town", "Moruga", "Tableland", "New Grant", "Rio Claro"]
      },
      {
        "name": "Mayaro-Rio Claro",
        "cities": ["Rio Claro", "Mayaro", "Guayaguayare", "Biche", "Narine"]
      },
      {
        "name": "Sangre Grande",
        "cities": ["Sangre Grande", "Guayamare", "Cumuto", "Manzanilla", "Toco"]
      },
      {
        "name": "Tunapuna-Piarco",
        "cities": ["Tunapuna", "Piarco", "Arouca", "Tacarigua", "St. Augustine", "St. Joseph", "Valsayn", "El Socorro", "Warrenville"]
      },
      {
        "name": "Arima",
        "cities": ["Arima", "Malabar", "O'Meara", "Tumpuna Road"]
      },
      {
        "name": "Point Fortin",
        "cities": ["Point Fortin", "Cap-de-Ville", "Gonzales", "Mahai"]
      }
    ]
  }
]