[
  {
    "country": "Turkey",
    "currencyCode": "TRY",
    "currencyName": "Turkish Lira",
    "states": [
      {
        "name": "Adana",
        "cities": ["Adana", "Ceyhan", "Kozan", "Yüreğir", "Seyhan", "Feke", "Karaisalı", "Pozantı", "Saimbeyli", "Tufanbeyli", "Yumurtalık", "İmamoğlu", "Aladağ", "Sarıçam", "Çukurova"]
      },
      {
        "name": "Adıyaman",
        "cities": ["Adıyaman", "Besni", "Çelikhan", "Gerger", "Gölbaşı", "Kahta", "Samsat", "Sincik", "Tut"]
      },
      {
        "name": "Afyonkarahisar",
        "cities": ["Afyonkarahisar", "Başmakçı", "Bayat", "Bolvadin", "Çay", "Çobanlar", "Dazkırı", "Dinar", "Emirdağ", "Evciler", "Hocalar", "İhsaniye", "İscehisar", "Kızılören", "Sandıklı", "Sinanpaşa", "Sultandağı", "Şuhut"]
      },
      {
        "name": "Ağrı",
        "cities": ["Ağrı", "Diyadin", "Doğubayazıt", "Eleşkirt", "Hamur", "Patnos", "Taşlıçay", "Tutak"]
      },
      {
        "name": "Aksaray",
        "cities": ["Aksaray", "Ağaçören", "Eskil", "Gülağaç", "Güzelyurt", "Ortaköy", "Sarıyahşi"]
      },
      {
        "name": "Amasya",
        "cities": ["Amasya", "Göynücek", "Gümüşhacıköy", "Hamamözü", "Merzifon", "Suluova", "Taşova"]
      },
      {
        "name": "Ankara",
        "cities": ["Ankara", "Altındağ", "Ayaş", "Bala", "Beypazarı", "Çamlıdere", "Çankaya", "Çubuk", "Elmadağ", "Etimesgut", "Evren", "Gölbaşı", "Güdül", "Haymana", "Kalecik", "Kahramankazan", "Keçiören", "Kızılcahamam", "Mamak", "Nallıhan", "Polatlı", "Pursaklar", "Sincan", "Şereflikoçhisar", "Yenimahalle"]
      },
      {
        "name": "Antalya",
        "cities": ["Antalya", "Alanya", "Elmalı", "Finike", "Gazipaşa", "Gündoğmuş", "İbradı", "Kaş", "Kemer", "Kepez", "Konyaaltı", "Korkuteli", "Kumluca", "Manavgat", "Muratpaşa", "Serik", "Aksu", "Döşemealtı", "Demre"]
      },
      {
        "name": "Ardahan",
        "cities": ["Ardahan", "Çıldır", "Damal", "Göle", "Hanak", "Posof"]
      },
      {
        "name": "Artvin",
        "cities": ["Artvin", "Ardanuç", "Arhavi", "Borçka", "Hopa", "Murgul", "Şavşat", "Yusufeli"]
      },
      {
        "name": "Aydın",
        "cities": ["Aydın", "Bozdoğan", "Buharkent", "Çine", "Didim", "Germencik", "İncirliova", "Karacasu", "Karpuzlu", "Koçarlı", "Köşk", "Kuşadası", "Kuyucak", "Nazilli", "Söke", "Sultanhisar", "Yenipazar", "Efeler"]
      },
      {
        "name": "Balıkesir",
        "cities": ["Balıkesir", "Ayvalık", "Balya", "Bandırma", "Bigadiç", "Burhaniye", "Dursunbey", "Edremit", "Erdek", "Gömeç", "Gönen", "Havran", "İvrindi", "Karesi", "Kepsut", "Manyas", "Marmara", "Savaştepe", "Sındırgı", "Susurluk", "Altıeylül", "Karesi"]
      },
      {
        "name": "Bartın",
        "cities": ["Bartın", "Amasra", "Kurucaşile", "Ulus"]
      },
      {
        "name": "Batman",
        "cities": ["Batman", "Beşiri", "Gercüş", "Hasankeyf", "Kozluk", "Sason"]
      },
      {
        "name": "Bayburt",
        "cities": ["Bayburt", "Aydıntepe", "Demirözü"]
      },
      {
        "name": "Bilecik",
        "cities": ["Bilecik", "Bozüyük", "Gölpazarı", "İnhisar", "Osmaneli", "Pazaryeri", "Söğüt", "Yenipazar"]
      },
      {
        "name": "Bingöl",
        "cities": ["Bingöl", "Adaklı", "Genç", "Karlıova", "Kiğı", "Solhan", "Yayladere", "Yedisu"]
      },
      {
        "name": "Bitlis",
        "cities": ["Bitlis", "Adilcevaz", "Ahlat", "Güroymak", "Hizan", "Mutki", "Tatvan"]
      },
      {
        "name": "Bolu",
        "cities": ["Bolu", "Dörtdivan", "Gerede", "Göynük", "Kıbrıscık", "Mengen", "Mudurnu", "Seben", "Yeniçağa"]
      },
      {
        "name": "Burdur",
        "cities": ["Burdur", "Ağlasun", "Altınyayla", "Bucak", "Çavdır", "Çeltikçi", "Gölhisar", "Karamanlı", "Kemer", "Tefenni", "Yeşilova"]
      },
      {
        "name": "Bursa",
        "cities": ["Bursa", "Büyükorhan", "Gemlik", "Gürsu", "Harmancık", "İnegöl", "İznik", "Karacabey", "Keles", "Kestel", "Mudanya", "Mustafakemalpaşa", "Nilüfer", "Orhaneli", "Orhangazi", "Osmangazi", "Yenişehir", "Yıldırım"]
      },
      {
        "name": "Çanakkale",
        "cities": ["Çanakkale", "Ayvacık", "Bayramiç", "Biga", "Bozcaada", "Çan", "Eceabat", "Ezine", "Gelibolu", "Gökçeada", "Lapseki", "Yenice"]
      },
      {
        "name": "Çankırı",
        "cities": ["Çankırı", "Atkaracalar", "Bayramören", "Çerkeş", "Eldivan", "Ilgaz", "Kızılırmak", "Korgun", "Kurşunlu", "Orta", "Şabanözü", "Yapraklı"]
      },
      {
        "name": "Çorum",
        "cities": ["Çorum", "Alaca", "Bayat", "Boğazkale", "Dodurga", "İskilip", "Kargı", "Laçin", "Mecitözü", "Oğuzlar", "Ortaköy", "Osmancık", "Sungurlu", "Uğurludağ"]
      },
      {
        "name": "Denizli",
        "cities": ["Denizli", "Acıpayam", "Babadağ", "Baklan", "Bekilli", "Beyağaç", "Bozkurt", "Buldan", "Çal", "Çameli", "Çardak", "Çivril", "Güney", "Honaz", "Kale", "Merkezefendi", "Pamukkale", "Sarayköy", "Serinhisar", "Tavas"]
      },
      {
        "name": "Diyarbakır",
        "cities": ["Diyarbakır", "Bağlar", "Bismil", "Çermik", "Çınar", "Çüngüş", "Dicle", "Eğil", "Ergani", "Hani", "Hazro", "Kayapınar", "Kocaköy", "Kulp", "Lice", "Silvan", "Sur", "Yenişehir"]
      },
      {
        "name": "Düzce",
        "cities": ["Düzce", "Akçakoca", "Cumayeri", "Çilimli", "Gölyaka", "Gümüşova", "Kaynaşlı", "Yığılca"]
      },
      {
        "name": "Edirne",
        "cities": ["Edirne", "Enez", "Havsa", "İpsala", "Keşan", "Lalapaşa", "Meriç", "Süloğlu", "Uzunköprü"]
      },
      {
        "name": "Elazığ",
        "cities": ["Elazığ", "Ağın", "Alacakaya", "Arıcak", "Baskil", "Karakoçan", "Keban", "Kovancılar", "Maden", "Palu", "Sivrice"]
      },
      {
        "name": "Erzincan",
        "cities": ["Erzincan", "Çayırlı", "İliç", "Kemah", "Kemaliye", "Otlukbeli", "Refahiye", "Tercan", "Üzümlü"]
      },
      {
        "name": "Erzurum",
        "cities": ["Erzurum", "Aşkale", "Aziziye", "Çat", "Hınıs", "Horasan", "İspir", "Karaçoban", "Karayazı", "Köprüköy", "Narman", "Oltu", "Olur", "Palandöken", "Pasinler", "Pazaryolu", "Şenkaya", "Tekman", "Tortum", "Uzundere", "Yakutiye"]
      },
      {
        "name": "Eskişehir",
        "cities": ["Eskişehir", "Alpu", "Beylikova", "Çifteler", "Günyüzı", "Han", "İnönü", "Mahmudiye", "Mihalgazi", "Mihalıççık", "Odunpazarı", "Sarıcakaya", "Seyitgazi", "Sivrihisar", "Tepebaşı"]
      },
      {
        "name": "Gaziantep",
        "cities": ["Gaziantep", "Araban", "İslahiye", "Karkamış", "Nizip", "Nurdağı", "Oğuzeli", "Şahinbey", "Şehitkamil", "Yavuzeli"]
      },
      {
        "name": "Giresun",
        "cities": ["Giresun", "Alucra", "Bulancak", "Çamoluk", "Çanakçı", "Dereli", "Doğankent", "Espiye", "Eynesil", "Görele", "Güce", "Keşap", "Piraziz", "Şebinkarahisar", "Tirebolu", "Yağlıdere"]
      },
      {
        "name": "Gümüşhane",
        "cities": ["Gümüşhane", "Kelkit", "Köse", "Kürtün", "Şiran", "Torul"]
      },
      {
        "name": "Hakkâri",
        "cities": ["Hakkâri", "Çukurca", "Derecik", "Şemdinli", "Yüksekova"]
      },
      {
        "name": "Hatay",
        "cities": ["Hatay", "Altınözü", "Antakya", "Arsuz", "Belen", "Defne", "Dörtyol", "Erzin", "Hassa", "İskenderun", "Kırıkhan", "Kumlu", "Payas", "Reyhanlı", "Samandağ", "Yayladağı"]
      },
      {
        "name": "Iğdır",
        "cities": ["Iğdır", "Aralık", "Karakoyunlu", "Tuzluca"]
      },
      {
        "name": "Isparta",
        "cities": ["Isparta", "Aksu", "Atabey", "Eğirdir", "Gelendost", "Gönen", "Keçiborlu", "Senirkent", "Sütçüler", "Şarkikaraağaç", "Uluborlu", "Yalvaç", "Yenişarbademli"]
      },
      {
        "name": "İstanbul",
        "cities": ["İstanbul", "Adalar", "Arnavutköy", "Ataşehir", "Avcılar", "Bağcılar", "Bahçelievler", "Bakırköy", "Başakşehir", "Bayrampaşa", "Beşiktaş", "Beykoz", "Beylikdüzü", "Beyoğlu", "Büyükçekmece", "Çatalca", "Çekmeköy", "Esenler", "Esenyurt", "Eyüpsultan", "Fatih", "Gaziosmanpaşa", "Güngören", "Kadıköy", "Kağıthane", "Kartal", "Küçükçekmece", "Maltepe", "Pendik", "Sancaktepe", "Sarıyer", "Silivri", "Sultanbeyli", "Sultangazi", "Şile", "Şişli", "Tuzla", "Ümraniye", "Üsküdar", "Zeytinburnu"]
      },
      {
        "name": "İzmir",
        "cities": ["İzmir", "Aliağa", "Balçova", "Bayındır", "Bayraklı", "Bergama", "Beydağ", "Bornova", "Buca", "Çeşme", "Çiğli", "Dikili", "Foça", "Gaziemir", "Güzelbahçe", "Karabağlar", "Karaburun", "Karşıyaka", "Kemalpaşa", "Kınık", "Kiraz", "Konak", "Menderes", "Menemen", "Narlıdere", "Ödemiş", "Seferihisar", "Selçuk", "Tire", "Torbalı", "Urla"]
      },
      {
        "name": "Kahramanmaraş",
        "cities": ["Kahramanmaraş", "Afşin", "Andırın", "Çağlayancerit", "Dulkadiroğlu", "Ekinözü", "Elbistan", "Göksun", "Nurhak", "Onikişubat", "Pazarcık", "Türkoğlu"]
      },
      {
        "name": "Karabük",
        "cities": ["Karabük", "Eflani", "Eskipazar", "Ovacık", "Safranbolu", "Yenice"]
      },
      {
        "name": "Karaman",
        "cities": ["Karaman", "Ayrancı", "Başyayla", "Ermenek", "Kazımkarabekir", "Sarıveliler"]
      },
      {
        "name": "Kars",
        "cities": ["Kars", "Akyaka", "Arpaçay", "Digor", "Kağızman", "Sarıkamış", "Selim", "Susuz"]
      },
      {
        "name": "Kastamonu",
        "cities": ["Kastamonu", "Abana", "Ağlı", "Araç", "Azdavay", "Bozkurt", "Cide", "Çatalzeytin", "Daday", "Devrekani", "Doğanyurt", "Hanönü", "İhsangazi", "İnebolu", "Küre", "Pinarbaşı", "Seydiler", "Şenpazar", "Taşköprü", "Tosya"]
      },
      {
        "name": "Kayseri",
        "cities": ["Kayseri", "Akkışla", "Bünyan", "Develi", "Felahiye", "Hacılar", "İncesu", "Kocasinan", "Melikgazi", "Özvatan", "Pınarbaşı", "Sarıoğlan", "Sarız", "Talas", "Tomarza", "Yahyalı", "Yeşilhisar"]
      },
      {
        "name": "Kırıkkale",
        "cities": ["Kırıkkale", "Bahşili", "Balışeyh", "Çelebi", "Delice", "Karakeçili", "Keskin", "Sulakyurt", "Yahşihan"]
      },
      {
        "name": "Kırklareli",
        "cities": ["Kırklareli", "Babaeski", "Demirköy", "Kofçaz", "Lüleburgaz", "Pehlivanköy", "Pınarhisar", "Vize"]
      },
      {
        "name": "Kırşehir",
        "cities": ["Kırşehir", "Akçakent", "Akpınar", "Boztepe", "Çiçekdağı", "Kaman", "Mucur"]
      },
      {
        "name": "Kilis",
        "cities": ["Kilis", "Elbeyli", "Musabeyli", "Polateli"]
      },
      {
        "name": "Kocaeli",
        "cities": ["Kocaeli", "Başiskele", "Çayırova", "Darıca", "Derince", "Dilovası", "Gebze", "Gölcük", "İzmit", "Kandıra", "Karamürsel", "Kartepe", "Körfez"]
      },
      {
        "name": "Konya",
        "cities": ["Konya", "Ahırlı", "Akören", "Akşehir", "Altınekin", "Beyşehir", "Bozkır", "Cihanbeyli", "Çeltik", "Çumra", "Derbent", "Derebucak", "Doğanhisar", "Emirgazi", "Ereğli", "Güneysınır", "Hadim", "Halkapınar", "Hüyük", "Ilgın", "Kadınhanı", "Karapınar", "Karatay", "Kulu", "Meram", "Sarayönü", "Selçuklu", "Seydişehir", "Taşkent", "Tuzlukçu", "Yalıhüyük", "Yunak"]
      },
      {
        "name": "Kütahya",
        "cities": ["Kütahya", "Altıntaş", "Aslanapa", "Çavdarhisar", "Domaniç", "Dumlupınar", "Emet", "Gediz", "Hisarcık", "Pazarlar", "Şaphane", "Simav", "Tavşanlı"]
      },
      {
        "name": "Malatya",
        "cities": ["Malatya", "Akçadağ", "Arapgir", "Arguvan", "Battalgazi", "Darende", "Doğanşehir", "Doğanyol", "Hekimhan", "Kale", "Kuluncak", "Pütürge", "Yazıhan", "Yeşilyurt"]
      },
      {
        "name": "Manisa",
        "cities": ["Manisa", "Ahmetli", "Akhisar", "Alaşehir", "Demirci", "Gölmarmara", "Gördes", "Kırkağaç", "Köprübaşı", "Kula", "Salihli", "Sarıgöl", "Saruhanlı", "Selendi", "Soma", "Şehzadeler", "Turgutlu", "Yunusemre"]
      },
      {
        "name": "Mardin",
        "cities": ["Mardin", "Artuklu", "Dargeçit", "Derik", "Kızıltepe", "Mazıdağı", "Midyat", "Nusaybin", "Ömerli", "Savur", "Yeşilli"]
      },
      {
        "name": "Mersin",
        "cities": ["Mersin", "Akdeniz", "Anamur", "Aydıncık", "Bozyazı", "Çamlıyayla", "Erdemli", "Gülnar", "Mezitli", "Mut", "Silifke", "Tarsus", "Toroslar", "Yenişehir"]
      },
      {
        "name": "Muğla",
        "cities": ["Muğla", "Bodrum", "Dalaman", "Datça", "Fethiye", "Kavaklıdere", "Köyceğiz", "Marmaris", "Menteşe", "Milas", "Ortaca", "Seydikemer", "Ula", "Yatağan"]
      },
      {
        "name": "Muş",
        "cities": ["Muş", "Bulanık", "Hasköy", "Korkut", "Malazgirt", "Varto"]
      },
      {
        "name": "Nevşehir",
        "cities": ["Nevşehir", "Acıgöl", "Avanos", "Derinkuyu", "Gülşehir", "Hacıbektaş", "Kozaklı", "Ürgüp"]
      },
      {
        "name": "Niğde",
        "cities": ["Niğde", "Altunhisar", "Bor", "Çamardı", "Çiftlik", "Ulukışla"]
      },
      {
        "name": "Ordu",
        "cities": ["Ordu", "Akkuş", "Altınordu", "Aybastı", "Çamaş", "Çatalpınar", "Çaybaşı", "Fatsa", "Gölköy", "Gülyalı", "Gürgentepe", "İkizce", "Kabadüz", "Kabataş", "Korgan", "Kumru", "Mesudiye", "Perşembe", "Ulubey", "Ünye"]
      },
      {
        "name": "Osmaniye",
        "cities": ["Osmaniye", "Bahçe", "Düziçi", "Hasanbeyli", "Kadirli", "Sumbas", "Toprakkale"]
      },
      {
        "name": "Rize",
        "cities": ["Rize", "Ardeşen", "Çamlıhemşin", "Çayeli", "Derepazarı", "Fındıklı", "Güneysu", "Hemşin", "İkizdere", "İyidere", "Kalkandere", "Pazar"]
      },
      {
        "name": "Sakarya",
        "cities": ["Sakarya", "Adapazarı", "Akyazı", "Arifiye", "Erenler", "Ferizli", "Geyve", "Hendek", "Karapürçek", "Karasu", "Kaynarca", "Kocaali", "Pamukova", "Sapanca", "Serdivan", "Söğütlü", "Taraklı"]
      },
      {
        "name": "Samsun",
        "cities": ["Samsun", "Alaçam", "Asarcık", "Atakum", "Ayvacık", "Bafra", "Canik", "Çarşamba", "Havza", "İlkadım", "Kavak", "Ladik", "Ondokuzmayıs", "Salıpazarı", "Tekkeköy", "Terme", "Vezirköprü", "Yakakent"]
      },
      {
        "name": "Siirt",
        "cities": ["Siirt", "Baykan", "Eruh", "Kurtalan", "Pervari", "Şirvan", "Tillo"]
      },
      {
        "name": "Sinop",
        "cities": ["Sinop", "Ayancık", "Boyabat", "Dikmen", "Durağan", "Erfelek", "Gerze", "Saraydüzü", "Türkeli"]
      },
      {
        "name": "Sivas",
        "cities": ["Sivas", "Akıncılar", "Altınyayla", "Divriği", "Doğanşar", "Gemerek", "Gölova", "Gürün", "Hafik", "İmranlı", "Kangal", "Koyulhisar", "Suşehri", "Şarkışla", "Ulaş", "Yıldızeli", "Zara"]
      },
      {
        "name": "Şanlıurfa",
        "cities": ["Şanlıurfa", "Akçakale", "Birecik", "Bozova", "Ceylanpınar", "Eyyübiye", "Halfeti", "Haliliye", "Harran", "Hilvan", "Karaköprü", "Siverek", "Suruç", "Viranşehir"]
      },
      {
        "name": "Şırnak",
        "cities": ["Şırnak", "Beytüşşebap", "Cizre", "Güçlükonak", "İdil", "Silopi", "Uludere"]
      },
      {
        "name": "Tekirdağ",
        "cities": ["Tekirdağ", "Çerkezköy", "Çorlu", "Ergene", "Hayrabolu", "Kapaklı", "Malkara", "Marmaraereğlisi", "Muratlı", "Saray", "Süleymanpaşa", "Şarköy"]
      },
      {
        "name": "Tokat",
        "cities": ["Tokat", "Almus", "Artova", "Başçiftlik", "Erbaa", "Niksar", "Pazar", "Reşadiye", "Sulusaray", "Turhal", "Yeşilyurt", "Zile"]
      },
      {
        "name": "Trabzon",
        "cities": ["Trabzon", "Akçaabat", "Araklı", "Arsin", "Beşikdüzü", "Çarşıbaı", "Çaykara", "Dernekpazarı", "Düzköy", "Hayrat", "Köprübaşı", "Maçka", "Of", "Ortahisar", "Sürmene", "Şalpazarı", "Tonya", "Vakfıkebir", "Yomra"]
      },
      {
        "name": "Tunceli",
        "cities": ["Tunceli", "Çemişgezek", "Hozat", "Mazgirt", "Nazımiye", "Ovacık", "Pertek", "Pülümür"]
      },
      {
        "name": "Uşak",
        "cities": ["Uşak", "Banaz", "Eşme", "Karahallı", "Sivaslı", "Ulubey"]
      },
      {
        "name": "Van",
        "cities": ["Van", "Bahçesaray", "Başkale", "Çaldıran", "Çatak", "Edremit", "Erciş", "Gevaş", "Gürpınar", "İpekyolu", "Muradiye", "Özalp", "Saray", "Tuşba"]
      },
      {
        "name": "Yalova",
        "cities": ["Yalova", "Altınova", "Armutlu", "Çınarcık", "Çiftlikköy", "Termal"]
      },
      {
        "name": "Yozgat",
        "cities": ["Yozgat", "Akdağmadeni", "Aydıncık", "Boğazlıyan", "Çandır", "Çayıralan", "Çekerek", "Kadışehri", "Saraykent", "Sarıkaya", "Sorgun", "Şefaatli", "Yenifakılı", "Yerköy"]
      },
      {
        "name": "Zonguldak",
        "cities": ["Zonguldak", "Alaplı", "Çaycuma", "Devrek", "Ereğli", "Gökçebey", "Kilimli", "Kozlu"]
      }
    ]
  }
]