[
  {
    "country": "United States",
    "currencyCode": "USD",
    "currencyName": "US Dollar",
    "states": [
      {
        "name": "Alabama",
        "cities": ["Birmingham", "Montgomery", "Mobile", "Huntsville", "Tuscaloosa", "Hoover", "Dothan", "Auburn", "Decatur", "Madison"]
      },
      {
        "name": "Alaska",
        "cities": ["Anchorage", "Fairbanks", "Juneau", "Sitka", "Ketchikan", "Wasilla", "Kenai", "Kodiak", "Bethel", "Palmer"]
      },
      {
        "name": "Arizona",
        "cities": ["Phoenix", "Tucson", "Mesa", "Chandler", "Glendale", "Scottsdale", "Gilbert", "Tempe", "Peoria", "Surprise"]
      },
      {
        "name": "Arkansas",
        "cities": ["Little Rock", "Fort Smith", "Fayetteville", "Springdale", "Jonesboro", "North Little Rock", "Conway", "Rogers", "Pine Bluff", "Bentonville"]
      },
      {
        "name": "California",
        "cities": ["Los Angeles", "San Diego", "San Jose", "San Francisco", "Fresno", "Sacramento", "Long Beach", "Oakland", "Bakersfield", "Anaheim", "Riverside", "Santa Ana", "Irvine", "Stockton", "Chula Vista", "Fremont", "San Bernardino", "Modesto", "Oxnard", "Fontana"]
      },
      {
        "name": "Colorado",
        "cities": ["Denver", "Colorado Springs", "Aurora", "Fort Collins", "Lakewood", "Thornton", "Arvada", "Westminster", "Pueblo", "Centennial", "Boulder", "Greeley", "Longmont", "Loveland", "Broomfield"]
      },
      {
        "name": "Connecticut",
        "cities": ["Bridgeport", "New Haven", "Stamford", "Hartford", "Waterbury", "Norwalk", "Danbury", "New Britain", "Meriden", "Bristol", "West Haven", "Milford", "Middletown", "Norwich", "Shelton"]
      },
      {
        "name": "Delaware",
        "cities": ["Wilmington", "Dover", "Newark", "Middletown", "Smyrna", "Milford", "Seaford", "Georgetown", "Elsmere", "New Castle"]
      },
      {
        "name": "Florida",
        "cities": ["Jacksonville", "Miami", "Tampa", "Orlando", "St. Petersburg", "Hialeah", "Tallahassee", "Fort Lauderdale", "Port St. Lucie", "Cape Coral", "Pembroke Pines", "Hollywood", "Miramar", "Gainesville", "Coral Springs", "Clearwater", "Palm Bay", "Miami Gardens", "West Palm Beach", "Pompano Beach"]
      },
      {
        "name": "Georgia",
        "cities": ["Atlanta", "Augusta", "Columbus", "Macon", "Savannah", "Athens", "Sandy Springs", "Roswell", "Johns Creek", "Warner Robins", "Albany", "Alpharetta", "Marietta", "Valdosta", "Smyrna", "Dunwoody"]
      },
      {
        "name": "Hawaii",
        "cities": ["Honolulu", "East Honolulu", "Pearl City", "Hilo", "Kailua", "Waipahu", "Kaneohe", "Mililani Town", "Kahului", "Kapolei"]
      },
      {
        "name": "Idaho",
        "cities": ["Boise", "Meridian", "Nampa", "Idaho Falls", "Pocatello", "Caldwell", "Coeur d'Alene", "Twin Falls", "Lewiston", "Post Falls"]
      },
      {
        "name": "Illinois",
        "cities": ["Chicago", "Aurora", "Naperville", "Joliet", "Rockford", "Springfield", "Elgin", "Peoria", "Champaign", "Waukegan", "Cicero", "Bloomington", "Arlington Heights", "Evanston", "Decatur", "Schaumburg", "Bolingbrook", "Palatine"]
      },
      {
        "name": "Indiana",
        "cities": ["Indianapolis", "Fort Wayne", "Evansville", "South Bend", "Carmel", "Bloomington", "Fishers", "Hammond", "Gary", "Muncie", "Lafayette", "Terre Haute", "Kokomo", "Anderson", "Noblesville", "Greenwood"]
      },
      {
        "name": "Iowa",
        "cities": ["Des Moines", "Cedar Rapids", "Davenport", "Sioux City", "Iowa City", "Waterloo", "Council Bluffs", "Ames", "West Des Moines", "Dubuque", "Ankeny", "Urbandale", "Cedar Falls", "Marion", "Bettendorf"]
      },
      {
        "name": "Kansas",
        "cities": ["Wichita", "Overland Park", "Kansas City", "Olathe", "Topeka", "Lawrence", "Shawnee", "Manhattan", "Lenexa", "Salina", "Hutchinson", "Leavenworth", "Leawood", "Dodge City", "Garden City"]
      },
      {
        "name": "Kentucky",
        "cities": ["Louisville", "Lexington", "Bowling Green", "Owensboro", "Covington", "Richmond", "Georgetown", "Florence", "Hopkinsville", "Nicholasville", "Frankfort", "Henderson", "Jeffersontown", "Elizabethtown", "Paducah"]
      },
      {
        "name": "Louisiana",
        "cities": ["New Orleans", "Baton Rouge", "Shreveport", "Lafayette", "Lake Charles", "Kenner", "Bossier City", "Monroe", "Alexandria", "Houma"]
      },
      {
        "name": "Maine",
        "cities": ["Portland", "Lewiston", "Bangor", "South Portland", "Auburn", "Biddeford", "Sanford", "Saco", "Westbrook", "Augusta"]
      },
      {
        "name": "Maryland",
        "cities": ["Baltimore", "Frederick", "Rockville", "Gaithersburg", "Bowie", "Hagerstown", "Annapolis", "College Park", "Salisbury", "Laurel", "Greenbelt", "Cumberland", "Westminster", "Hyattsville"]
      },
      {
        "name": "Massachusetts",
        "cities": ["Boston", "Worcester", "Springfield", "Lowell", "Cambridge", "Brockton", "New Bedford", "Quincy", "Lynn", "Fall River", "Newton", "Lawrence", "Somerville", "Framingham", "Haverhill", "Waltham", "Malden", "Brookline"]
      },
      {
        "name": "Michigan",
        "cities": ["Detroit", "Grand Rapids", "Warren", "Sterling Heights", "Ann Arbor", "Lansing", "Flint", "Dearborn", "Livonia", "Westland", "Troy", "Farmington Hills", "Kalamazoo", "Wyoming", "Southfield", "Rochester Hills", "Taylor", "Pontiac", "St. Clair Shores"]
      },
      {
        "name": "Minnesota",
        "cities": ["Minneapolis", "Saint Paul", "Rochester", "Duluth", "Bloomington", "Brooklyn Park", "Plymouth", "Woodbury", "Maple Grove", "Eagan", "Coon Rapids", "Eden Prairie", "Minnetonka", "Burnsville", "Blaine", "Lakeville", "St. Louis Park", "Shakopee"]
      },
      {
        "name": "Mississippi",
        "cities": ["Jackson", "Gulfport", "Southaven", "Hattiesburg", "Biloxi", "Meridian", "Tupelo", "Olive Branch", "Greenville", "Horn Lake", "Clinton", "Pearl", "Ridgeland", "Starkville", "Columbus"]
      },
      {
        "name": "Missouri",
        "cities": ["Kansas City", "St. Louis", "Springfield", "Columbia", "Independence", "Lee's Summit", "O'Fallon", "St. Joseph", "St. Charles", "Blue Springs", "St. Peters", "Florissant", "Joplin", "Chesterfield", "Jefferson City", "Cape Girardeau"]
      },
      {
        "name": "Montana",
        "cities": ["Billings", "Missoula", "Great Falls", "Bozeman", "Butte", "Helena", "Kalispell", "Havre", "Anaconda", "Miles City"]
      },
      {
        "name": "Nebraska",
        "cities": ["Omaha", "Lincoln", "Bellevue", "Grand Island", "Kearney", "Fremont", "Hastings", "North Platte", "Norfolk", "Columbus", "Papillion", "La Vista", "Scottsbluff", "Beatrice"]
      },
      {
        "name": "Nevada",
        "cities": ["Las Vegas", "Henderson", "Reno", "North Las Vegas", "Sparks", "Carson City", "Fernley", "Elko", "Mesquite", "Boulder City"]
      },
      {
        "name": "New Hampshire",
        "cities": ["Manchester", "Nashua", "Concord", "Derry", "Dover", "Rochester", "Salem", "Merrimack", "Hudson", "Londonderry", "Keene", "Bedford", "Portsmouth", "Goffstown"]
      },
      {
        "name": "New Jersey",
        "cities": ["Newark", "Jersey City", "Paterson", "Elizabeth", "Clifton", "Trenton", "Camden", "Passaic", "Union City", "Bayonne", "East Orange", "Vineland", "New Brunswick", "Hoboken", "Perth Amboy", "West New York", "Plainfield", "Hackensack", "Sayreville", "Kearny"]
      },
      {
        "name": "New Mexico",
        "cities": ["Albuquerque", "Las Cruces", "Rio Rancho", "Santa Fe", "Roswell", "Farmington", "Clovis", "Hobbs", "Alamogordo", "Carlsbad"]
      },
      {
        "name": "New York",
        "cities": ["New York City", "Buffalo", "Rochester", "Yonkers", "Syracuse", "Albany", "New Rochelle", "Mount Vernon", "Schenectady", "Utica", "White Plains", "Hempstead", "Troy", "Niagara Falls", "Binghamton", "Freeport", "Valley Stream"]
      },
      {
        "name": "North Carolina",
        "cities": ["Charlotte", "Raleigh", "Greensboro", "Durham", "Winston-Salem", "Fayetteville", "Cary", "Wilmington", "High Point", "Greenville", "Asheville", "Concord", "Gastonia", "Jacksonville", "Chapel Hill", "Rocky Mount", "Burlington", "Huntersville", "Wilson", "Kannapolis"]
      },
      {
        "name": "North Dakota",
        "cities": ["Fargo", "Bismarck", "Grand Forks", "Minot", "West Fargo", "Williston", "Dickinson", "Mandan", "Jamestown", "Wahpeton"]
      },
      {
        "name": "Ohio",
        "cities": ["Columbus", "Cleveland", "Cincinnati", "Toledo", "Akron", "Dayton", "Parma", "Canton", "Youngstown", "Lorain", "Hamilton", "Springfield", "Kettering", "Elyria", "Lakewood", "Euclid", "Middletown", "Mansfield", "Mentor", "Cuyahoga Falls"]
      },
      {
        "name": "Oklahoma",
        "cities": ["Oklahoma City", "Tulsa", "Norman", "Broken Arrow", "Lawton", "Edmond", "Moore", "Midwest City", "Enid", "Stillwater", "Muskogee", "Bartlesville", "Shawnee", "Owasso", "Ardmore", "Ponca City", "Yukon", "Duncan"]
      },
      {
        "name": "Oregon",
        "cities": ["Portland", "Salem", "Eugene", "Gresham", "Hillsboro", "Beaverton", "Bend", "Medford", "Springfield", "Corvallis", "Albany", "Tigard", "Lake Oswego", "Keizer", "Grants Pass", "Oregon City", "McMinnville", "Redmond", "Tualatin", "West Linn"]
      },
      {
        "name": "Pennsylvania",
        "cities": ["Philadelphia", "Pittsburgh", "Allentown", "Erie", "Reading", "Scranton", "Bethlehem", "Lancaster", "Harrisburg", "Altoona", "York", "State College", "Wilkes-Barre", "Chester", "Williamsport", "Easton", "Lebanon", "Hazleton"]
      },
      {
        "name": "Rhode Island",
        "cities": ["Providence", "Warwick", "Cranston", "Pawtucket", "East Providence", "Woonsocket", "Coventry", "Cumberland", "North Providence", "South Kingstown", "West Warwick", "Johnston", "North Kingstown", "Newport", "Bristol"]
      },
      {
        "name": "South Carolina",
        "cities": ["Columbia", "Charleston", "North Charleston", "Mount Pleasant", "Rock Hill", "Greenville", "Summerville", "Sumter", "Goose Creek", "Hilton Head Island", "Florence", "Spartanburg", "Greer", "Aiken", "Myrtle Beach", "Anderson", "Bluffton", "Easley"]
      },
      {
        "name": "South Dakota",
        "cities": ["Sioux Falls", "Rapid City", "Aberdeen", "Brookings", "Watertown", "Mitchell", "Pierre", "Yankton", "Huron", "Vermillion"]
      },
      {
        "name": "Tennessee",
        "cities": ["Nashville", "Memphis", "Knoxville", "Chattanooga", "Clarksville", "Murfreesboro", "Franklin", "Jackson", "Johnson City", "Bartlett", "Hendersonville", "Kingsport", "Collierville", "Cleveland", "Smyrna", "Gallatin", "Brentwood", "Columbia", "La Vergne", "Cookeville"]
      },
      {
        "name": "Texas",
        "cities": ["Houston", "San Antonio", "Dallas", "Austin", "Fort Worth", "El Paso", "Arlington", "Corpus Christi", "Plano", "Laredo", "Lubbock", "Garland", "Irving", "Amarillo", "Grand Prairie", "Brownsville", "McKinney", "Frisco", "Pasadena", "Mesquite", "Killeen", "McAllen", "Carrollton", "Midland", "Waco", "Denton", "Abilene", "Beaumont", "Odessa", "Round Rock", "Wichita Falls", "Richardson", "Lewisville", "Tyler", "College Station", "Pearland", "San Angelo", "Conroe", "New Braunfels", "Sugar Land"]
      },
      {
        "name": "Utah",
        "cities": ["Salt Lake City", "West Valley City", "Provo", "West Jordan", "Orem", "Sandy", "Ogden", "St. George", "Layton", "Taylorsville", "South Jordan", "Lehi", "Logan", "Murray", "Draper", "Bountiful", "Riverton", "Herriman", "Tooele", "Cedar City"]
      },
      {
        "name": "Vermont",
        "cities": ["Burlington", "South Burlington", "Rutland", "Barre", "Montpelier", "Winooski", "St. Albans", "Newport", "Vergennes", "Hartford"]
      },
      {
        "name": "Virginia",
        "cities": ["Virginia Beach", "Norfolk", "Chesapeake", "Richmond", "Newport News", "Alexandria", "Hampton", "Roanoke", "Portsmouth", "Suffolk", "Lynchburg", "Harrisonburg", "Leesburg", "Charlottesville", "Danville", "Blacksburg", "Manassas", "Petersburg", "Winchester", "Salem"]
      },
      {
        "name": "Washington",
        "cities": ["Seattle", "Spokane", "Tacoma", "Vancouver", "Bellevue", "Kent", "Everett", "Renton", "Spokane Valley", "Federal Way", "Yakima", "Kirkland", "Bellingham", "Kennewick", "Auburn", "Pasco", "Marysville", "Lakewood", "Redmond", "Shoreline", "Richland", "Sammamish", "Burien", "Lacey"]
      },
      {
        "name": "West Virginia",
        "cities": ["Charleston", "Huntington", "Morgantown", "Parkersburg", "Wheeling", "Weirton", "Fairmont", "Martinsburg", "Beckley", "Clarksburg", "South Charleston", "St. Albans", "Vienna", "Bluefield"]
      },
      {
        "name": "Wisconsin",
        "cities": ["Milwaukee", "Madison", "Green Bay", "Kenosha", "Racine", "Appleton", "Waukesha", "Eau Claire", "Oshkosh", "Janesville", "West Allis", "La Crosse", "Sheboygan", "Wauwatosa", "Fond du Lac", "New Berlin", "Wausau", "Brookfield", "Beloit", "Greenfield"]
      },
      {
        "name": "Wyoming",
        "cities": ["Cheyenne", "Casper", "Laramie", "Gillette", "Rock Springs", "Sheridan", "Green River", "Evanston", "Riverton", "Jackson", "Cody", "Rawlins", "Lander", "Torrington", "Powell", "Douglas", "Worland"]
      }
    ]
  }
]