[
  {
    "country": "United Kingdom",
    "currencyCode": "GBP",
    "currencyName": "British Pound",
    "states": [
      {
        "name": "England",
        "cities": ["London", "Birmingham", "Manchester", "Liverpool", "Leeds", "Sheffield", "Bristol", "Coventry", "Leicester", "Nottingham", "Newcastle upon Tyne", "Southampton", "Portsmouth", "Wolverhampton", "Plymouth", "Stoke-on-Trent", "Derby", "Brighton", "Reading", "Middlesbrough", "Norwich", "Bournemouth", "Hull", "York", "Oxford", "Cambridge", "Exeter", "Northampton", "Luton", "Aberdeen", "Dundee", "Swansea", "Cardiff", "Belfast", "Derry", "Bradford", "Bolton", "Oldham", "Stockport", "Walsall", "Sunderland", "Milton Keynes", "Slough", "Warrington", "Huddersfield", "Peterborough", "Southend-on-Sea", "Cheltenham", "Gloucester", "Blackpool", "Blackburn", "Mansfield", "Ipswich", "Crewe", "Chester", "Shrewsbury", "Canterbury", "Worcester", "Lincoln", "Hereford", "Durham", "Carlisle", "Bath", "Saltaire", "St Albans", "Winchester", "Guildford", "Chelmsford", "St Helens", "High Wycombe", "Woking", "Maidenhead", "Basildon", "Wigan", "Wakefield", "Doncaster", "Rotherham", "Barnsley", "Telford", "Swindon", "Hastings", "Eastbourne", "Bognor Regis", "Harrogate", "Scunthorpe", "Grimsby", "Lowestoft", "Great Yarmouth", "Colchester", "Maidstone", "Gillingham", "Darlington", "Hartlepool", "Halifax", "Burnley", "Rochdale", "Solihull", "Worthing", "Basingstoke", "Farnborough", "Aldershot", "Redditch", "Tamworth", "Nuneaton", "Rugby", "Stafford", "Newport", "Wrexham", "Rhyl", "Llandudno", "Bangor", "Newry"]
      },
      {
        "name": "Scotland",
        "cities": ["Glasgow", "Edinburgh", "Aberdeen", "Dundee", "Paisley", "East Kilbride", "Livingston", "Hamilton", "Cumbernauld", "Kirkcaldy", "Dunfermline", "Ayr", "Kilmarnock", "Perth", "Inverness", "Stirling", "Falkirk", "Irvine", "Greenock", "Coatbridge", "Glenrothes", "Airdrie", "Stornoway", "Lerwick", "Oban", "Fort William", "Dumfries", "Galashiels", "Kyle of Lochalsh", "Ullapool"]
      },
      {
        "name": "Wales",
        "cities": ["Cardiff", "Swansea", "Newport", "Wrexham", "Barry", "Neath", "Cwmbran", "Bridgend", "Llanelli", "Merthyr Tydfil", "Caerphilly", "Port Talbot", "Pontypridd", "Aberdare", "Colwyn Bay", "Pontypool", "Penarth", "Rhyl", "Blackwood", "Mold", "Bangor", "Llandudno", "Haverfordwest", "Milford Haven", "Fishguard", "Holyhead", "Newtown", "Welshpool", "Lampeter", "Aberystwyth"]
      },
      {
        "name": "Northern Ireland",
        "cities": ["Belfast", "Derry", "Lisburn", "Newtownabbey", "Bangor", "Castlereagh", "Newtownards", "Carrickfergus", "Ballymena", "Newry", "Coleraine", "Antrim", "Omagh", "Larne", "Banbridge", "Armagh", "Portadown", "Craigavon", "Dungannon", "Strabane", "Limavady", "Cookstown", "Holywood", "Downpatrick", "Ballymoney", "Ballyclare", "Comber", "Warrenpoint", "Dromore", "Enniskillen"]
      },
      {
        "name": "Greater London",
        "cities": ["London", "Westminster", "Croydon", "Barnet", "Ealing", "Bromley", "Enfield", "Lambeth", "Redbridge", "Southwark", "Tower Hamlets", "Wandsworth", "Hackney", "Hammersmith and Fulham", "Haringey", "Hounslow", "Islington", "Kensington and Chelsea", "Kingston upon Thames", "Lewisham", "Merton", "Newham", "Richmond upon Thames", "Sutton", "Waltham Forest", "Barking and Dagenham", "Bexley", "Brent", "Camden", "City of London", "Greenwich", "Harrow", "Havering", "Hillingdon"]
      }
    ]
  }
]