[
  {
    "country": "Yemen",
    "currencyCode": "YER",
    "currencyName": "Yemeni Rial",
    "states": [
      {
        "name": "Aden",
        "cities": ["Aden", "Al Mansura", "Craiter", "Khormaksar", "Sheikh Othman"]
      },
      {
        "name": "Al Hudaydah",
        "cities": ["Al Hudaydah", "Bajil", "Zabid", "Al Marawi'ah", "Hays"]
      },
      {
        "name": "Al Mahrah",
        "cities": ["Al Ghaydah", "Hawf", "Al Masilah", "Qishn"]
      },
      {
        "name": "Amanat Al Asimah",
        "cities": ["Sana'a", "Old City", "Al Hasaba", "As Sabain", "Al Wahdah"]
      },
      {
        "name": "Hadramaut",
        "cities": ["Al Mukalla", "Sayun", "Shihr", "Tarim", "Al Qatan"]
      },
      {
        "name": "Ibb",
        "cities": ["Ibb", "Jiblah", "Yarim", "Ba'dan", "Al Udayn"]
      },
      {
        "name": "Marib",
        "cities": ["Marib", "Al Jubah", "Harib", "Sirwah", "Raghwan"]
      },
      {
        "name": "Saada",
        "cities": ["Saada", "Al Dhaher", "Sahar", "Kitaf", "Majz"]
      },
      {
        "name": "Sana'a",
        "cities": ["Sana'a", "Arhab", "Bani Matar", "Hamdan", "Khwlan"]
      },
      {
        "name": "Taiz",
        "cities": ["Taiz", "Al Ma'afer", "Al Mudhaffar", "Sabir", "Al Wazi'iyah"]
      }
    ]
  },
  {
    "country": "Zambia",
    "currencyCode": "ZMW",
    "currencyName": "Zambian Kwacha",
    "states": [
      {
        "name": "Central Province",
        "cities": ["Kabwe", "Kapiri Mposhi", "Mkushi", "Mumbwa", "Serenje"]
      },
      {
        "name": "Copperbelt Province",
        "cities": ["Ndola", "Kitwe", "Chingola", "Mufulira", "Luanshya", "Kalulushi", "Chililabombwe"]
      },
      {
        "name": "Eastern Province",
        "cities": ["Chipata", "Lundazi", "Petauke", "Chadiza", "Katete"]
      },
      {
        "name": "Luapula Province",
        "cities": ["Mansa", "Samfya", "Nchelenge", "Kawambwa", "Mwense"]
      },
      {
        "name": "Lusaka Province",
        "cities": ["Lusaka", "Kafue", "Luangwa", "Chongwe"]
      },
      {
        "name": "Muchinga Province",
        "cities": ["Chinsali", "Mpika", "Isoka", "Nakonde", "Chama"]
      },
      {
        "name": "North-Western Province",
        "cities": ["Solwezi", "Mufumbwe", "Kasempa", "Kabompo", "Zambezi"]
      },
      {
        "name": "Northern Province",
        "cities": ["Kasama", "Mbala", "Mpulungu", "Mungwi", "Kaputa"]
      },
      {
        "name": "Southern Province",
        "cities": ["Livingstone", "Choma", "Mazabuka", "Monze", "Gwembe", "Siavonga", "Kalomo"]
      },
      {
        "name": "Western Province",
        "cities": ["Mongu", "Senanga", "Sesheke", "Kalabo", "Lukulu", "Kaoma"]
      }
    ]
  },
  {
    "country": "Zimbabwe",
    "currencyCode": "ZWL",
    "currencyName": "Zimbabwean Dollar",
    "states": [
      {
        "name": "Bulawayo",
        "cities": ["Bulawayo", "Entumbane", "Mpopoma", "Nkulumane", "Mahatshula"]
      },
      {
        "name": "Harare",
        "cities": ["Harare", "Epworth", "Chitungwiza", "Norton", "Ruwa"]
      },
      {
        "name": "Manicaland",
        "cities": ["Mutare", "Chipinge", "Chimanimani", "Buhera", "Makoni"]
      },
      {
        "name": "Mashonaland Central",
        "cities": ["Bindura", "Shamva", "Guruve", "Mount Darwin", "Rushinga"]
      },
      {
        "name": "Mashonaland East",
        "cities": ["Marondera", "Chivhu", "Murehwa", "Mutoko", "Seke"]
      },
      {
        "name": "Mashonaland West",
        "cities": ["Chinhoyi", "Kadoma", "Karoi", "Chegutu", "Hurungwe"]
      },
      {
        "name": "Masvingo",
        "cities": ["Masvingo", "Chiredzi", "Gutu", "Mwenezi", "Bikita"]
      },
      {
        "name": "Matabeleland North",
        "cities": ["Hwange", "Lupane", "Victoria Falls", "Nkayi", "Tsholotsho"]
      },
      {
        "name": "Matabeleland South",
        "cities": ["Gwanda", "Beitbridge", "Plumtree", "Umzingwane", "Insiza"]
      },
      {
        "name": "Midlands",
        "cities": ["Gweru", "Kwekwe", "Shurugwi", "Zvishavane", "Mberengwa"]
      }
    ]
  },
  {
    "country": "Åland Islands",
    "currencyCode": "EUR",
    "currencyName": "Euro",
    "states": [
      {
        "name": "Main Region",
        "cities": ["Mariehamn", "Jomala", "Finström", "Sund", "Hammarland", "Saltvik", "Lemland", "Föglö", "Brändö", "Kumlinge", "Vårdö", "Sottunga", "Geta", "Eckerö"]
      }
    ]
  },
  {
    "country": "American Samoa",
    "currencyCode": "USD",
    "currencyName": "US Dollar",
    "states": [
      {
        "name": "Tutuila",
        "cities": ["Pago Pago", "Tafuna", "Leone", "Fagatogo", "Ili'ili", "Nu'uuli", "Vaitogi"]
      },
      {
        "name": "Aunu'u",
        "cities": ["Aunu'u"]
      },
      {
        "name": "Manu'a Islands",
        "cities": ["Ta'u", "Ofu", "Olosega"]
      },
      {
        "name": "Swains Island",
        "cities": ["Swains Island"]
      },
      {
        "name": "Rose Atoll",
        "cities": ["Rose Atoll"]
      }
    ]
  }
]