[
  {
    "country": "Andorra",
    "currencyCode": "EUR",
    "currencyName": "Euro",
    "states": [
      {
        "name": "Andorra la Vella",
        "cities": ["Andorra la Vella", "Santa Coloma"]
      },
      {
        "name": "Canillo",
        "cities": ["Canillo", "Soldeu", "El Tarter", "Ransol", "Meritxell"]
      },
      {
        "name": "Encamp",
        "cities": ["Encamp", "Pas de la Casa", "Els Cortals", "Vila"]
      },
      {
        "name": "Escaldes-Engordany",
        "cities": ["Escaldes-Engordany", "Les Escaldes"]
      },
      {
        "name": "La Massana",
        "cities": ["La Massana", "Pal", "Arinsal", "Sispony", "Anyós"]
      },
      {
        "name": "Ordino",
        "cities": ["Ordino", "El Serrat", "La Cortinada", "Ansalonga", "Segudet"]
      },
      {
        "name": "Sant Julià de Lòria",
        "cities": ["Sant Julià de Lòria", "Aixovall", "Auvinyà", "Bixessarri", "Fontaneda"]
      }
    ]
  },
  {
    "country": "Angola",
    "currencyCode": "AOA",
    "currencyName": "Angolan Kwanza",
    "states": [
      {
        "name": "Bengo",
        "cities": ["Caxito", "Muxima", "Ambriz", "Nambuangongo", "Pango Aluquém"]
      },
      {
        "name": "Benguela",
        "cities": ["Benguela", "Lobito", "Baía Farta", "Catumbela", "Bocoio", "Cubal", "Ganda"]
      },
      {
        "name": "Bié",
        "cities": ["Kuito", "Cuíto", "Camacupa", "Catabola", "Chinguar", "Andulo", "Nharea"]
      },
      {
        "name": "Cabinda",
        "cities": ["Cabinda", "Landana", "Buco-Zau", "Belize"]
      },
      {
        "name": "Cuando Cubango",
        "cities": ["Menongue", "Cuito Cuanavale", "Rivungo", "Dirico", "Mavinga", "Calai"]
      },
      {
        "name": "Cuanza Norte",
        "cities": ["N'dalatando", "Dondo", "Golungo Alto", "Quiculungo", "Banga", "Cazengo"]
      },
      {
        "name": "Cuanza Sul",
        "cities": ["Sumbe", "Porto Amboim", "Gabela", "Quibala", "Waku-Kungo", "Cassongue", "Cela"]
      },
      {
        "name": "Cunene",
        "cities": ["Ondjiva", "Namacunde", "Cuanhama", "Curoca", "Cahama", "Xangongo"]
      },
      {
        "name": "Huambo",
        "cities": ["Huambo", "Caála", "Longonjo", "Ukuma", "Bailundo", "Catchiungo", "Londuimbali"]
      },
      {
        "name": "Huíla",
        "cities": ["Lubango", "Matala", "Humpata", "Caconda", "Chibia", "Quipungo", "Caluquembe", "Jamba", "Cacula"]
      },
      {
        "name": "Luanda",
        "cities": ["Luanda", "Cacuaco", "Viana", "Cazenga", "Belas", "Kilamba Kiaxi", "Talatona", "Samba"]
      },
      {
        "name": "Lunda Norte",
        "cities": ["Dundo", "Lucapa", "Cambulo", "Capenda Camulemba", "Caungula", "Chitato"]
      },
      {
        "name": "Lunda Sul",
        "cities": ["Saurimo", "Dala", "Cacolo", "Muconda"]
      },
      {
        "name": "Malanje",
        "cities": ["Malanje", "Cacuso", "Calandula", "Cangandala", "Massango", "Quela", "Kunda-dia-Base"]
      },
      {
        "name": "Moxico",
        "cities": ["Luena", "Léua", "Camanongue", "Luchazes", "Cameia", "Alto Zambeze"]
      },
      {
        "name": "Namibe",
        "cities": ["Moçâmedes", "Tômbua", "Virei", "Camucuio", "Bibala"]
      },
      {
        "name": "Uíge",
        "cities": ["Uíge", "Mbanza Congo", "Negage", "Damba", "Quimbele", "Puri", "Alto Cauale", "Ambuila"]
      },
      {
        "name": "Zaire",
        "cities": ["Mbanza Congo", "Soyo", "N'zeto", "Tomboco", "Cuimba", "Noqui"]
      }
    ]
  },
  {
    "country": "Anguilla",
    "currencyCode": "XCD",
    "currencyName": "East Caribbean Dollar",
    "states": [
      {
        "name": "Anguilla",
        "cities": ["The Valley", "Stoney Ground", "North Side", "South Hill", "Blowing Point", "Sandy Ground", "The Quarter", "Island Harbour", "George Hill", "West End", "Long Bay", "Crocus Bay", "Rendezvous Bay", "Shoal Bay"]
      }
    ]
  },
  {
    "country": "Antigua and Barbuda",
    "currencyCode": "XCD",
    "currencyName": "East Caribbean Dollar",
    "states": [
      {
        "name": "Antigua",
        "cities": ["Saint John's", "All Saints", "Liberta", "Piggotts", "Bolans", "Swetes", "Sea View Farm", "Potter's Village", "Carlisle", "Old Road", "Falmouth", "Cedar Grove", "Parham", "Willikies"]
      },
      {
        "name": "Barbuda",
        "cities": ["Codrington", "Coco Point", "Palmetto Point", "Spanish Point"]
      },
      {
        "name": "Redonda",
        "cities": ["Redonda"]
      }
    ]
  },
  {
    "country": "Argentina",
    "currencyCode": "ARS",
    "currencyName": "Argentine Peso",
    "states": [
      {
        "name": "Buenos Aires",
        "cities": ["La Plata", "Mar del Plata", "Bahía Blanca", "Quilmes", "Lanús", "Morón", "Lomas de Zamora", "San Isidro", "Tigre", "Merlo", "Avellaneda", "San Miguel", "Moreno", "Pilar", "Ezeiza", "José C. Paz"]
      },
      {
        "name": "Catamarca",
        "cities": ["San Fernando del Valle de Catamarca", "Andalgalá", "Belén", "Fiambalá", "Santa María", "Recreo", "Pomán", "Saujil"]
      },
      {
        "name": "Chaco",
        "cities": ["Resistencia", "Presidencia Roque Sáenz Peña", "Villa Ángela", "Charata", "General San Martín", "Quitilipi", "Machagai", "Las Breñas"]
      },
      {
        "name": "Chubut",
        "cities": ["Comodoro Rivadavia", "Trelew", "Puerto Madryn", "Esquel", "Rawson", "Sarmiento", "Gaiman", "Dolavon", "Rada Tilly", "Lago Puelo"]
      },
      {
        "name": "Córdoba",
        "cities": ["Córdoba", "Río Cuarto", "Villa María", "San Francisco", "Alta Gracia", "Villa Carlos Paz", "Bell Ville", "Río Tercero", "Jesús María", "La Calera", "Arroyito", "Marcos Juárez"]
      },
      {
        "name": "Corrientes",
        "cities": ["Corrientes", "Goya", "Mercedes", "Curuzú Cuatiá", "Paso de los Libres", "Bella Vista", "Monte Caseros", "Ituzaingó", "Santo Tomé"]
      },
      {
        "name": "Entre Ríos",
        "cities": ["Paraná", "Concordia", "Gualeguaychú", "Concepción del Uruguay", "Gualeguay", "Victoria", "Nogoyá", "Villaguay", "Federación", "Diamante"]
      },
      {
        "name": "Formosa",
        "cities": ["Formosa", "Clorinda", "Pirané", "Espinillo", "El Colorado", "Laguna Naick Neck", "Laguna Blanca", "Ibarreta"]
      },
      {
        "name": "Jujuy",
        "cities": ["San Salvador de Jujuy", "Palpalá", "San Pedro de Jujuy", "Libertador General San Martín", "Perico", "La Quiaca", "Fraile Pintado", "El Carmen", "Caimancito"]
      },
      {
        "name": "La Pampa",
        "cities": ["Santa Rosa", "General Pico", "Toay", "Realicó", "Eduardo Castex", "Victorica", "Macachín", "Intendente Alvear"]
      },
      {
        "name": "La Rioja",
        "cities": ["La Rioja", "Chilecito", "Aimogasta", "Chamical", "Chepes", "Villa Unión", "Famatina", "Ulapes", "Tama"]
      },
      {
        "name": "Mendoza",
        "cities": ["Mendoza", "San Rafael", "Godoy Cruz", "Guaymallén", "Las Heras", "Maipú", "Luján de Cuyo", "Tunuyán", "San Martín", "Rivadavia", "La Paz", "Santa Rosa"]
      },
      {
        "name": "Misiones",
        "cities": ["Posadas", "Puerto Iguazú", "Oberá", "Eldorado", "San Vicente", "Leandro N. Alem", "Apóstoles", "Aristóbulo del Valle", "Puerto Rico", "Candelaria"]
      },
      {
        "name": "Neuquén",
        "cities": ["Neuquén", "Cutral Có", "Plottier", "Zapala", "San Martín de los Andes", "Centenario", "Chos Malal", "Villa La Angostura", "Rincón de los Sauces", "Aluminé"]
      },
      {
        "name": "Río Negro",
        "cities": ["Viedma", "San Carlos de Bariloche", "General Roca", "Cipolletti", "Allen", "El Bolsón", "Choele Choel", "Cinco Saltos", "Catriel", "Villa Regina"]
      },
      {
        "name": "Salta",
        "cities": ["Salta", "San Ramón de la Nueva Orán", "Tartagal", "Cafayate", "Metán", "Rosario de la Frontera", "San José de Metán", "Cerrillos", "Campo Quijano", "Aguaray"]
      },
      {
        "name": "San Juan",
        "cities": ["San Juan", "Rivadavia", "Santa Lucía", "Pocito", "Caucete", "Chimbas", "Albardón", "Calingasta", "Villa Paula Albarracín", "Villa Basilio Nievas"]
      },
      {
        "name": "San Luis",
        "cities": ["San Luis", "Villa Mercedes", "Merlo", "Juana Koslay", "La Toma", "Quines", "Justo Daract", "Tilisarao", "Concarán", "Naschel"]
      },
      {
        "name": "Santa Cruz",
        "cities": ["Río Gallegos", "Caleta Olivia", "Puerto Deseado", "Pico Truncado", "Las Heras", "Río Turbio", "El Calafate", "Perito Moreno", "Puerto San Julián", "Gobernador Gregores"]
      },
      {
        "name": "Santa Fe",
        "cities": ["Santa Fe", "Rosario", "Rafaela", "Villa Gobernador Gálvez", "Venado Tuerto", "Reconquista", "Santo Tomé", "Esperanza", "Sunchales", "Ceres", "San Lorenzo", "Funes", "Capitán Bermúdez"]
      },
      {
        "name": "Santiago del Estero",
        "cities": ["Santiago del Estero", "La Banda", "Frías", "Añatuya", "Termas de Río Hondo", "Clodomira", "Loreto", "Quimilí", "Sumampa", "Bandera"]
      },
      {
        "name": "Tierra del Fuego",
        "cities": ["Ushuaia", "Río Grande", "Tolhuin"]
      },
      {
        "name": "Tucumán",
        "cities": ["San Miguel de Tucumán", "Yerba Buena", "Concepción", "Aguilares", "Monteros", "Tafí Viejo", "Banda del Río Salí", "Burruyacú", "Famaillá", "Lules", "Cruz Alta"]
      }
    ]
  }
]