[
  {
    "country": "East Timor",
    "currencyCode": "USD",
    "currencyName": "US Dollar",
    "states": [
      {"name": "Aileu", "cities": ["Aileu", "Laulara", "Liquidoe", "Remexio"]},
      {"name": "Ainaro", "cities": ["Ainaro", "Hato-Udo", "Hatu-Builico", "Maubisse"]},
      {"name": "Baucau", "cities": ["Baucau", "Baguia", "Laga", "Quelicai", "Vemasse", "Venilale"]},
      {"name": "Bobonaro", "cities": ["Maliana", "Atabae", "Balibo", "Cailaco", "Lolotoe"]},
      {"name": "Cova Lima", "cities": ["Suai", "Fatululic", "Fohorem", "Maucatar", "Tilomar", "Zumalai"]},
      {"name": "Dili", "cities": ["Dili", "Atauro", "Cristo Rei", "Dom Aleixo", "Metinaro", "Nain Feto", "Vera Cruz"]},
      {"name": "Ermera", "cities": ["Gleno", "Atsabe", "Hatolia", "Letefoho", "Railaco"]},
      {"name": "Lautém", "cities": ["Lospalos", "Iliomar", "Lautém", "Luro", "Tutuala"]},
      {"name": "Liquiçá", "cities": ["Liquiçá", "Bazartete", "Maubara"]},
      {"name": "Manatuto", "cities": ["Manatuto", "Barique", "Laclo", "Laclubar", "Soibada"]},
      {"name": "Manufahi", "cities": ["Same", "Alas", "Fatuberlio", "Turiscai"]},
      {"name": "Oecusse", "cities": ["Pante Macassar", "Nitibe", "Oesilo", "Passabe"]},
      {"name": "Viqueque", "cities": ["Viqueque", "Lacluta", "Ossu", "Uato-Lari", "Uatucarbau"]}
    ]
  },
  {
    "country": "Ecuador",
    "currencyCode": "USD",
    "currencyName": "US Dollar",
    "states": [
      {"name": "Azuay", "cities": ["Cuenca", "Gualaceo", "Paute", "Santa Isabel", "Sigsig", "Girón", "San Fernando", "Pucará", "Nabón"]},
      {"name": "Bolívar", "cities": ["Guaranda", "Chillanes", "Chimbo", "Echeandía", "San Miguel", "Caluma", "Las Naves"]},
      {"name": "Cañar", "cities": ["Azogues", "Biblián", "Cañar", "La Troncal", "El Tambo", "Déleg", "Suscal"]},
      {"name": "Carchi", "cities": ["Tulcán", "Bolívar", "Espejo", "Mira", "Montúfar", "San Pedro de Huaca"]},
      {"name": "Chimborazo", "cities": ["Riobamba", "Alausí", "Colta", "Chambo", "Chunchi", "Guamote", "Guano", "Pallatanga", "Penipe"]},
      {"name": "Cotopaxi", "cities": ["Latacunga", "La Maná", "Pangua", "Pujilí", "Salcedo", "Saquisilí", "Sigchos"]},
      {"name": "El Oro", "cities": ["Machala", "Arenillas", "Atahualpa", "Balsas", "Chilla", "El Guabo", "Huaquillas", "Las Lajas", "Marcabelí", "Pasaje", "Piñas", "Portovelo", "Santa Rosa", "Zaruma"]},
      {"name": "Esmeraldas", "cities": ["Esmeraldas", "Atacames", "Eloy Alfaro", "Muisne", "Quinindé", "Río Verde", "San Lorenzo"]},
      {"name": "Galápagos", "cities": ["Puerto Baquerizo Moreno", "Puerto Ayora", "Puerto Villamil"]},
      {"name": "Guayas", "cities": ["Guayaquil", "Durán", "Samborondón", "Alfredo Baquerizo Moreno", "Balao", "Balzar", "Colimes", "Coronel Marcelino Maridueña", "Daule", "El Triunfo", "Eloy Alfaro", "Empalme", "General Antonio Elizalde", "Isidro Ayora", "Lomas de Sargentillo", "Milagro", "Naranjal", "Naranjito", "Nobol", "Palestina", "Pedro Carbo", "Playas", "Salitre", "Samborondón", "Santa Lucía", "Simón Bolívar", "Yaguachi"]},
      {"name": "Imbabura", "cities": ["Ibarra", "Antonio Ante", "Cotacachi", "Otavalo", "Pimampiro", "San Miguel de Urcuquí"]},
      {"name": "Loja", "cities": ["Loja", "Calvas", "Catamayo", "Celica", "Chaguarpamba", "Espíndola", "Gonzanamá", "Macará", "Olmedo", "Paltas", "Puyango", "Quilanga", "Saraguro", "Sozoranga", "Zapotillo"]},
      {"name": "Los Ríos", "cities": ["Babahoyo", "Baba", "Montalvo", "Puebloviejo", "Quevedo", "Urdaneta", "Ventanas", "Vinces", "Palenque", "Buena Fé", "Valencia"]},
      {"name": "Manabí", "cities": ["Portoviejo", "Bolívar", "Chone", "El Carmen", "Flavio Alfaro", "Jama", "Jaramijó", "Jipijapa", "Junín", "Manta", "Montecristi", "Olmedo", "Paján", "Pedernales", "Pichincha", "Rocafuerte", "San Vicente", "Santa Ana", "Sucre", "Tosagua", "24 de Mayo"]},
      {"name": "Morona Santiago", "cities": ["Macas", "Gualaquiza", "Huamboya", "Limón Indanza", "Logroño", "Morona", "Pablo Sexto", "Palora", "San Juan Bosco", "Santiago de Méndez", "Sucúa", "Taisha", "Tiwintza"]},
      {"name": "Napo", "cities": ["Tena", "Archidona", "El Chaco", "Quijos", "Carlos Julio Arosemena Tola"]},
      {"name": "Orellana", "cities": ["Puerto Francisco de Orellana", "Aguarico", "La Joya de los Sachas", "Loreto"]},
      {"name": "Pastaza", "cities": ["Puyo", "Arajuno", "Mera", "Santa Clara"]},
      {"name": "Pichincha", "cities": ["Quito", "Cayambe", "Mejía", "Pedro Moncayo", "Pedro Vicente Maldonado", "Puerto Quito", "Rumiñahui", "San Miguel de Los Bancos"]},
      {"name": "Santa Elena", "cities": ["Santa Elena", "La Libertad", "Salinas"]},
      {"name": "Santo Domingo de los Tsáchilas", "cities": ["Santo Domingo", "La Concordia"]},
      {"name": "Sucumbíos", "cities": ["Nueva Loja", "Cascales", "Cuyabeno", "Gonzalo Pizarro", "Lago Agrio", "Putumayo", "Shushufindi", "Sucumbíos"]},
      {"name": "Tungurahua", "cities": ["Ambato", "Baños de Agua Santa", "Cevallos", "Mocha", "Patate", "Pelileo", "Píllaro", "Quero", "Tisaleo"]},
      {"name": "Zamora Chinchipe", "cities": ["Zamora", "Chinchipe", "Nangaritza", "Palanda", "Pangui", "Paquisha", "Yacuambi", "Yantzaza", "El Pangui"]}
    ]
  },
  {
    "country": "Egypt",
    "currencyCode": "EGP",
    "currencyName": "Egyptian Pound",
    "states": [
      {"name": "Alexandria", "cities": ["Alexandria", "Borg El Arab", "New Borg El Arab", "Abu Qir", "Al-Montazah", "Al-Amiriyyah", "Al-Attarin", "Al-Gomrok", "Al-Labban", "Al-Manshiyya", "Al-Minya", "Anfushi", "Asafra", "Azarita", "Bab Sharqi", "Bahig", "Bolkly", "Camp Caesar", "Cleopatra", "Dekhela", "El Agami", "El Ibrahimiya", "El Max", "Fleming", "Gianaclis", "Glim", "Hadara", "Kafr Abdu", "Karmoz", "Koum El Dekka", "Luran", "Mafrouza", "Mansheya", "Miami", "Moharam Bek", "Ras El Tin", "Rushdy", "Saba Pasha", "San Stefano", "Shatby", "Sidi Bishr", "Sidi Gaber", "Smouha", "Sporting", "Stanley", "Tharwat", "Victoria", "Wardeyan", "Zezenia"]},
      {"name": "Aswan", "cities": ["Aswan", "Abu Simbel", "Daraw", "Kalabsha", "Kom Ombo", "Nasr Al-Nuba", "New Kalabsha", "New Tushka", "Edfu", "Al-Madiq", "Al-Radisiyat", "Al-Sebaiya", "Al-Shallal", "Darao"]},
      {"name": "Asyut", "cities": ["Asyut", "Abnub", "Abu Tig", "Al-Badari", "Al-Fath", "Al-Ghanayim", "Al-Qusiya", "Dayrout", "Manfalut", "New Asyut", "Sahel Selim", "Sidfa"]},
      {"name": "Beheira", "cities": ["Damanhur", "Abu al-Matamir", "Abu Hummus", "Al-Dalangat", "Al-Mahmoudiyah", "Al-Rahmaniyah", "Edku", "Hosh Essa", "Itay al-Barud", "Kafr al-Dawwar", "Kom Hamada", "Nubaria", "Rashid", "Shubrakhit", "Wadi al-Natrun"]},
      {"name": "Beni Suef", "cities": ["Beni Suef", "Al-Fashn", "Al-Wasta", "Biba", "Ihnasiya", "New Beni Suef", "Nasr", "Samasta"]},
      {"name": "Cairo", "cities": ["Cairo", "Abbassia", "Ain Shams", "Al-Azbakiya", "Al-Darb al-Ahmar", "Al-Jamaliyya", "Al-Khalifa", "Al-Matariyya", "Al-Moski", "Al-Sayyida Zeinab", "Al-Zahir", "Al-Zawiya al-Hamra", "Amiriyya", "Bab al-Louq", "Bab al-Sha'riyya", "Bulaq", "Daher", "Garden City", "Hadayek al-Qubba", "Heliopolis", "Islamic Cairo", "Kasr el Nil", "Maadi", "Manshiyat Naser", "Maspero", "Mokattam", "Nasr City", "New Cairo", "Rod al-Farag", "Sakakini", "Shubra", "Tura", "Zamalek"]},
      {"name": "Dakahlia", "cities": ["Mansoura", "Aga", "Al-Manzala", "Al-Matariyya", "Bani Ubaid", "Belqas", "Dekernes", "Gamasa", "Mahallet Damana", "Manzala", "Mit Ghamr", "Mit Salsil", "New Nabaruh", "Nabaruh", "Sherbin", "Talkha", "Timay al-Imdid"]},
      {"name": "Damietta", "cities": ["Damietta", "Al-Zarqa", "Faraskur", "Kafr Saad", "New Damietta", "Ras al-Barr"]},
      {"name": "Faiyum", "cities": ["Faiyum", "Ibsheway", "Itsa", "New Faiyum", "Sinnuris", "Tamiya", "Yusuf al-Siddiq"]},
      {"name": "Gharbia", "cities": ["Tanta", "Al-Mahalla al-Kubra", "Basyoun", "Kafr al-Zayat", "Qutur", "Samannud", "Zefta"]},
      {"name": "Giza", "cities": ["Giza", "6th of October City", "Al-Ayyat", "Al-Badrashin", "Al-Hawamdiya", "Al-Wahat al-Bahriyya", "Atfih", "Imbaba", "Kerdasa", "Ossim", "Sheikh Zayed City", "Saf", "Saqqara", "Talbia", "Warraq"]},
      {"name": "Ismailia", "cities": ["Ismailia", "Abu Suwir", "Al-Qantara", "Fayed", "Al-Qantara Gharb", "Al-Tal al-Kabir", "New Kasaseen"]},
      {"name": "Kafr El Sheikh", "cities": ["Kafr El Sheikh", "Bila", "Desouk", "Fuwwah", "Metoubes", "Qallin", "Riyadh", "Sidi Salim"]},
      {"name": "Luxor", "cities": ["Luxor", "Armant", "Esna", "New Tiba", "New Qurna", "Al-Zayniya"]},
      {"name": "Matrouh", "cities": ["Marsa Matrouh", "Al-Dabaa", "Al-Nagila", "Sidi Barrani", "Sallum", "Siwa Oasis"]},
      {"name": "Minya", "cities": ["Minya", "Abu Qurqas", "Al-Idwa", "Bani Mazar", "Deir Mawas", "Maghagha", "Mallawi", "Matai", "Samalut"]},
      {"name": "Monufia", "cities": ["Shibin El Kom", "Al-Bagour", "Ashmoun", "Berket al-Sabaa", "Menouf", "Quesna", "Sers al-Layan", "Tala"]},
      {"name": "New Valley", "cities": ["Kharga", "Baris", "Balat", "Dakhla", "Farafra"]},
      {"name": "North Sinai", "cities": ["Arish", "Bir al-Abed", "Al-Hasana", "Nakhl", "Rafah", "Sheikh Zuweid"]},
      {"name": "Port Said", "cities": ["Port Said", "Port Fouad"]},
      {"name": "Qalyubia", "cities": ["Banha", "Al-Khankah", "Al-Qanatir al-Khayriyya", "Kafr Shukr", "Khanka", "Qaha", "Qalyub", "Shubra al-Khayma", "Shibin al-Qanatir", "Tukh"]},
      {"name": "Qena", "cities": ["Qena", "Abu Tesht", "Al-Waqf", "Dishna", "Farshut", "Naqada", "New Qena", "Qift", "Qus"]},
      {"name": "Red Sea", "cities": ["Hurghada", "Al-Qusair", "Marsa Alam", "Ras Ghareb", "Safaga", "Shalateen"]},
      {"name": "Sharqia", "cities": ["Zagazig", "10th of Ramadan City", "Abu Hammad", "Abu Kabir", "Al-Husayniyya", "Al-Ibrahimiyya", "Al-Qanayat", "Al-Qurein", "Awlad Saqr", "Bilbeis", "Diyarb Negm", "Faqous", "Hihya", "Kafr Saqr", "Mashtoul al-Souk", "Minya al-Qamh", "New Salhiya"]},
      {"name": "Sohag", "cities": ["Sohag", "Akhmim", "Al-Balyana", "Al-Maragha", "Al-Manshah", "Dar al-Salam", "Girga", "Juhayna", "New Sohag", "Saqultah", "Tama", "Tahta"]},
      {"name": "South Sinai", "cities": ["El Tor", "Abu Redis", "Dahab", "Nuweiba", "Ras Sidr", "Saint Catherine", "Sharm El Sheikh", "Taba"]},
      {"name": "Suez", "cities": ["Suez", "Al-Arbaeen", "Al-Ganayen", "Attaka", "Faisal"]}
    ]
  },
  {
    "country": "El Salvador",
    "currencyCode": "USD",
    "currencyName": "US Dollar",
    "states": [
      {"name": "Ahuachapán", "cities": ["Ahuachapán", "Atiquizaya", "Apaneca", "Concepción de Ataco", "El Refugio", "Guaymango", "Jujutla", "San Francisco Menéndez", "San Lorenzo", "San Pedro Puxtla", "Tacuba", "Turín"]},
      {"name": "Cabañas", "cities": ["Sensuntepeque", "Cinquera", "Dolores", "Guacotecti", "Ilobasco", "Jutiapa", "San Isidro", "Tejutepeque", "Victoria"]},
      {"name": "Chalatenango", "cities": ["Chalatenango", "Agua Caliente", "Arcatao", "Azacualpa", "Comalapa", "Citalá", "El Carrizal", "El Paraíso", "La Laguna", "La Palma", "La Reina", "Las Vueltas", "Nombre de Jesús", "Nueva Concepción", "Nueva Trinidad", "Ojos de Agua", "Potonico", "San Antonio de la Cruz", "San Antonio Los Ranchos", "San Fernando", "San Francisco Lempa", "San Francisco Morazán", "San Ignacio", "San Isidro Labrador", "San José Cancasque", "San José Las Flores", "San Luis del Carmen", "San Miguel de Mercedes", "San Rafael", "Santa Rita", "Tejutla"]},
      {"name": "Cuscatlán", "cities": ["Cojutepeque", "Candelaria", "El Carmen", "El Rosario", "Monte San Juan", "Oratorio de Concepción", "San Bartolomé Perulapía", "San Cristóbal", "San José Guayabal", "San Pedro Perulapán", "San Rafael Cedros", "San Ramón", "Santa Cruz Analquito", "Santa Cruz Michapa", "Suchitoto", "Tenancingo"]},
      {"name": "La Libertad", "cities": ["Santa Tecla", "Antiguo Cuscatlán", "Chiltiupán", "Ciudad Arce", "Colón", "Comasagua", "Huizúcar", "Jayaque", "Jicalapa", "La Libertad", "Nuevo Cuscatlán", "Opico", "Quezaltepeque", "Sacacoyo", "San José Villanueva", "San Juan Opico", "San Matías", "San Pablo Tacachico", "Talnique", "Tamanique", "Teotepeque", "Tepecoyo", "Zaragoza"]},
      {"name": "La Paz", "cities": ["Zacatecoluca", "Cuyultitán", "El Rosario", "Jerusalén", "Mercedes La Ceiba", "Olocuilta", "Paraíso de Osorio", "San Antonio Masahuat", "San Emigdio", "San Francisco Chinameca", "San Juan Nonualco", "San Juan Talpa", "San Juan Tepezontes", "San Luis La Herradura", "San Luis Talpa", "San Miguel Tepezontes", "San Pedro Masahuat", "San Pedro Nonualco", "San Rafael Obrajuelo", "Santa María Ostuma", "Santiago Nonualco", "Tapalhuaca"]},
      {"name": "La Unión", "cities": ["La Unión", "Anamorós", "Bolívar", "Concepción de Oriente", "Conchagua", "El Carmen", "El Sauce", "Intipucá", "Lislique", "Meanguera del Golfo", "Nueva Esparta", "Pasaquina", "Polorós", "San Alejo", "San José", "Santa Rosa de Lima", "Yayantique", "Yucuaiquín"]},
      {"name": "Morazán", "cities": ["San Francisco Gotera", "Arambala", "Cacaopera", "Chilanga", "Corinto", "Delicias de Concepción", "El Divisadero", "El Rosario", "Gualococti", "Guatajiagua", "Joateca", "Jocoaitique", "Jocoro", "Lolotiquillo", "Meanguera", "Osicala", "Perquín", "San Carlos", "San Fernando", "San Isidro", "San Simón", "Sensembra", "Sociedad", "Torola", "Yamabal", "Yoloaiquín"]},
      {"name": "San Miguel", "cities": ["San Miguel", "Carolina", "Chapeltique", "Chinameca", "Chirilagua", "Ciudad Barrios", "Comacarán", "El Tránsito", "Lolotique", "Moncagua", "Nueva Guadalupe", "Nuevo Edén de San Juan", "Quelepa", "San Antonio", "San Gerardo", "San Jorge", "San Luis de la Reina", "San Rafael Oriente", "Sesori", "Uluazapa"]},
      {"name": "San Salvador", "cities": ["San Salvador", "Aguilares", "Apopa", "Ayutuxtepeque", "Cuscatancingo", "Delgado", "El Paisnal", "Guazapa", "Ilopango", "Mejicanos", "Nejapa", "Panchimalco", "Rosario de Mora", "San Marcos", "San Martín", "Santiago Texacuangos", "Santo Tomás", "Soyapango", "Tonacatepeque"]},
      {"name": "San Vicente", "cities": ["San Vicente", "Apastepeque", "Guadalupe", "San Cayetano Istepeque", "San Esteban Catarina", "San Ildefonso", "San Lorenzo", "San Sebastián", "Santa Clara", "Santo Domingo", "Tecoluca", "Tepetitán", "Verapaz"]},
      {"name": "Santa Ana", "cities": ["Santa Ana", "Candelaria de la Frontera", "Chalchuapa", "Coatepeque", "El Congo", "El Porvenir", "Masahuat", "Metapán", "San Antonio Pajonal", "San Sebastián Salitrillo", "Santa Rosa Guachipilín", "Santiago de la Frontera", "Texistepeque"]},
      {"name": "Sonsonate", "cities": ["Sonsonate", "Acajutla", "Armenia", "Caluco", "Cuisnahuat", "Izalco", "Juayúa", "Nahuizalco", "Nahulingo", "Salcoatitán", "San Antonio del Monte", "San Julián", "Santa Catarina Masahuat", "Santa Isabel Ishuatán", "Santo Domingo de Guzmán", "Sonzacate"]},
      {"name": "Usulután", "cities": ["Usulután", "Alegría", "Berlín", "California", "Concepción Batres", "El Triunfo", "Ereguayquín", "Estanzuelas", "Jiquilisco", "Jucuapa", "Jucuarán", "Mercedes Umaña", "Nueva Granada", "Ozatlán", "Puerto El Triunfo", "San Agustín", "San Buenaventura", "San Dionisio", "San Francisco Javier", "Santa Elena", "Santa María", "Santiago de María", "Tecapán"]}
    ]
  },
  {
    "country": "Equatorial Guinea",
    "currencyCode": "XAF",
    "currencyName": "Central African CFA Franc",
    "states": [
      {"name": "Annobón", "cities": ["San Antonio de Palé"]},
      {"name": "Bioko Norte", "cities": ["Malabo", "Baney", "Rebola", "Santiago de Baney"]},
      {"name": "Bioko Sur", "cities": ["Luba", "Riaba", "Basacato", "Basupú", "Batete"]},
      {"name": "Centro Sur", "cities": ["Evinayong", "Akurenam", "Niefang", "Bicurga", "Nkimi"]},
      {"name": "Kié-Ntem", "cities": ["Ebebiyín", "Mongomo", "Mikomeseng", "Nsok", "Ncue", "Bidjabidján"]},
      {"name": "Litoral", "cities": ["Bata", "Mbini", "Kogo", "Cogo", "Machinda", "Bitica", "Corisco", "Río Campo"]},
      {"name": "Wele-Nzas", "cities": ["Mongomo", "Añisoc", "Aconibe", "Ayene", "Mengomeyén", "Nsork"]}
    ]
  },
  {
    "country": "Eritrea",
    "currencyCode": "ERN",
    "currencyName": "Eritrean Nakfa",
    "states": [
      {"name": "Anseba Region", "cities": ["Keren", "Elabered", "Asmat", "Geleb", "Habero", "Halhal", "Kerkebet", "Sela"]},
      {"name": "Debub Region", "cities": ["Mendefera", "Adi Keyh", "Adi Quala", "Dekemhare", "Segheneyti", "Senafe", "Tserona", "Mai-Mne"]},
      {"name": "Gash-Barka Region", "cities": ["Barentu", "Agordat", "Dghe", "Forto", "Gogne", "Haykota", "Logo Anseba", "Mensura", "Mogolo", "Molki", "Omhajer", "Shambuko", "Tesseney", "Upper Gash"]},
      {"name": "Maekel Region", "cities": ["Asmara", "Berikh", "Ghala Nefhi", "North Eastern", "Serejaka", "South Eastern"]},
      {"name": "Northern Red Sea Region", "cities": ["Massawa", "Afabet", "Dahlak", "Ghelaelo", "Foro", "Ghinda", "Nakfa", "She'eb"]},
      {"name": "Southern Red Sea Region", "cities": ["Assab", "Are'eta", "Central Denkalya", "Southern Denkalya"]}
    ]
  },
  {
    "country": "Estonia",
    "currencyCode": "EUR",
    "currencyName": "Euro",
    "states": [
      {"name": "Harju County", "cities": ["Tallinn", "Keila", "Maardu", "Saue", "Paldiski", "Loksa", "Saku", "Kernu", "Kuusalu", "Rae", "Viimsi", "Harku", "Jõelähtme", "Kiili", "Padise", "Vasalemma", "Anija"]},
      {"name": "Hiiu County", "cities": ["Kärdla", "Käina", "Emmaste", "Pühalepa", "Kõrgessaare"]},
      {"name": "Ida-Viru County", "cities": ["Narva", "Kohtla-Järve", "Sillamäe", "Jõhvi", "Kiviõli", "Püssi", "Toila", "Ahtme", "Alajõe", "Iisaku", "Illuka", "Lüganuse", "Mäetaguse", "Sonda", "Tudulinna", "Vaivara"]},
      {"name": "Järva County", "cities": ["Paide", "Türi", "Järva-Jaani", "Kareda", "Koeru", "Peetri", "Väätsa", "Albu", "Ambla", "Imavere", "Järva-Madise", "Kaberla", "Koigi", "Märjamaa", "Roosna-Alliku", "Vetepere"]},
      {"name": "Jõgeva County", "cities": ["Jõgeva", "Mustvee", "Põltsamaa", "Kasepää", "Pajusi", "Pala", "Puurmani", "Saare", "Torma", "Vaiatu", "Võhma"]},
      {"name": "Lääne County", "cities": ["Haapsalu", "Lihula", "Virtsu", "Nõva", "Noarootsi", "Ridala", "Taebla", "Vormsi", "Martna", "Kullamaa"]},
      {"name": "Lääne-Viru County", "cities": ["Rakvere", "Tapa", "Kunda", "Tamsalu", "Väike-Maarja", "Vinni", "Laekvere", "Rakke", "Sõmeru", "Väimela", "Haljala", "Kadrina", "Viru-Nigula"]},
      {"name": "Pärnu County", "cities": ["Pärnu", "Sindi", "Kilingi-Nõmme", "Audru", "Are", "Häädemeeste", "Kihnu", "Lääneranna", "Märjamaa", "Paikuse", "Saarde", "Tahkuranna", "Tori", "Vändra"]},
      {"name": "Põlva County", "cities": ["Põlva", "Räpina", "Veriora", "Kanepi", "Kõlleste", "Laheda", "Mikitamäe", "Mooste", "Orava", "Valgjärve", "Vastse-Kuuste", "Värska"]},
      {"name": "Rapla County", "cities": ["Rapla", "Kehtna", "Kohila", "Märjamaa", "Vigala", "Juuru", "Kaiu", "Kuusiku", "Raikküla"]},
      {"name": "Saare County", "cities": ["Kuressaare", "Orissaare", "Valjala", "Kihelkonna", "Kärla", "Laimjala", "Leisi", "Lümanda", "Muhu", "Mustjala", "Pöide", "Ruhnu", "Salme", "Torgu"]},
      {"name": "Tartu County", "cities": ["Tartu", "Elva", "Kallaste", "Kambja", "Kõrveküla", "Luunja", "Nõo", "Peipsiääre", "Puhja", "Rannu", "Tähtvere", "Vara", "Võnnu", "Ülenurme"]},
      {"name": "Valga County", "cities": ["Valga", "Otepää", "Tõrva", "Helme", "Hummuli", "Palupera", "Puka", "Sangaste", "Taheva"]},
      {"name": "Viljandi County", "cities": ["Viljandi", "Võhma", "Suure-Jaani", "Abja-Paluoja", "Karksi-Nuia", "Mõisaküla", "Paistu", "Pärsti", "Saarepeedi", "Viiratsi", "Vara", "Kolga-Jaani"]},
      {"name": "Võru County", "cities": ["Võru", "Antsla", "Rõuge", "Misso", "Mõniste", "Haanja", "Lasva", "Meremäe", "Sõmerpalu", "Urvaste", "Varstu"]}
    ]
  },
  {
    "country": "Eswatini",
    "currencyCode": "SZL",
    "currencyName": "Swazi Lilangeni",
    "states": [
      {"name": "Hhohho Region", "cities": ["Mbabane", "Pigg's Peak", "Lobamba", "Bhunya", "Mhlambanyatsi", "Ngwempisi", "Siphofaneni", "Tshaneni"]},
      {"name": "Lubombo Region", "cities": ["Siteki", "Big Bend", "Mhlume", "Siphofaneni", "Tikhuba", "Vuvulane"]},
      {"name": "Manzini Region", "cities": ["Manzini", "Matsapha", "Malkerns", "Mankayane", "Nsoko", "Sidvokodvo", "Kwaluseni", "Luyengo"]},
      {"name": "Shiselweni Region", "cities": ["Nhlangano", "Hlatikulu", "Hluti", "Kubuta", "Lavumisa", "Matsanjeni", "Ngudzeni", "Nkwene"]}
    ]
  },
  {
    "country": "Ethiopia",
    "currencyCode": "ETB",
    "currencyName": "Ethiopian Birr",
    "states": [
      {"name": "Addis Ababa", "cities": ["Addis Ababa", "Bole", "Kirkos", "Kolfe Keranio", "Lideta", "Nifas Silk-Lafto", "Yeka", "Arada", "Gulele", "Addis Ketema"]},
      {"name": "Afar Region", "cities": ["Semera", "Asaita", "Awash", "Dubti", "Gewane", "Logiya", "Mille", "Chifra", "Ewa", "Elidar"]},
      {"name": "Amhara Region", "cities": ["Bahir Dar", "Gondar", "Dessie", "Debre Markos", "Debre Birhan", "Kombolcha", "Weldiya", "Debre Tabor", "Kobo", "Finote Selam", "Enfranz", "Mekane Selam", "Kemise", "Sekota", "Addis Zemen", "Bichena", "Dangila", "Debre Werk", "Enemay", "Enjibara", "Feres Bet", "Motta", "Nefas Mewcha", "Shewa Robit", "Wereta", "Zeway"]},
      {"name": "Benishangul-Gumuz Region", "cities": ["Asosa", "Gilgil Beles", "Metekel", "Kurmuk", "Menge", "Bambasi", "Dangur", "Guba", "Mao-Komo", "Sherkole"]},
      {"name": "Dire Dawa", "cities": ["Dire Dawa", "Gurgura", "Dechatu"]},
      {"name": "Gambela Region", "cities": ["Gambela", "Abobo", "Gog", "Itang", "Jikaw", "Akobo", "Jikawo", "Lare", "Wanthoa"]},
      {"name": "Harari Region", "cities": ["Harar", "Amir-Nur", "Abadir", "Shenkor", "Jin'Eala", "Aboker", "Hakim", "Sofi", "Erer", "Dire-Teyara"]},
      {"name": "Oromia Region", "cities": ["Adama", "Jimma", "Bishoftu", "Ambo", "Nekemte", "Shashamane", "Ziway", "Asella", "Goba", "Robe", "Dembidolo", "Metu", "Nejo", "Bedele", "Kibre Mengist", "Agaro", "Dodola", "Fiche", "Ginir", "Gore", "Hagere Mariam", "Kofele", "Meki", "Mend", "Mojo", "Sebeta", "Sendafa", "Shambu", "Tulu Bolo", "Waliso", "Welenchiti", "Wonji", "Yabelo"]},
      {"name": "Sidama Region", "cities": ["Hawassa", "Yirgalem", "Aleta Wondo", "Dila", "Hula", "Wondo Genet", "Bona", "Bursa", "Chuko", "Dale", "Gedeb", "Hagere Selam", "Loko", "Malga", "Shebedino", "Wensho"]},
      {"name": "Somali Region", "cities": ["Jijiga", "Degehabur", "Kebri Dahar", "Gode", "Shilabo", "Werder", "Kebri Beyah", "Cherti", "Danot", "Ferfer", "Geladi", "Imi", "Kebri Dahar", "Kelafo", "Mustahil", "Shinile", "Warder"]},
      {"name": "South West Ethiopia Peoples' Region", "cities": ["Bonga", "Mizan Teferi", "Tepi", "Sheki", "Gimbo", "Menjiwo", "Yeki", "Anderacha", "Bita", "Chewaka", "Dawro", "Decha", "Gessa", "Guraferda", "Kacha Bira", "Keficho", "Masha", "Meki", "Seka Chekorsa", "Yem"]},
      {"name": "Southern Nations, Nationalities, and Peoples' Region", "cities": ["Hawassa", "Arba Minch", "Sodo", "Dilla", "Wolaita Sodo", "Hosaena", "Butajira", "Alaba Kulito", "Boditi", "Chencha", "Durame", "Kibet", "Leku", "Mizan Teferi", "Sawla", "Tarcha", "Tercha", "Wendo Genet", "Zeway"]},
      {"name": "Tigray Region", "cities": ["Mek'ele", "Adigrat", "Axum", "Shire", "Humera", "Adwa", "Alamata", "Korem", "Maychew", "Abiy Addi", "Adi Gudom", "Bichena", "Edaga Hamus", "Endaselassie", "Mekoni", "Rama", "Sekota", "Sheraro", "Wukro", "Zalambessa"]}
    ]
  }
]