[
  {
    "country": "Greece",
    "currencyCode": "EUR",
    "currencyName": "Euro",
    "states": [
      {"name": "Attica", "cities": ["Athens", "Piraeus", "Peristeri", "Kallithea", "Acharnes", "Nikaia", "Glyfada", "Ilion", "Ilioupoli", "Nea Smyrni", "Marousi", "Agios Dimitrios", "Zografou", "Egaleo", "Nea Ionia", "Palaio Faliro", "Vyronas", "Agia Paraskevi", "Galatsi", "Petroupoli", "Irakleio", "Kaisariani", "Chalandri", "Nea Filadelfeia", "Moschato", "Perama", "Keratsini", "Tavros", "Agioi Anargyroi", "Argyroupoli"]},
      {"name": "Central Greece", "cities": ["Lamia", "Chalkida", "Livadeia", "Thebes", "Amfissa", "Atalanti", "Karpenisi", "Karystos", "Istiaia", "Mandra", "Oropos", "Schimatari", "Stilis", "Vagia", "Ypati", "Agios Konstantinos", "Kamena Vourla", "Malesina", "Molos", "Prokopi"]},
      {"name": "Central Macedonia", "cities": ["Thessaloniki", "Katerini", "Veroia", "Serres", "Giannitsa", "Kilkis", "Naousa", "Alexandria", "Ptolemaida", "Edessa", "Polykastro", "Siatista", "Neapoli", "Stavroupoli", "Sykies", "Evosmos", "Ampelokipoi", "Kalamaria", "Neapolis", "Pylaia", "Thermi", "Triandria", "Asvestochori", "Lagkadas", "Meliki", "Nea Moudania", "Peraia", "Rentina"]},
      {"name": "Crete", "cities": ["Heraklion", "Chania", "Rethymno", "Agios Nikolaos", "Ierapetra", "Sitia", "Archanes", "Malia", "Nea Alikarnassos", "Ano Viannos", "Gazi", "Gournes", "Kastelli", "Mires", "Moires", "Neapoli", "Palaiochora", "Tympaki", "Vryses", "Zaros"]},
      {"name": "East Macedonia and Thrace", "cities": ["Kavala", "Xanthi", "Komotini", "Drama", "Alexandroupoli", "Orestiada", "Chrysoupoli", "Didymoteicho", "Eleftheroypoli", "Ferres", "Iasmos", "Nea Karvali", "Nea Orestiada", "Sapes", "Stavroupoli", "Thasos", "Toxotes", "Tychero", "Zygos"]},
      {"name": "Epirus", "cities": ["Ioannina", "Arta", "Preveza", "Igoumenitsa", "Filiates", "Konitsa", "Paramythia", "Parga", "Pedini", "Thesprotiko", "Voulgareli", "Ano Kalamas", "Kalarites", "Katsanochoria", "Metsovo", "Souli", "Zagori", "Zitsa"]},
      {"name": "Ionian Islands", "cities": ["Corfu", "Zakynthos", "Kefalonia", "Lefkada", "Argostoli", "Lixouri", "Acharavi", "Agios Gordios", "Gaios", "Ithaca", "Kassiopi", "Lakithra", "Meganisi", "Sami", "Sidari", "Vathy", "Vonitsa"]},
      {"name": "North Aegean", "cities": ["Mytilene", "Chios", "Samos", "Lemnos", "Agios Kirykos", "Eressos", "Kalloni", "Karlovasi", "Mithymna", "Myrina", "Neon Karlovasi", "Plomari", "Pythagoreio", "Vrontados"]},
      {"name": "Peloponnese", "cities": ["Patras", "Kalamata", "Corinth", "Tripoli", "Argos", "Sparta", "Nafplio", "Pyrgos", "Aigio", "Amaliada", "Arcadia", "Astros", "Filiatra", "Gargalianoi", "Gytheio", "Kardamyli", "Kyparissia", "Loutraki", "Megalopoli", "Messini", "Molaoi", "Nemea", "Xylokastro", "Zakynthos"]},
      {"name": "South Aegean", "cities": ["Rhodes", "Syros", "Kos", "Mykonos", "Naxos", "Paros", "Santorini", "Tinos", "Ialysos", "Kalymnos", "Karpathos", "Lindos", "Mandraki", "Milos", "Oia", "Fira", "Apollonia", "Artemonas", "Emporio", "Folegandros", "Kampos", "Pythagorio", "Symi"]},
      {"name": "Thessaly", "cities": ["Larissa", "Volos", "Trikala", "Karditsa", "Tyrnavos", "Farsala", "Elassona", "Nea Ionia", "Palamas", "Skiathos", "Skopelos", "Almyros", "Ambelakia", "Kalampaka", "Mouzaki", "Nea Anchialos", "Portaria", "Rizomylos", "Sofades", "Velestino"]},
      {"name": "West Greece", "cities": ["Patras", "Agrinio", "Messolonghi", "Aigio", "Amaliada", "Loutraki", "Nafpaktos", "Pyrgos", "Vartholomio", "Vonitsa", "Astakos", "Galaxidi", "Kato Achaia", "Katochi", "Lepeno", "Mytikas", "Nea Manolada", "Oleni", "Panaitoliko", "Paralio Astros"]},
      {"name": "West Macedonia", "cities": ["Kozani", "Ptolemaida", "Grevena", "Kastoria", "Florina", "Siatista", "Amyntaio", "Argos Orestiko", "Neapoli", "Servia", "Velventos", "Ano Kalamas", "Deskati", "Krystallopigi", "Maniakoi", "Nestorio", "Pentalofos", "Polymylos", "Vlasti"]}
    ]
  },
  {
    "country": "Grenada",
    "currencyCode": "XCD",
    "currencyName": "East Caribbean Dollar",
    "states": [
      {"name": "Saint Andrew Parish", "cities": ["Grenville", "Marquis", "Tivoli", "La Fillete", "Bellevue", "Bacolet", "Mount Horne", "Morne Fendue", "Mount Rich", "Mount Craven"]},
      {"name": "Saint David Parish", "cities": ["St. David's", "Perdmontemps", "Bacolet", "Beaulieu", "Bellevue", "Bocage", "Bonair", "Caldwell", "Chemin", "Grand Bras"]},
      {"name": "Saint George Parish", "cities": ["St. George's", "Grand Anse", "True Blue", "Lance Aux Epines", "Morne Rouge", "Beausejour", "Calivigny", "Conference", "Fontenoy", "Mount Gay", "Paddock", "Parc", "Vendome", "Woburn"]},
      {"name": "Saint John Parish", "cities": ["Gouyave", "Concord", "Deblando", "Grand Roy", "Mount Alexander", "Mount Moritz", "Morne Delice", "Morne Longue", "Perseverance", "Victoria"]},
      {"name": "Saint Mark Parish", "cities": ["Victoria", "Belle Vue", "Chantilly", "Duquesne", "Four Roads", "Grand Mal", "Marigot", "Morne Jaloux", "Sauters", "Westerhall"]},
      {"name": "Saint Patrick Parish", "cities": ["Sauteurs", "Belle Isle", "Chantimelle", "Dover", "Hermitage", "Mount Rose", "Mount Moritz", "Morne Fendue", "River Sallee", "Telescope"]}
    ]
  },
  {
    "country": "Guatemala",
    "currencyCode": "GTQ",
    "currencyName": "Guatemalan Quetzal",
    "states": [
      {"name": "Alta Verapaz", "cities": ["Cobán", "San Pedro Carchá", "San Cristóbal Verapaz", "Tactic", "Tamahú", "Tucurú", "Panzós", "Senahú", "Cahabón", "Chisec", "Lanquín", "Chahal", "Fray Bartolomé de las Casas", "Santa Cruz Verapaz", "Santa María Cahabón"]},
      {"name": "Baja Verapaz", "cities": ["Salamá", "San Miguel Chicaj", "Rabinal", "Cubulco", "Granados", "El Chol", "Purulhá", "San Jerónimo"]},
      {"name": "Chimaltenango", "cities": ["Chimaltenango", "San Martín Jilotepeque", "Comalapa", "Tecpán Guatemala", "Patzicía", "Patzún", "Zaragoza", "El Tejar", "Parramos", "San Andrés Itzapa", "San José Poaquil", "Santa Apolonia", "Acatenango", "Yepocapa", "Pochuta"]},
      {"name": "Chiquimula", "cities": ["Chiquimula", "Esquipulas", "Camotán", "Jocotán", "Olopa", "Quezaltepeque", "San José La Arada", "San Juan Ermita", "Ipala"]},
      {"name": "El Progreso", "cities": ["Guastatoya", "Sanarate", "San Agustín Acasaguastlán", "El Jícaro", "Sansare", "San Antonio La Paz", "Morazán"]},
      {"name": "Escuintla", "cities": ["Escuintla", "Santa Lucía Cotzumalguapa", "Tiquisate", "La Democracia", "Siquinalá", "Masagua", "La Gomera", "Puerto San José", "Iztapa", "Guanagazapa", "Palín", "San Vicente Pacaya"]},
      {"name": "Guatemala", "cities": ["Guatemala City", "Mixco", "Villa Nueva", "San Miguel Petapa", "Santa Catarina Pinula", "San José Pinula", "San Juan Sacatepéquez", "San Raymundo", "Fraijanes", "Amatitlán", "Villa Canales", "Palencia", "Chinautla"]},
      {"name": "Huehuetenango", "cities": ["Huehuetenango", "Chiantla", "Aguacatán", "San Pedro Necta", "Jacaltenango", "Soloma", "Santa Eulalia", "San Mateo Ixtatán", "Colotenango", "San Sebastián Huehuetenango", "Tectitán", "Cuilco", "Nentón", "San Rafael La Independencia", "Todos Santos Cuchumatán", "San Juan Atitán", "Santa Bárbara", "La Libertad", "Malacatancito", "San Antonio Huista"]},
      {"name": "Izabal", "cities": ["Puerto Barrios", "Morales", "Los Amates", "El Estor", "Livingston"]},
      {"name": "Jalapa", "cities": ["Jalapa", "San Pedro Pinula", "San Luis Jilotepeque", "San Manuel Chaparrón", "San Carlos Alzatate", "Monjas", "Mataquescuintla"]},
      {"name": "Jutiapa", "cities": ["Jutiapa", "El Progreso", "Santa Catarina Mita", "Agua Blanca", "Asunción Mita", "Yupiltepeque", "Atescatempa", "Jerez", "El Adelanto", "Zapotitlán", "Comapa", "Jalpatagua", "Conguaco", "Moyuta", "Pasaco", "San José Acatempa", "Quesada"]},
      {"name": "Petén", "cities": ["Flores", "San Benito", "San Andrés", "La Libertad", "San Francisco", "Santa Ana", "Dolores", "San Luis", "Sayaxché", "Melchor de Mencos", "Poptún", "Las Cruces", "El Chal"]},
      {"name": "Quetzaltenango", "cities": ["Quetzaltenango", "Salcajá", "Olintepeque", "San Carlos Sija", "Sibilia", "Cabricán", "Cajolá", "San Miguel Siguilá", "Ostuncalco", "San Mateo", "Concepción Chiquirichapa", "San Martín Sacatepéquez", "Almolonga", "Cantel", "Huitán", "Zunil", "Colomba", "San Francisco La Unión", "El Palmar", "Coatepeque", "Génova", "Flores Costa Cuca", "La Esperanza", "Palestina de Los Altos"]},
      {"name": "Quiché", "cities": ["Santa Cruz del Quiché", "Chichicastenango", "Joyabaj", "Zacualpa", "Chinique", "San Pedro Jocopilas", "San Antonio Ilotenango", "Patzité", "San Andrés Sajcabajá", "San Bartolomé Jocotenango", "Canillá", "Chajul", "Ixcán", "Nebaj", "Cotzal", "Uspantán", "Sacapulas", "Cunén"]},
      {"name": "Retalhuleu", "cities": ["Retalhuleu", "San Sebastián", "Santa Cruz Muluá", "San Martín Zapotitlán", "San Felipe", "San Andrés Villa Seca", "Champerico", "Nuevo San Carlos", "El Asintal"]},
      {"name": "Sacatepéquez", "cities": ["Antigua Guatemala", "Jocotenango", "Pastores", "Sumpango", "Santo Domingo Xenacoj", "Santiago Sacatepéquez", "San Bartolomé Milpas Altas", "San Lucas Sacatepéquez", "Santa Lucía Milpas Altas", "Magdalena Milpas Altas", "Santa María de Jesús", "Ciudad Vieja", "San Miguel Dueñas", "Alotenango", "San Antonio Aguas Calientes", "Santa Catarina Barahona"]},
      {"name": "San Marcos", "cities": ["San Marcos", "San Pedro Sacatepéquez", "San Antonio Sacatepéquez", "Comitancillo", "San Miguel Ixtahuacán", "Concepción Tutuapa", "Tacaná", "Sibinal", "Tajumulco", "Tejutla", "San Rafael Pie de La Cuesta", "Nuevo Progreso", "El Tumbador", "El Rodeo", "Malacatán", "Catarina", "Ayutla", "Ocós", "Pajapita", "Ixchiguán"]},
      {"name": "Santa Rosa", "cities": ["Cuilapa", "Barberena", "Santa Rosa de Lima", "Casillas", "San Rafael Las Flores", "Oratorio", "San Juan Tecuaco", "Chiquimulilla", "Taxisco", "Santa María Ixhuatán", "Guazacapán", "Nueva Santa Rosa", "Pueblo Nuevo Viñas"]},
      {"name": "Sololá", "cities": ["Sololá", "San José Chacayá", "Santa María Visitación", "Santa Lucía Utatlán", "Nahualá", "Santa Catarina Ixtahuacán", "Santa Clara La Laguna", "Concepción", "San Andrés Semetabaj", "Panajachel", "Santa Catarina Palopó", "San Antonio Palopó", "San Lucas Tolimán", "Santa Cruz La Laguna", "San Pablo La Laguna", "San Marcos La Laguna", "San Juan La Laguna", "San Pedro La Laguna", "Santiago Atitlán"]},
      {"name": "Suchitepéquez", "cities": ["Mazatenango", "Cuyotenango", "San Francisco Zapotitlán", "San Bernardino", "San José El Ídolo", "Santo Domingo Suchitepéquez", "San Lorenzo", "Samayac", "San Pablo Jocopilas", "San Antonio Suchitepéquez", "San Miguel Panán", "San Gabriel", "Chicacao", "Patulul", "Santa Bárbara", "San Juan Bautista", "Santo Tomás La Unión", "Zunilito", "Pueblo Nuevo", "Río Bravo"]},
      {"name": "Totonicapán", "cities": ["Totonicapán", "San Cristóbal Totonicapán", "San Francisco El Alto", "San Andrés Xecul", "Momostenango", "Santa María Chiquimula", "Santa Lucía La Reforma", "San Bartolo"]},
      {"name": "Zacapa", "cities": ["Zacapa", "Estanzuela", "Río Hondo", "Gualán", "Teculután", "Usumatlán", "Cabañas", "San Diego", "La Unión", "Huité"]}
    ]
  },
  {
    "country": "Guinea",
    "currencyCode": "GNF",
    "currencyName": "Guinean Franc",
    "states": [
      {"name": "Boké Region", "cities": ["Boké", "Kamsar", "Fria", "Gaoual", "Koundara", "Boffa", "Sangarédi", "Dabiss", "Kolaboui", "Tanéné"]},
      {"name": "Conakry", "cities": ["Conakry", "Kaloum", "Dixinn", "Ratoma", "Matam", "Matoto"]},
      {"name": "Faranah Region", "cities": ["Faranah", "Dabola", "Kissidougou", "Mali", "Dinguiraye", "Kouroussa", "Banora", "Foumbadou", "Kobikoro", "Sandenia"]},
      {"name": "Kankan Region", "cities": ["Kankan", "Kérouané", "Kouroussa", "Mandiana", "Siguiri", "Kiniéro", "Kouroussa", "N'Zébéla", "Télimélé", "Tokounou"]},
      {"name": "Kindia Region", "cities": ["Kindia", "Télimélé", "Forécariah", "Coyah", "Dubréka", "Mamou", "Pita", "Dalaba", "Koubia", "Labe"]},
      {"name": "Labé Region", "cities": ["Labé", "Mali", "Tougué", "Koubia", "Lélouma", "Pita", "Dalaba", "Ditinn", "Kankalabé", "Popodara"]},
      {"name": "Mamou Region", "cities": ["Mamou", "Dalaba", "Pita", "Télimélé", "Koubia", "Labe", "Mali", "Tougué", "Ditinn", "Kankalabé"]},
      {"name": "Nzérékoré Region", "cities": ["Nzérékoré", "Guéckédou", "Macenta", "Yomou", "Lola", "Beyla", "N'Zao", "Kouankan", "Womey", "Yalenzou"]}
    ]
  },
  {
    "country": "Guinea-Bissau",
    "currencyCode": "XOF",
    "currencyName": "West African CFA Franc",
    "states": [
      {"name": "Bafatá Region", "cities": ["Bafatá", "Bambadinca", "Contuboel", "Galomaro", "Gamamundo", "Xitole"]},
      {"name": "Biombo Region", "cities": ["Quinhamel", "Prabis", "Safim"]},
      {"name": "Bissau Autonomous Sector", "cities": ["Bissau", "Antula", "Bandim", "Belém", "Bra", "Cuntum", "Mendy", "Mindará", "Missira", "Nhacra"]},
      {"name": "Bolama Region", "cities": ["Bolama", "Bubaque", "Caravela", "Uno"]},
      {"name": "Cacheu Region", "cities": ["Cacheu", "Canchungo", "São Domingos", "Bigene", "Bula", "Calequisse"]},
      {"name": "Gabú Region", "cities": ["Gabú", "Pirada", "Sonaco", "Piche", "Boinane"]},
      {"name": "Oio Region", "cities": ["Farim", "Bissorã", "Mansaba", "Mansôa", "Nhacra", "Binar", "Cossé"]},
      {"name": "Quinara Region", "cities": ["Buba", "Empada", "Fulacunda", "Tite"]},
      {"name": "Tombali Region", "cities": ["Catió", "Bedanda", "Quebo", "Cubucaré"]}
    ]
  },
  {
    "country": "Guyana",
    "currencyCode": "GYD",
    "currencyName": "Guyanese Dollar",
    "states": [
      {"name": "Barima-Waini", "cities": ["Mabaruma", "Port Kaituma", "Matthew's Ridge", "Morawhanna", "Hosororo", "Arakaka", "Kumaka", "Baramita"]},
      {"name": "Cuyuni-Mazaruni", "cities": ["Bartica", "Mahdia", "Issano", "Kamarang", "Kurupung", "Tumereng", "Arimu", "Epira", "Kangaruma", "Peters Mine"]},
      {"name": "Demerara-Mahaica", "cities": ["Georgetown", "Mahaica", "Beterverwagting", "Buxton", "Enmore", "Lusignan", "Plaisance", "Providence", "Strangroen", "Victoria"]},
      {"name": "East Berbice-Corentyne", "cities": ["New Amsterdam", "Rose Hall", "Corriverton", "Skeldon", "Springlands", "Port Mourant", "Number 78 Village", "Crabwood Creek", "Whim", "Albion"]},
      {"name": "Essequibo Islands-West Demerara", "cities": ["Vreed-en-Hoop", "Parika", "Leonora", "Uitvlugt", "Wales", "La Grange", "Nismes", "Stewartville", "Bagotville", "Belle West"]},
      {"name": "Mahaica-Berbice", "cities": ["Fort Wellington", "Rosignol", "Mahaicony", "Abary", "Blenheim", "Canaan", "No. 28 Village", "No. 30 Village", "No. 34 Village", "No. 36 Village"]},
      {"name": "Pomeroon-Supenaam", "cities": ["Anna Regina", "Charity", "Suddie", "Aurora", "Hunt Oil", "Jacklow", "Spring Garden", "Tapakuma", "Zorg"]},
      {"name": "Potaro-Siparuni", "cities": ["Mahdia", "Orinduik", "Kangaruma", "Kurupukari", "Tumatumari", "Chenapou", "Kamarang", "Kurupung", "Monkey Mountain", "Pipillipai"]},
      {"name": "Upper Demerara-Berbice", "cities": ["Linden", "Ituni", "Kwakwani", "Christianburg", "Coomacka", "Kara Kara", "Mackenzie", "Wisroc", "Watooka", "Wismar"]},
      {"name": "Upper Takutu-Upper Essequibo", "cities": ["Lethem", "Aishalton", "Annai", "Karaudanawa", "Katoonarib", "Moco Moco", "Nappi", "Parabara", "Potarinau", "St. Ignatius"]}
    ]
  },
  {
    "country": "Haiti",
    "currencyCode": "HTG",
    "currencyName": "Haitian Gourde",
    "states": [
      {"name": "Artibonite", "cities": ["Gonaïves", "Saint-Marc", "Verrettes", "Desdunes", "Dessalines", "Grande-Saline", "Gros-Morne", "L'Estère", "Marmelade", "Petite Rivière de l'Artibonite", "Saint-Michel-de-l'Attalaye", "Terre-Neuve"]},
      {"name": "Centre", "cities": ["Hinche", "Cerca-la-Source", "Lascahobas", "Belladère", "Boucan-Carré", "Cerca-Cavajal", "Maïssade", "Mirebalais", "Savanette", "Thomassique"]},
      {"name": "Grand'Anse", "cities": ["Jérémie", "Anse-d'Hainault", "Beaumont", "Chambellan", "Corail", "Dame-Marie", "Les Irois", "Moron", "Pestel", "Abricots", "Bonbon", "Marfranc"]},
      {"name": "Nippes", "cities": ["Miragoâne", "Anse-à-Veau", "Baradères", "Petit-Trou-de-Nippes", "Fond des Nègres", "L'Asile", "Paillant", "Plaisance-du-Sud", "Arnaud"]},
      {"name": "Nord", "cities": ["Cap-Haïtien", "Acul-du-Nord", "Borgne", "Grande-Rivière-du-Nord", "Limbé", "Plaisance", "Saint-Raphaël", "Bahon", "Dondon", "La Victoire", "Milot", "Pignon", "Ranquitte"]},
      {"name": "Nord-Est", "cities": ["Fort-Liberté", "Caracol", "Ferrier", "Ouanaminthe", "Perches", "Trou-du-Nord", "Capotille", "Mont-Organisé", "Mombin-Crochu", "Sainte-Suzanne", "Terrier-Rouge"]},
      {"name": "Nord-Ouest", "cities": ["Port-de-Paix", "Bombardopolis", "Chansolme", "La Tortue", "Môle-Saint-Nicolas", "Saint-Louis-du-Nord", "Anse-à-Foleur", "Baie-de-Henne", "Jean-Rabel"]},
      {"name": "Ouest", "cities": ["Port-au-Prince", "Carrefour", "Delmas", "Pétion-Ville", "Gressier", "Kenscoff", "Léogâne", "Petit-Goâve", "Tabarre", "Thomazeau", "Croix-des-Bouquets", "Fond Parisien", "Grand-Goâve", "La Boule", "Titanyen"]},
      {"name": "Sud", "cities": ["Les Cayes", "Aquin", "Cavaillon", "Chantal", "Côteaux", "Port-à-Piment", "Saint-Louis-du-Sud", "Tiburon", "Camp-Perrin", "Chardonnieres", "Les Anglais", "Maniche", "Roche-à-Bateaux", "Torbeck"]},
      {"name": "Sud-Est", "cities": ["Jacmel", "Bainet", "Belle-Anse", "Côtes-de-Fer", "Grand-Gosier", "Marigot", "Thiotte", "La Vallée", "Bodin"]}
    ]
  },
  {
    "country": "Honduras",
    "currencyCode": "HNL",
    "currencyName": "Honduran Lempira",
    "states": [
      {"name": "Atlántida", "cities": ["La Ceiba", "Tela", "El Porvenir", "Jutiapa", "La Masica", "San Francisco", "Arizona"]},
      {"name": "Choluteca", "cities": ["Choluteca", "Pespire", "San Lorenzo", "El Triunfo", "Marcovia", "Namasigüe", "Orocuina", "Santa Ana de Yusguare"]},
      {"name": "Colón", "cities": ["Trujillo", "Balfate", "Iriona", "Limón", "Sabá", "Santa Fe", "Santa Rosa de Aguán", "Sonaguera", "Tocoa"]},
      {"name": "Comayagua", "cities": ["Comayagua", "Siguatepeque", "Ajuterique", "El Rosario", "Esquías", "Humuya", "La Libertad", "Lamaní", "Las Lajas", "Lejamaní", "Meámbar", "Minas de Oro", "Ojos de Agua", "San Jerónimo", "San José de Comayagua", "San Luis", "Taulabé"]},
      {"name": "Copán", "cities": ["Santa Rosa de Copán", "Cabañas", "Concepción", "Copán Ruinas", "Corquín", "Cucuyagua", "Dolores", "Dulce Nombre", "El Paraíso", "Florida", "La Jigua", "La Unión", "Nueva Arcadia", "San Agustín", "San Antonio", "San Jerónimo", "San José", "San Juan de Opoa", "San Nicolás", "San Pedro", "Santa Rita", "Trinidad de Copán", "Veracruz"]},
      {"name": "Cortés", "cities": ["San Pedro Sula", "Choloma", "La Lima", "Villanueva", "Potrerillos", "Pimienta", "Puerto Cortés", "San Antonio de Cortés", "San Francisco de Yojoa", "San Manuel"]},
      {"name": "El Paraíso", "cities": ["Yuscarán", "Alauca", "Danlí", "El Paraíso", "Güinope", "Jacaleapa", "Liure", "Morocelí", "Oropolí", "Potrerillos", "San Antonio de Flores", "San Lucas", "San Matías", "Soledad", "Teupasenti", "Texiguat", "Vado Ancho", "Yauyupe"]},
      {"name": "Francisco Morazán", "cities": ["Tegucigalpa", "Distrito Central", "Alubarén", "Cedros", "Curarén", "El Porvenir", "Guaimaca", "La Libertad", "La Venta", "Lepaterique", "Maraita", "Marale", "Nueva Armenia", "Ojojona", "Orica", "Reitoca", "Sabanagrande", "San Antonio de Oriente", "San Buenaventura", "San Ignacio", "San Juan de Flores", "San Miguelito", "Santa Ana", "Santa Lucía", "Talanga", "Tatumbla", "Valle de Ángeles", "Villa de San Francisco", "Vallecillo"]},
      {"name": "Gracias a Dios", "cities": ["Puerto Lempira", "Ahuas", "Brus Laguna", "Juan Francisco Bulnes", "Ramón Villeda Morales", "Wampusirpe"]},
      {"name": "Intibucá", "cities": ["La Esperanza", "Camasca", "Colomoncagua", "Concepción", "Dolores", "Intibucá", "Jesús de Otoro", "Magdalena", "Masaguara", "San Antonio", "San Isidro", "San Juan", "San Marcos de la Sierra", "San Miguel Guancapla", "Santa Lucía", "Yamaranguila"]},
      {"name": "Islas de la Bahía", "cities": ["Roatán", "Guanaja", "José Santos Guardiola", "Utila"]},
      {"name": "La Paz", "cities": ["La Paz", "Aguanqueterique", "Cabañas", "Cane", "Chinacla", "Guajiquiro", "Lauterique", "Marcala", "Mercedes de Oriente", "Opatoro", "San Antonio del Norte", "San José", "San Juan", "San Pedro de Tutule", "Santa Ana", "Santa Elena", "Santa María", "Santiago de Puringla", "Yarula"]},
      {"name": "Lempira", "cities": ["Gracias", "Belén", "Candelaria", "Cololaca", "Erandique", "Gualcince", "Guarita", "La Campa", "La Iguala", "Las Flores", "La Unión", "La Virtud", "Lepaera", "Mapulaca", "Piraera", "San Andrés", "San Francisco", "San Juan Guarita", "San Manuel Colohete", "San Rafael", "San Sebastián", "Santa Cruz", "Talgua", "Tambla", "Tomalá", "Valladolid", "Virginia"]},
      {"name": "Ocotepeque", "cities": ["Ocotepeque", "Belén Gualcho", "Concepción", "Dolores Merendón", "Fraternidad", "La Encarnación", "La Labor", "Lucerna", "Mercedes", "San Fernando", "San Francisco del Valle", "San Jorge", "San Marcos", "Santa Fe", "Sensenti", "Sinuapa"]},
      {"name": "Olancho", "cities": ["Juticalpa", "Campamento", "Catacamas", "Concordia", "Dulce Nombre de Culmí", "El Rosario", "Esquipulas del Norte", "Gualaco", "Guarizama", "Guata", "Guayape", "Jano", "La Unión", "Mangulile", "Manto", "Salamá", "San Esteban", "San Francisco de Becerra", "San Francisco de la Paz", "Santa María del Real", "Silca", "Yocon"]},
      {"name": "Santa Bárbara", "cities": ["Santa Bárbara", "Arada", "Atima", "Azacualpa", "Ceguaca", "Concepción del Norte", "Concepción del Sur", "Chinda", "El Níspero", "Gualala", "Ilama", "Las Vegas", "Macuelizo", "Naranjito", "Nueva Frontera", "Nuevo Celilac", "Petoa", "Protección", "Quimistán", "San Francisco de Ojuera", "San José de Colinas", "San Luis", "San Marcos", "San Nicolás", "San Pedro Zacapa", "San Vicente Centenario", "Santa Rita", "Trinidad"]},
      {"name": "Valle", "cities": ["Nacaome", "Alianza", "Amapala", "Aramecina", "Caridad", "Goascorán", "Langue", "San Francisco de Coray", "San Lorenzo"]},
      {"name": "Yoro", "cities": ["Yoro", "Arenal", "El Negrito", "El Progreso", "Jocón", "Morazán", "Olanchito", "Santa Rita", "Sulaco", "Victoria", "Yorito"]}
    ]
  },
  {
    "country": "Hungary",
    "currencyCode": "HUF",
    "currencyName": "Hungarian Forint",
    "states": [
      {"name": "Bács-Kiskun County", "cities": ["Kecskemét", "Baja", "Kiskunfélegyháza", "Kiskunhalas", "Kiskőrös", "Kalocsa", "Kunszentmiklós", "Solt", "Tiszakécske", "Kecel", "Lajosmizse", "Soltvadkert", "Izsák", "Kunszentmárton", "Kunfehértó", "Fülöpszállás", "Kiskunmajsa", "Tompa", "Dunapataj", "Hajós"]},
      {"name": "Baranya County", "cities": ["Pécs", "Komló", "Szigetvár", "Sásd", "Szentlőrinc", "Pécsvárad", "Mohács", "Bóly", "Harkány", "Siklós", "Villány", "Kozármisleny", "Martonfa", "Pellérd", "Hosszúhetény", "Magyarszék", "Nagyharsány", "Szederkény", "Vajszló", "Beremend"]},
      {"name": "Békés County", "cities": ["Békéscsaba", "Gyula", "Orosháza", "Békés", "Sarkad", "Szarvas", "Mezőkovácsháza", "Dévaványa", "Mezőberény", "Füzesgyarmat", "Kondoros", "Körösladány", "Medgyesegyháza", "Murony", "Szeghalom", "Battonya", "Csorvás", "Doboz", "Elek", "Kétegyháza"]},
      {"name": "Borsod-Abaúj-Zemplén County", "cities": ["Miskolc", "Ózd", "Kazincbarcika", "Mezőkövesd", "Sátoraljaújhely", "Szerencs", "Tiszaújváros", "Abaújszántó", "Alsózsolca", "Boldva", "Edelény", "Emőd", "Encs", "Felsőzsolca", "Gönc", "Halmaj", "Hejőbába", "Mezőcsát", "Mezőkeresztes", "Nyékládháza", "Onga", "Putnok", "Rudabánya", "Sajószentpéter", "Sály", "Szendrő", "Szikszó", "Taktaharkány", "Tállya", "Tokaj"]},
      {"name": "Budapest", "cities": ["Budapest", "District I", "District II", "District III", "District IV", "District V", "District VI", "District VII", "District VIII", "District IX", "District X", "District XI", "District XII", "District XIII", "District XIV", "District XV", "District XVI", "District XVII", "District XVIII", "District XIX", "District XX", "District XXI", "District XXII", "District XXIII"]},
      {"name": "Csongrád-Csanád County", "cities": ["Szeged", "Hódmezővásárhely", "Szentes", "Makó", "Csongrád", "Sándorfalva", "Mórahalom", "Kistelek", "Mindszent", "Algyő", "Deszk", "Fürstenfeld", "Kiszombor", "Mártély", "Röszke", "Szeremle", "Tiszasziget", "Zákányszék"]},
      {"name": "Fejér County", "cities": ["Székesfehérvár", "Dunaújváros", "Bicske", "Enying", "Gárdony", "Martonvásár", "Mór", "Polgárdi", "Sárbogárd", "Aba", "Adony", "Bodajk", "Cece", "Iváncsa", "Káloz", "Lajoskomárom", "Lovasberény", "Mezőfalva", "Nagyvenyim", "Pátka", "Pusztaszabolcs", "Rácalmás", "Sárkeresztúr", "Sárosd", "Seregélyes", "Soponya", "Szabadbattyán"]},
      {"name": "Győr-Moson-Sopron County", "cities": ["Győr", "Sopron", "Mosonmagyaróvár", "Kapuvár", "Csorna", "Jánossomorja", "Tét", "Pannonhalma", "Fertőd", "Fertőszentmiklós", "Beled", "Celldömölk", "Dénesfa", "Ebergőc", "Farád", "Felpéc", "Győrszemere", "Hédervár", "Ikrény", "Kóny", "Lébény", "Mihályi", "Nagybajcs", "Nyúl", "Öttevény", "Pér", "Rábapatona", "Répcelak", "Szany", "Tárnokréti"]},
      {"name": "Hajdú-Bihar County", "cities": ["Debrecen", "Hajdúböszörmény", "Hajdúszoboszló", "Balmazújváros", "Berettyóújfalu", "Derecske", "Hajdúhadház", "Hajdúnánás", "Hajdúdorog", "Kaba", "Komádi", "Létavértes", "Nádudvar", "Nyíradony", "Püspökladány", "Bagamér", "Báránd", "Biharkeresztes", "Biharnagybajom", "Csökmő", "Derecske", "Ebes", "Földes", "Görbeháza", "Hajdúbagos", "Hajdúsámson", "Hosszúpályi", "Konyár", "Mikepércs", "Monostorpályi", "Nagyhegyes", "Nagyrábé", "Polgár", "Sárrétudvari", "Téglás", "Újléta", "Vámospércs"]},
      {"name": "Heves County", "cities": ["Eger", "Gyöngyös", "Hatvan", "Heves", "Bélapátfalva", "Füzesabony", "Kisköre", "Lőrinci", "Pétervására", "Recsk", "Sirok", "Tarnaörs", "Verpelét", "Zagyvaszántó", "Abasár", "Andornaktálya", "Apc", "Bátor", "Bükkszenterzsébet", "Bükkszék", "Detk", "Domoszló", "Egyházasdengeleg", "Egyházaskozár", "Erdőtelek", "Erk", "Fedémes", "Feldebrő", "Felsőtárkány", "Gyöngyöshalász", "Gyöngyösoroszi", "Gyöngyöspata", "Gyöngyössolymos", "Gyöngyöstarján", "Hort", "Istenmezeje", "Jászárokszállás", "Jászladány", "Jászszentandrás", "Karácsond", "Kál", "Kerecsend", "Kisfüzes", "Kisnána", "Kompolt", "Ludas", "Maklár", "Markaz", "Mátraballa", "Mátraderecske", "Mátraszentimre", "Mezőszemere", "Mezőtárkány", "Nagyréde", "Nagytálya", "Nagyút", "Noszvaj", "Novaj", "Ostoros", "Parád", "Parádsasvár", "Pély", "Petőfibánya", "Poroszló", "Rózsaszentmárton", "Sarud", "Szajla", "Szentdomonkos", "Szihalom", "Tiszanána", "Tófalu", "Újlőrincfalva", "Vámosgyörk", "Váraszó", "Vécs", "Visonta", "Zaránk"]},
      {"name": "Jász-Nagykun-Szolnok County", "cities": ["Szolnok", "Jászberény", "Törökszentmiklós", "Mezőtúr", "Kunszentmárton", "Karcag", "Tiszafüred", "Tiszaföldvár", "Martfű", "Kisújszállás", "Jászárokszállás", "Jászfényszaru", "Jászkisér", "Kenderes", "Kunhegyes", "Kunmadaras", "Mezőhék", "Nagykörű", "Öcsöd", "Rákóczifalva", "Szajol", "Tiszabő", "Tiszaderzs", "Tiszapüspöki", "Tiszaroff", "Tiszasüly", "Tiszavárkony", "Tomajmonostora", "Törtel", "Újszász", "Vezseny"]},
      {"name": "Komárom-Esztergom County", "cities": ["Tatabánya", "Esztergom", "Komárom", "Oroszlány", "Kisbér", "Ács", "Bábolna", "Dág", "Dorog", "Dunaalmás", "Kecskéd", "Kömlőd", "Lábatlan", "Mocsa", "Mogyorósbánya", "Nagyigmánd", "Naszály", "Nyergesújfalu", "Süttő", "Szomód", "Tardos", "Tarján", "Tát", "Tokod", "Tokodaltáró"]},
      {"name": "Nógrád County", "cities": ["Salgótarján", "Balassagyarmat", "Bátonyterenye", "Pásztó", "Rétság", "Szécsény", "Bercel", "Buják", "Cserhátsurány", "Cserháthaláp", "Dejtár", "Érsekvadkert", "Héhalom", "Hollókő", "Horpács", "Hugyag", "Iliny", "Ipolytarnóc", "Ipolyvece", "Karancsberény", "Karancslapujtő", "Karancsság", "Kazár", "Keszeg", "Kisbágyon", "Kisecset", "Kishartyán", "Kozárd", "Lucfalva", "Ludányhalászi", "Magyargéc", "Magyarnándor", "Mohora", "Nagyoroszi", "Nógrád", "Nógrádkövesd", "Nógrádmarcal", "Nógrádmegyer", "Nógrádsáp", "Nógrádsipek", "Nógrádszakál", "Őrhalom", "Pusztaberki", "Rákóczibánya", "Rimóc", "Romhány", "Ságújfalu", "Sóshartyán", "Szalmatercs", "Szanda", "Szár", "Szécsénke", "Szécsényfelfalu", "Szendehely", "Szente", "Szentkút", "Szurdokpüspöki", "Tar", "Vanyarc", "Varsány", "Zabar"]},
      {"name": "Pest County", "cities": ["Budapest", "Érd", "Dunakeszi", "Szigetszentmiklós", "Nagykőrös", "Gödöllő", "Vác", "Vecsés", "Cegléd", "Budaörs", "Ráckeve", "Szentendre", "Gyál", "Monor", "Fót", "Dunaharaszti", "Üllő", "Pécel", "Ócsa", "Nagykáta", "Kistarcsa", "Törökbálint", "Százhalombatta", "Dabas", "Biatorbágy", "Pilis", "Pilisvörösvár", "Aszód", "Pomáz", "Albertirsa", "Tököl", "Visegrád", "Veresegyház", "Zsámbék", "Isaszeg", "Kiskunlacháza", "Mogyoród", "Tápiószele", "Üröm", "Valkó", "Vácduka", "Vecsés", "Verőce", "Visegrád", "Zsámbok"]},
      {"name": "Somogy County", "cities": ["Kaposvár", "Siófok", "Marcali", "Barcs", "Balatonboglár", "Balatonlelle", "Csurgó", "Fonyód", "Igal", "Kadarkút", "Lengyeltóti", "Nagyatád", "Segesd", "Szenna", "Tab", "Zamárdi", "Balatonföldvár", "Balatonszemes", "Balatonszabadi", "Böhönye", "Csokonyavisonta", "Gálosfa", "Hács", "Iharosberény", "Kára", "Kéthely", "Lábod", "László", "Mike", "Nagybajom", "Öreglak", "Pamuk", "Rinyabesenyő", "Rinyaszentkirály", "Ságvár", "Sántos", "Som", "Somogyacsa", "Somogyaszaló", "Somogygeszti", "Somogyjád", "Somogysárd", "Somogysimonyi", "Somogytúr", "Somogyvámos", "Somogyvár", "Szólád", "Szőlősgyörök", "Teleki", "Táska", "Tótújfalu", "Várda", "Zics"]},
      {"name": "Szabolcs-Szatmár-Bereg County", "cities": ["Nyíregyháza", "Mátészalka", "Kisvárda", "Vásárosnamény", "Záhony", "Baktalórántháza", "Csenger", "Fehérgyarmat", "Ibrány", "Kemecse", "Mándok", "Nagykálló", "Nyírbátor", "Nyíradony", "Nyírbogát", "Nyírbogdány", "Nyírcsaholy", "Nyírgyulaj", "Nyíri", "Nyírkarász", "Nyírmada", "Nyírmeggyes", "Nyírpilis", "Nyírtass", "Nyírtét", "Nyírvasvári", "Ököritófülpös", "Pátroha", "Petneháza", "Ramocsaháza", "Rohod", "Szamosszeg", "Tákos", "Tarpa", "Tiszabecs", "Tiszacsécse", "Tiszadada", "Tiszadob", "Tiszaeszlár", "Tiszakanyár", "Tiszalök", "Tiszapüspöki", "Tiszaroff", "Tiszaszentmárton", "Tiszatelek", "Tiszavasvári", "Tornyospálca", "Tunyogmatolcs", "Túristvándi", "Tyukod", "Vaja", "Vásárosnamény", "Zajta"]},
      {"name": "Tolna County", "cities": ["Szekszárd", "Paks", "Bonyhád", "Dombóvár", "Tolna", "Bátaszék", "Decs", "Dunaföldvár", "Fadd", "Hőgyész", "Nagymányok", "Nagydorog", "Pálfa", "Sárpilis", "Sióagárd", "Tamási", "Zomba"]},
      {"name": "Vas County", "cities": ["Szombathely", "Kőszeg", "Sárvár", "Celldömölk", "Körmend", "Szentgotthárd", "Vasvár", "Bük", "Csepreg", "Gencsapáti", "Ják", "Kemenesmagasi", "Kemenessömjén", "Kemenesmihályfa", "Kőszegdoroszló", "Kőszegpaty", "Kőszegszerdahely", "Lukácsháza", "Mesterháza", "Nagygeresd", "Nemesbőd", "Nemesgörzsöny", "Nemesládony", "Nemesmedves", "Nemesrempehollós", "Nézsa", "Olaszfa", "Öriszentpéter", "Perenye", "Petőmihályfa", "Rábahídvég", "Rátót", "Répceszemere", "Répcelak", "Rum", "Salköveskút", "Sárfimizdó", "Sé", "Sorkifalud", "Sorkikápolna", "Söpte", "Szentpéterfa", "Szergény", "Tompaládony", "Tormásliget", "Torony", "Uraiújfalu", "Vassurány", "Vasvár", "Vát", "Velem", "Vép", "Vönöck"]},
      {"name": "Veszprém County", "cities": ["Veszprém", "Pápa", "Ajka", "Balatonfüred", "Tapolca", "Sümeg", "Várpalota", "Zirc", "Berhida", "Devecser", "Herend", "Magyarpolány", "Nagyvázsony", "Papateszér", "Sáska", "Szentkirályszabadja", "Tihany", "Veszprémfajsz", "Veszprémgalsa", "Zánka"]},
      {"name": "Zala County", "cities": ["Zalaegerszeg", "Nagykanizsa", "Keszthely", "Lenti", "Letenye", "Pacsa", "Zalaszentgrót", "Zalakaros", "Bocfölde", "Gelse", "Kallósd", "Kerecseny", "Keszthely", "Kisrécse", "Lickóvadamos", "Mikekarácsonyfa", "Nemessándorháza", "Nemesapáti", "Nemesbük", "Nemeskeresztúr", "Nemeskocs", "Nemesládony", "Nemespátró", "Nemesrádó", "Nemesvid", "Nova", "Ormándlak", "Pálfiszeg", "Péterhida", "Pórszombat", "Pötréte", "Sárhida", "Sénye", "Sormás", "Söjtör", "Szepetnek", "Tilaj", "Türje", "Vállus", "Várfölde", "Vasboldogasszony", "Vaspör", "Zalaapáti", "Zalabaksa", "Zalabér", "Zalaboldogfa", "Zalacsány", "Zalacséb", "Zalaegerszeg", "Zalaerdőd", "Zalagyömörő", "Zalahaláp", "Zalaháshágy", "Zalaigrice", "Zalaistvánd", "Zalakaros", "Zalakomár", "Zalaköveskút", "Zalalövő", "Zalamerenye", "Zalameggyes", "Zalapataka", "Zalasárszeg", "Zalaszabar", "Zalaszántó", "Zalaszegvár", "Zalaszentbalázs", "Zalaszentgrót", "Zalaszentiván", "Zalaszentjakab", "Zalaszentlászló", "Zalaszentlőrinc", "Zalaszentmárton", "Zalaszentmihály", "Zalavár", "Zalavég", "Zomba"]}
    ]
  },
  {
    "country": "Iceland",
    "currencyCode": "ISK",
    "currencyName": "Icelandic Króna",
    "states": [
      {"name": "Capital Region", "cities": ["Reykjavík", "Kópavogur", "Hafnarfjörður", "Garðabær", "Mosfellsbær", "Seltjarnarnes", "Kjósarhreppur"]},
      {"name": "Eastern Region", "cities": ["Egilsstaðir", "Fáskrúðsfjörður", "Neskaupstaður", "Reyðarfjörður", "Eskifjörður", "Seyðisfjörður", "Borgarfjörður Eystri", "Vopnafjörður"]},
      {"name": "Northeastern Region", "cities": ["Akureyri", "Húsavík", "Dalvík", "Siglufjörður", "Ólafsfjörður", "Hrísey", "Grímsey", "Kópasker", "Raufarhöfn", "Þórshöfn"]},
      {"name": "Northwestern Region", "cities": ["Sauðárkrókur", "Hvammstangi", "Blönduós", "Skagaströnd", "Varmahlíð", "Hofsós", "Siglufjörður", "Þingeyri", "Drangsnes", "Hólmavík"]},
      {"name": "Southern Peninsula", "cities": ["Keflavík", "Reykjanesbær", "Garður", "Sandgerði", "Grindavík", "Vogar", "Hafnir"]},
      {"name": "Southern Region", "cities": ["Selfoss", "Hveragerði", "Þorlákshöfn", "Hella", "Hvolsvöllur", "Vík", "Kirkjubæjarklaustur", "Vestmannaeyjar", "Eyrarbakki", "Stokkseyri"]},
      {"name": "Western Region", "cities": ["Akranes", "Borgarnes", "Ólafsvík", "Rif", "Grundarfjörður", "Stykkishólmur", "Búðardalur", "Reykholt", "Hvanneyri"]},
      {"name": "Westfjords", "cities": ["Ísafjörður", "Hnífsdalur", "Bolungarvík", "Súðavík", "Flateyri", "Suðureyri", "Patreksfjörður", "Tálknafjörður", "Bíldudalur"]}
    ]
  }
]