[
  {
    "country": "Kenya",
    "currencyCode": "KES",
    "currencyName": "Kenyan Shilling",
    "states": [
      {"name": "Baringo County", "cities": ["Kabarnet", "Eldama Ravine", "Marigat", "Mogotio", "Baringo Central", "Baringo North", "Baringo South", "Tiaty"]},
      {"name": "Bomet County", "cities": ["Bomet", "Longisa", "Sotik", "Chepalungu", "Konoin", "Bomet East", "Bomet Central"]},
      {"name": "Bungoma County", "cities": ["Bungoma", "Webuye", "Kimilili", "Mt. Elgon", "Bumula", "Kanduyi", "Tongaren", "Sirisia", "Kabuchai"]},
      {"name": "Busia County", "cities": ["Busia", "Malaba", "Port Victoria", "Nambale", "Butula", "Teso North", "Teso South", "Bunyala"]},
      {"name": "Elgeyo-Marakwet County", "cities": ["Iten", "Tambach", "Kapsowar", "Chesoi", "Kapyego", "Keiyo North", "Keiyo South", "Marakwet East", "Marakwet West"]},
      {"name": "Embu County", "cities": ["Embu", "Runyenjes", "Siakago", "Manyatta", "Mbeere North", "Mbeere South", "Embu West", "Embu East"]},
      {"name": "Garissa County", "cities": ["Garissa", "Dadaab", "Fafi", "Ijara", "Balambala", "Lagdera", "Hulugho", "Sankuri"]},
      {"name": "Homa Bay County", "cities": ["Homa Bay", "Kendu Bay", "Rongo", "Mbita", "Suba", "Rachuonyo North", "Rachuonyo South", "Ndhiwa", "Rangwe"]},
      {"name": "Isiolo County", "cities": ["Isiolo", "Garba Tulla", "Merti", "Oldonyiro", "Kinna", "Sericho"]},
      {"name": "Kajiado County", "cities": ["Kajiado", "Ongata Rongai", "Kitengela", "Ngong", "Namanga", "Magadi", "Loitokitok", "Mashuuru", "Kajiado Central", "Kajiado North", "Kajiado South", "Kajiado East", "Kajiado West"]},
      {"name": "Kakamega County", "cities": ["Kakamega", "Mumias", "Malava", "Butere", "Khwisero", "Shinyalu", "Lugari", "Likuyani", "Matungu", "Navakholo", "Ikolomani"]},
      {"name": "Kericho County", "cities": ["Kericho", "Litein", "Bureti", "Belgut", "Kipkelion", "Soin Sigowet", "Ainamoi", "Bureti"]},
      {"name": "Kiambu County", "cities": ["Kiambu", "Thika", "Ruiru", "Kikuyu", "Limuru", "Karuri", "Gatundu", "Juja", "Kabete", "Githunguri", "Lari", "Kiambaa"]},
      {"name": "Kilifi County", "cities": ["Kilifi", "Malindi", "Mombasa", "Mtwapa", "Mariakani", "Kaloleni", "Rabai", "Ganze", "Magarini", "Kilifi North", "Kilifi South"]},
      {"name": "Kirinyaga County", "cities": ["Kerugoya", "Sagana", "Baricho", "Kagio", "Kutus", "Mwea", "Gichugu", "Ndia"]},
      {"name": "Kisii County", "cities": ["Kisii", "Ogembo", "Nyamache", "Suneka", "Tabaka", "Kenyenya", "Marani", "Masaba South", "Masaba North", "Bobasi", "Bomachoge Borabu", "Bomachoge Chache", "Nyaribari Chache", "Nyaribari Masaba"]},
      {"name": "Kisumu County", "cities": ["Kisumu", "Ahero", "Muhoroni", "Katito", "Maseno", "Kondele", "Manyatta", "Nyalenda", "Kisumu Central", "Kisumu East", "Kisumu West", "Muhoroni", "Nyakach", "Nyando", "Seme"]},
      {"name": "Kitui County", "cities": ["Kitui", "Mwingi", "Mutomo", "Kibwezi", "Ikutha", "Katulani", "Kisasi", "Kyuso", "Mumoni", "Mutito", "Nzambani", "Tseikuru"]},
      {"name": "Kwale County", "cities": ["Kwale", "Ukunda", "Msambweni", "Lungalunga", "Kinango", "Matuga", "Kubo South", "Kubo North"]},
      {"name": "Laikipia County", "cities": ["Nanyuki", "Rumuruti", "Nyahururu", "Kinamba", "Mukogodo", "Laikipia Central", "Laikipia East", "Laikipia North", "Laikipia West"]},
      {"name": "Lamu County", "cities": ["Lamu", "Mpeketoni", "Faza", "Witu", "Lamu East", "Lamu West"]},
      {"name": "Machakos County", "cities": ["Machakos", "Athi River", "Tala", "Kangundo", "Kathiani", "Mavoko", "Mwala", "Yatta", "Matungulu", "Masinga"]},
      {"name": "Makueni County", "cities": ["Wote", "Makindu", "Mtito Andei", "Sultan Hamud", "Kathonzweni", "Kibwezi", "Kilome", "Mbooni", "Makueni", "Nguu"]},
      {"name": "Mandera County", "cities": ["Mandera", "El Wak", "Takaba", "Lafey", "Banisa", "Kotulo", "Mandera East", "Mandera West", "Mandera North"]},
      {"name": "Marsabit County", "cities": ["Marsabit", "Moyale", "Sololo", "Laisamis", "North Horr", "Saku", "Loiyangalani"]},
      {"name": "Meru County", "cities": ["Meru", "Maua", "Chuka", "Nkubu", "Tigania", "Imenti", "Igembe", "Tharaka", "Buuri", "Meru Central", "Meru North", "Meru South"]},
      {"name": "Migori County", "cities": ["Migori", "Rongo", "Awendo", "Kehancha", "Suna", "Kuria East", "Kuria West", "Nyatike", "Uriri"]},
      {"name": "Mombasa County", "cities": ["Mombasa", "Likoni", "Kisauni", "Changamwe", "Nyali", "Mvita", "Jomvu"]},
      {"name": "Murang'a County", "cities": ["Murang'a", "Kangema", "Kandara", "Kigumo", "Gatanga", "Kahuro", "Mathioya", "Kiharu"]},
      {"name": "Nairobi County", "cities": ["Nairobi", "Westlands", "Dagoretti", "Langata", "Kibra", "Roysambu", "Kasarani", "Ruaraka", "Embakasi", "Makadara", "Kamukunji", "Starehe", "Mathare"]},
      {"name": "Nakuru County", "cities": ["Nakuru", "Naivasha", "Molo", "Gilgil", "Njoro", "Rongai", "Bahati", "Subukia", "Nakuru Town East", "Nakuru Town West", "Kuresoi North", "Kuresoi South"]},
      {"name": "Nandi County", "cities": ["Kapsabet", "Nandi Hills", "Kapsowar", "Kabiyet", "Mosoriot", "Aldai", "Chesumei", "Emgwen", "Tinderet"]},
      {"name": "Narok County", "cities": ["Narok", "Kilgoris", "Lolgorian", "Narok North", "Narok South", "Transmara East", "Transmara West"]},
      {"name": "Nyamira County", "cities": ["Nyamira", "Keroka", "Ekerenyo", "Manga", "Borabu", "Masaba North", "Masaba South", "Nyamira North", "Nyamira South"]},
      {"name": "Nyandarua County", "cities": ["Ol Kalou", "Ndaragwa", "Nyahururu", "Kinangop", "Kipipiri", "Mirangine", "Ndaragwa", "Ol Joro Orok"]},
      {"name": "Nyeri County", "cities": ["Nyeri", "Othaya", "Mweiga", "Karatina", "Mukurweini", "Tetu", "Kieni", "Mathira", "Nyeri Central", "Nyeri South"]},
      {"name": "Samburu County", "cities": ["Maralal", "Baragoi", "Wamba", "Samburu North", "Samburu East", "Samburu West"]},
      {"name": "Siaya County", "cities": ["Siaya", "Bondo", "Ugunja", "Yala", "Ugenya", "Alego Usonga", "Rarieda", "Gem"]},
      {"name": "Taita-Taveta County", "cities": ["Voi", "Mwatate", "Taveta", "Wundanyi", "Taita", "Taveta", "Voi", "Wundanyi"]},
      {"name": "Tana River County", "cities": ["Hola", "Garsen", "Madogo", "Bura", "Tana Delta", "Tana North", "Tana River"]},
      {"name": "Tharaka-Nithi County", "cities": ["Chuka", "Marimanti", "Magumoni", "Muthambi", "Tharaka", "Chiakariga", "Maara", "Tharaka South", "Tharaka North"]},
      {"name": "Trans-Nzoia County", "cities": ["Kitale", "Endebess", "Kiminini", "Saboti", "Kwanza", "Cherangany"]},
      {"name": "Turkana County", "cities": ["Lodwar", "Kakuma", "Lokichogio", "Lokitaung", "Kalokol", "Katilu", "Kibish", "Turkana Central", "Turkana East", "Turkana North", "Turkana South", "Turkana West"]},
      {"name": "Uasin Gishu County", "cities": ["Eldoret", "Burnt Forest", "Kesses", "Soy", "Kapseret", "Moiben", "Ainabkoi", "Turbo"]},
      {"name": "Vihiga County", "cities": ["Mbale", "Chavakali", "Luanda", "Emuhaya", "Hamisi", "Sabatia", "Vihiga"]},
      {"name": "Wajir County", "cities": ["Wajir", "Habaswein", "Buna", "Griftu", "Arbajahan", "Wajir East", "Wajir West", "Wajir North", "Wajir South", "Tarbaj", "Eldas"]},
      {"name": "West Pokot County", "cities": ["Kapenguria", "Ortum", "Sigor", "Alale", "Kacheliba", "Pokot South", "Pokot Central", "Pokot North"]}
    ]
  },
  {
    "country": "Kiribati",
    "currencyCode": "AUD",
    "currencyName": "Australian Dollar",
    "states": [
      {"name": "Gilbert Islands", "cities": ["Tarawa", "Betio", "Bairiki", "Bikenibeu", "Tabiteuea", "Butaritari", "Makin", "Marakei", "Abaiang", "Maiana", "Kuria", "Aranuka", "Nonouti", "Tabiteuea North", "Tabiteuea South", "Beru", "Nikunau", "Onotoa", "Tamana", "Arorae"]},
      {"name": "Line Islands", "cities": ["Kiritimati", "Tabuaeran", "Teraina", "Banaba", "Kanton", "Rawaki", "Enderbury", "Manra", "Orona", "Nikumaroro"]},
      {"name": "Phoenix Islands", "cities": ["Kanton", "Rawaki", "Enderbury", "Manra", "Orona", "Nikumaroro", "Birnie", "McKean", "Phoenix"]}
    ]
  },
  {
    "country": "Kuwait",
    "currencyCode": "KWD",
    "currencyName": "Kuwaiti Dinar",
    "states": [
      {"name": "Al Ahmadi Governorate", "cities": ["Al Ahmadi", "Fahaheel", "Mangaf", "Abu Halifa", "Mahboula", "Fintas", "Riqqa", "Sabah Al-Ahmad", "Al Wafra", "Al Zour"]},
      {"name": "Al Farwaniya Governorate", "cities": ["Al Farwaniyah", "Jleeb Al-Shuyoukh", "Ardiya", "Rabia", "Riggae", "Khaitan", "Omariya", "Abraq Khaitan"]},
      {"name": "Al Jahra Governorate", "cities": ["Al Jahra", "Sulaibiya", "Taima", "Naeem", "Al Abdali", "Al Waha", "Saad Al Abdullah", "Sulaibikhat", "Al Naseem", "Al Qasr"]},
      {"name": "Capital Governorate", "cities": ["Kuwait City", "Sharq", "Dasma", "Mirqab", "Qibla", "Bneid Al-Gar", "Kaifan", "Khaldiya", "Mansouriya", "Sawaber", "Shamiya", "Sulaibikhat"]},
      {"name": "Hawalli Governorate", "cities": ["Hawalli", "Salmiya", "Salwa", "Bayyan", "Mishref", "Jabriya", "Rumaithiya", "Hitteen", "Zahra", "Shaab"]},
      {"name": "Mubarak Al-Kabeer Governorate", "cities": ["Mubarak Al-Kabeer", "Abu Al Hasaniya", "Adan", "Al-Masayel", "Fnaitees", "Messila", "Mina Abdullah", "Qusour", "Sabah Al-Salem", "South Khaitan"]}
    ]
  },
  {
    "country": "Kyrgyzstan",
    "currencyCode": "KGS",
    "currencyName": "Kyrgyzstani Som",
    "states": [
      {"name": "Batken Region", "cities": ["Batken", "Kyzyl-Kiya", "Sulukta", "Isfana", "Kara-Balta", "Aydarken", "Kyzyl-Jar", "Sary-Tash", "Kök-Janggak", "Leilek"]},
      {"name": "Bishkek", "cities": ["Bishkek", "Alamedin", "Sokuluk", "Lebedinovka", "Kant", "Tokmok", "Kara-Balta", "Kemin", "Chuy", "Ysyk-Ata"]},
      {"name": "Chuy Region", "cities": ["Tokmok", "Kara-Balta", "Kant", "Sokuluk", "Kemin", "Ysyk-Ata", "Panfilov", "Alamudun", "Chuy", "Moscow"]},
      {"name": "Issyk-Kul Region", "cities": ["Karakol", "Balykchy", "Cholpon-Ata", "Tyup", "Ananyevo", "Kyzyl-Suu", "Barskoon", "Kaji-Say", "Tamchy", "Ak-Suu"]},
      {"name": "Jalal-Abad Region", "cities": ["Jalal-Abad", "Kara-Köl", "Kazarman", "Kök-Janggak", "Massy", "Suzak", "Tash-Kömür", "Toktogul", "Kara-Balta", "Ala-Buka", "Bazar-Korgon", "Kerben", "Maimak", "Kochkor-Ata"]},
      {"name": "Naryn Region", "cities": ["Naryn", "At-Bashy", "Kochkor", "Ming-Kush", "Kazarman", "Ak-Talaa", "Jumgal", "Baetov", "Kara-Kujur", "Chaek"]},
      {"name": "Osh", "cities": ["Osh", "Nookat", "Kara-Suu", "Uzgen", "Gulcha", "Aravan", "Chong-Alay", "Kara-Kulja", "Alay", "Daroot-Korgon"]},
      {"name": "Osh Region", "cities": ["Osh", "Nookat", "Kara-Suu", "Uzgen", "Gulcha", "Aravan", "Chong-Alay", "Kara-Kulja", "Alay", "Daroot-Korgon"]},
      {"name": "Talas Region", "cities": ["Talas", "Kara-Buura", "Bakay-Ata", "Manas", "Kyzyl-Adyr", "Pokrovka", "Kirov", "Lenin", "Koshoy", "Kum-Aryk"]}
    ]
  },
  {
    "country": "Laos",
    "currencyCode": "LAK",
    "currencyName": "Lao Kip",
    "states": [
      {"name": "Attapeu Province", "cities": ["Attapeu", "Sanamxay", "Phouvong", "Saysetha", "Samakkhixay", "Xaysetha", "Sanxay", "Phouvong"]},
      {"name": "Bokeo Province", "cities": ["Ban Houayxay", "Ton Pheung", "Muang Meung", "Pak Tha", "Phou Oudom", "Huay Xai", "Muang Khua", "Muang Nga", "Muang Long", "Muang Sing"]},
      {"name": "Bolikhamsai Province", "cities": ["Paksan", "Thaphabat", "Pak Kading", "Bolikhan", "Khamkeut", "Viengthong", "Borikhan", "Khamkeuth", "Pakxan", "Thaphabat"]},
      {"name": "Champasak Province", "cities": ["Pakse", "Champasak", "Muang Khong", "Muang Mo", "Soukhouma", "Bachiang", "Khong", "Mounlapamok", "Pathoumphone", "Phonthong", "Sanasomboun", "Soukhoumma"]},
      {"name": "Houaphanh Province", "cities": ["Xam Neua", "Viengxay", "Houamuang", "Xamtay", "Kuan", "Muang Et", "Muang Hiam", "Muang Kham", "Muang Peun", "Muang Xon"]},
      {"name": "Khammouane Province", "cities": ["Thakhek", "Mahaxay", "Nong Bok", "Hinboun", "Nakai", "Bualapha", "Xebangfai", "Kounkham", "Muang Mahaxay", "Muang Nong Bok"]},
      {"name": "Luang Namtha Province", "cities": ["Luang Namtha", "Muang Sing", "Long", "Vieng Phoukha", "Nalae", "Muang Long", "Muang Nalae", "Muang Viengphoukha", "Namtha", "Sing"]},
      {"name": "Luang Prabang Province", "cities": ["Luang Prabang", "Nambak", "Nan", "Pak Ou", "Phonxay", "Phoukhoune", "Viengkham", "Xieng Ngeun", "Chomphet", "Muang Ngoi"]},
      {"name": "Oudomxay Province", "cities": ["Muang Xay", "Beng", "Houn", "La", "Namor", "Nga", "Pakbeng", "Xay", "Muang Beng", "Muang Houn"]},
      {"name": "Phongsaly Province", "cities": ["Phongsaly", "Boun Neua", "Boun Tay", "Khoa", "May", "Nhot Ou", "Phongsaly", "Samphanh", "Yot Ou", "Muang Khoua"]},
      {"name": "Salavan Province", "cities": ["Salavan", "Toumlane", "Vapy", "Khongxedone", "Lakhonepheng", "Muang Laongam", "Muang Khongxedon", "Muang Samouay", "Muang Ta Oy", "Muang Vapi"]},
      {"name": "Savannakhet Province", "cities": ["Savannakhet", "Kaysone Phomvihane", "Champhone", "Xonnabouly", "Thapangthong", "Phin", "Nong", "Outhoumphone", "Atsaphangthong", "Xayphouthong", "Songkhone", "Sepon"]},
      {"name": "Sekong Province", "cities": ["Sekong", "Dak Cheung", "Kaleum", "Lamam", "Thateng", "Muang Dakcheung", "Muang Kaleum", "Muang Lamam", "Muang Thateng"]},
      {"name": "Vientiane Prefecture", "cities": ["Vientiane", "Sikhottabong", "Chanthabouly", "Sisattanak", "Xaysetha", "Naxaithong", "Xaythany", "Hadxayfong", "Parkngum"]},
      {"name": "Vientiane Province", "cities": ["Phonhong", "Thoulakhom", "Keo Oudom", "Kasy", "Vangvieng", "Feuang", "Xanakham", "Mad", "Hinhurp", "Hom"]},
      {"name": "Xaisomboun Province", "cities": ["Anouvong", "Longchaeng", "Longxan", "Hom", "Thathom", "Muang Hom", "Muang Longxan", "Muang Thathom", "Muang Anouvong"]},
      {"name": "Xiangkhouang Province", "cities": ["Phonsavan", "Kham", "Nong Het", "Khoun", "Mok", "Pek", "Phaxay", "Phou Kout", "Thatom", "Muang Kham"]}
    ]
  },
  {
    "country": "Latvia",
    "currencyCode": "EUR",
    "currencyName": "Euro",
    "states": [
      {"name": "Aglona Municipality", "cities": ["Aglona"]},
      {"name": "Aizkraukle Municipality", "cities": ["Aizkraukle", "Pļaviņas", "Koknese", "Jaunjelgava", "Aizkraukle"]},
      {"name": "Aizpute Municipality", "cities": ["Aizpute", "Cīrava", "Kalvene", "Kazdanga", "Laidi", "Tadaiķi"]},
      {"name": "Aknīste Municipality", "cities": ["Aknīste"]},
      {"name": "Aloja Municipality", "cities": ["Aloja", "Braslava", "Brīvzemnieki", "Staicele"]},
      {"name": "Alsunga Municipality", "cities": ["Alsunga"]},
      {"name": "Alūksne Municipality", "cities": ["Alūksne", "Ape", "Ilzene", "Jaunalūksne", "Liepna", "Maliena", "Mārkalne", "Pededze", "Veclaicene", "Zeltiņi"]},
      {"name": "Amata Municipality", "cities": ["Drabeši", "Ģikši", "Nītaure", "Rauna", "Skujene", "Zaube"]},
      {"name": "Ape Municipality", "cities": ["Ape"]},
      {"name": "Auce Municipality", "cities": ["Auce", "Bēne", "Īle", "Lielauce", "Vecauce"]},
      {"name": "Babīte Municipality", "cities": ["Babīte", "Piņķi", "Salas", "Spuņciems"]},
      {"name": "Baldone Municipality", "cities": ["Baldone", "Baloži", "Cena", "Ķekava", "Mārupe"]},
      {"name": "Baltinava Municipality", "cities": ["Baltinava"]},
      {"name": "Balvi Municipality", "cities": ["Balvi", "Bērzpils", "Briežuciems", "Kubuli", "Lazdukalns", "Tilža", "Vīksna"]},
      {"name": "Bauska Municipality", "cities": ["Bauska", "Iecava", "Rundāle", "Vecumnieki", "Brunava", "Code", "Gailīši", "Īslīce", "Mežotne", "Skaistkalne"]},
      {"name": "Beverīna Municipality", "cities": ["Beverīna", "Brenguļi", "Kauguri", "Trikāta"]},
      {"name": "Brocēni Municipality", "cities": ["Brocēni", "Ciecere", "Gaiķi", "Remte", "Saldus"]},
      {"name": "Burtnieki Municipality", "cities": ["Burtnieki", "Matīši", "Valmiera", "Vecate"]},
      {"name": "Carnikava Municipality", "cities": ["Carnikava"]},
      {"name": "Cēsis Municipality", "cities": ["Cēsis", "Līgatne", "Priekuļi", "Vaive", "Vecpiebalga", "Āraiši", "Drabeši", "Ģikši", "Jaunpiebalga", "Kaive", "Līgatne", "Mālpils", "Priekuļi", "Raiskums", "Stalbe", "Taurene", "Vecpiebalga"]},
      {"name": "Cesvaine Municipality", "cities": ["Cesvaine"]},
      {"name": "Cibla Municipality", "cities": ["Cibla", "Blonti", "Līdumnieki", "Pušmucova", "Zilupe"]},
      {"name": "Dagda Municipality", "cities": ["Dagda", "Andrupene", "Andzeļi", "Asūne", "Bērziņi", "Dagda", "Ezernieki", "Konstantinova", "Ķepova", "Svariņi", "Šķaune", "Zaharija"]},
      {"name": "Daugavpils", "cities": ["Daugavpils", "Grīva", "Ilūkste", "Kalkūne", "Līksna", "Maļinova", "Medumi", "Naujene", "Saliena", "Skrudaliena", "Svente", "Tabore", "Vabole", "Vecsaliena", "Višķi"]},
      {"name": "Daugavpils Municipality", "cities": ["Daugavpils", "Ambeļi", "Biķernieki", "Demene", "Dubna", "Eglaine", "Kalkūne", "Kalupe", "Laucesa", "Līksna", "Maļinova", "Medumi", "Naujene", "Nīcgale", "Saliena", "Skrudaliena", "Svente", "Tabore", "Vabole", "Vecsaliena", "Višķi"]},
      {"name": "Dobele Municipality", "cities": ["Dobele", "Auce", "Bēne", "Biksti", "Bukaiši", "Dobele", "Īle", "Jaunbērze", "Krimūna", "Lielauce", "Penkule", "Tērvete", "Ukri", "Vītiņi", "Zebrene"]},
      {"name": "Dundaga Municipality", "cities": ["Dundaga", "Kolkasrags", "Kūdra", "Lauciene", "Slocene"]},
      {"name": "Durbe Municipality", "cities": ["Durbe", "Tadaiķi", "Vecpils"]},
      {"name": "Engure Municipality", "cities": ["Engure", "Lapmežciems", "Smārde", "Tukums"]},
      {"name": "Ērgļi Municipality", "cities": ["Ērgļi", "Jumurda", "Sausnēja"]},
      {"name": "Garkalne Municipality", "cities": ["Garkalne", "Berģi", "Ropaži"]},
      {"name": "Grobiņa Municipality", "cities": ["Grobiņa", "Bārta", "Gavieze", "Medze", "Nīca", "Otaņķi", "Pērkone", "Rucava", "Saka", "Vērgale"]},
      {"name": "Gulbene Municipality", "cities": ["Gulbene", "Beļava", "Dauksti", "Druviena", "Galēni", "Jaungulbene", "Lejasciems", "Litene", "Lizums", "Līgo", "Ranka", "Stāmeriena", "Stradu"]},
      {"name": "Iecava Municipality", "cities": ["Iecava"]},
      {"name": "Ikšķile Municipality", "cities": ["Ikšķile", "Tīnūži"]},
      {"name": "Ilūkste Municipality", "cities": ["Ilūkste", "Subate", "Eglaine", "Pilskalne"]},
      {"name": "Inčukalns Municipality", "cities": ["Inčukalns", "Vangaži"]},
      {"name": "Jaunjelgava Municipality", "cities": ["Jaunjelgava"]},
      {"name": "Jaunpiebalga Municipality", "cities": ["Jaunpiebalga"]},
      {"name": "Jaunpils Municipality", "cities": ["Jaunpils"]},
      {"name": "Jēkabpils", "cities": ["Jēkabpils", "Krustpils", "Aknīste", "Viesīte"]},
      {"name": "Jēkabpils Municipality", "cities": ["Jēkabpils", "Aknīste", "Viesīte", "Dignāja", "Kūkas", "Leimaņi", "Rubene", "Sala", "Sēlpils", "Varieši"]},
      {"name": "Jelgava", "cities": ["Jelgava", "Ozolnieki", "Sesava", "Svēte", "Valdeķi"]},
      {"name": "Jelgava Municipality", "cities": ["Jelgava", "Glūda", "Jaunsvirlauka", "Līvbērze", "Platone", "Sesava", "Svēte", "Vilce", "Zaļenieki"]},
      {"name": "Jūrmala", "cities": ["Jūrmala", "Bulduri", "Dzintari", "Jaundubulti", "Kauguri", "Majori", "Pumpuri", "Sloka", "Vaivari"]},
      {"name": "Kandava Municipality", "cities": ["Kandava", "Cēre", "Matkule", "Vāne", "Zante"]},
      {"name": "Kārsava Municipality", "cities": ["Kārsava", "Malnava", "Mērdzene", "Mežvidi", "Salnava"]},
      {"name": "Kocēni Municipality", "cities": ["Kocēni", "Bilska", "Dziļāri", "Kocēni", "Vijciems"]},
      {"name": "Koknese Municipality", "cities": ["Koknese", "Irši", "Koknese"]},
      {"name": "Krāslava Municipality", "cities": ["Krāslava", "Andrupene", "Andzeļi", "Asūne", "Auleja", "Bērziņi", "Dagda", "Ezernieki", "Indra", "Kaplava", "Kombuļi", "Konstantinova", "Ķepova", "Piedruja", "Robežnieki", "Skaista", "Svariņi", "Šķaune", "Zaharija"]}
    ]
  },
  {
    "country": "Lebanon",
    "currencyCode": "LBP",
    "currencyName": "Lebanese Pound",
    "states": [
      {"name": "Akkar Governorate", "cities": ["Halba", "Qoubaiyat", "Bebnine", "Andqet", "Akkar", "Minyara", "Qaabrine"]},
      {"name": "Baalbek-Hermel Governorate", "cities": ["Baalbek", "Hermel", "Labweh", "Nabi Othman", "Ras Baalbek", "Chlifa", "Deir el Ahmar", "Janta", "Qasr"]},
      {"name": "Beirut Governorate", "cities": ["Beirut", "Achrafieh", "Rmeil", "Medawar", "Bachoura", "Mazraa", "Minet El Hosn", "Moussaitbeh", "Port", "Zokak el-Blat"]},
      {"name": "Beqaa Governorate", "cities": ["Zahle", "Joub Jannine", "Rachaya", "Anjar", "Chtaura", "Ferzol", "Haouch Hala", "Karak", "Majdal Anjar", "Rayak"]},
      {"name": "Mount Lebanon Governorate", "cities": ["Baabda", "Aley", "Bhamdoun", "Brummana", "Dhour El Choueir", "Jdeideh", "Jounieh", "Zouk Mikael", "Bikfaya", "Bsalim"]},
      {"name": "Nabatieh Governorate", "cities": ["Nabatieh", "Bent Jbail", "Hasbaya", "Marjayoun", "Jouaiyya", "Kfar Remen", "Kounine", "Sir El Gharbiyeh"]},
      {"name": "North Governorate", "cities": ["Tripoli", "Zgharta", "Bsharri", "Batroun", "Koura", "Miniyeh-Danniyeh", "Amioon", "Bdebba", "Chekka", "Enfeh"]},
      {"name": "South Governorate", "cities": ["Sidon", "Tyre", "Jezzine", "Adloun", "Ansar", "Bazouriyeh", "Borj Ech Chemali", "Cana", "Habbouch", "Jbaa"]}
    ]
  },
  {
    "country": "Lesotho",
    "currencyCode": "LSL",
    "currencyName": "Lesotho Loti",
    "states": [
      {"name": "Berea District", "cities": ["Teyateyaneng", "Mohlakeng", "Matsieng", "Ratau", "Malimong", "Mohlakeng", "Tšehlanyane"]},
      {"name": "Butha-Buthe District", "cities": ["Butha-Buthe", "Hlotse", "Maputsoe", "Mokhotlong", "Oxbow", "Semonkong"]},
      {"name": "Leribe District", "cities": ["Hlotse", "Maputsoe", "Pitseng", "Matsa", "Mokhotlong", "Bela-Bela"]},
      {"name": "Mafeteng District", "cities": ["Mafeteng", "Mazenod", "Quthing", "Mohale's Hoek", "Qacha's Nek"]},
      {"name": "Maseru District", "cities": ["Maseru", "Morija", "Roma", "Teyateyaneng", "Mafeteng", "Mazenod"]},
      {"name": "Mohale's Hoek District", "cities": ["Mohale's Hoek", "Quthing", "Qacha's Nek", "Moyeni", "Mount Moorosi"]},
      {"name": "Mokhotlong District", "cities": ["Mokhotlong", "Semonkong", "Thaba-Tseka", "Oxbow", "Afriski"]},
      {"name": "Qacha's Nek District", "cities": ["Qacha's Nek", "Moyeni", "Mount Moorosi", "Sehlabathebe"]},
      {"name": "Quthing District", "cities": ["Quthing", "Moyeni", "Mount Moorosi", "Qacha's Nek"]},
      {"name": "Thaba-Tseka District", "cities": ["Thaba-Tseka", "Mokhotlong", "Semonkong", "Oxbow"]}
    ]
  }
]