[
  {
    "country": "Liberia",
    "currencyCode": "LRD",
    "currencyName": "Liberian Dollar",
    "states": [
      {"name": "Bomi County", "cities": ["Tubmanburg", "Klay", "Senjeh", "Dewoin", "Mecca", "Beajah"]},
      {"name": "Bong County", "cities": ["Gbarnga", "Salala", "Sanoyea", "Zota", "Panta-Kpa", "Fuamah", "Jorquelleh", "Kokoyah", "Suakoko"]},
      {"name": "Gbarpolu County", "cities": ["Bopolu", "Belleh", "Kongba", "Gounwolala", "Bokomu", "Gbarma", "Kokoyah"]},
      {"name": "Grand Bassa County", "cities": ["Buchanan", "Edina", "District #1", "District #2", "District #3", "District #4", "St. John River", "Owensgrove", "Neekreen"]},
      {"name": "Grand Cape Mount County", "cities": ["Robertsport", "Tewor", "Porkpa", "Gola Konneh", "Garwula", "Tombe"]},
      {"name": "Grand Gedeh County", "cities": ["Zwedru", "Tchien", "Gbarzon", "Konobo", "Putu", "Gbi", "Dorbor"]},
      {"name": "Grand Kru County", "cities": ["Barclayville", "Borough", "Bleebo", "Nimba", "Upper Kru Coast", "Lower Kru Coast"]},
      {"name": "Lofa County", "cities": ["Voinjama", "Zorzor", "Foya", "Kolahun", "Salayea", "Vahun", "Quardu Gboni", "Wolokollie"]},
      {"name": "Margibi County", "cities": ["Kakata", "Marshall", "Firestone", "Gibson", "Kakata", "Mamba Point", "Unification"]},
      {"name": "Maryland County", "cities": ["Harper", "Barrobo", "Karluway #1", "Karluway #2", "Nimba", "Gedetarbo", "Gwelekpoken"]},
      {"name": "Montserrado County", "cities": ["Monrovia", "Bensonville", "Careysburg", "Todee", "Commonwealth", "St. Paul River", "Greater Monrovia"]},
      {"name": "Nimba County", "cities": ["Sanniquellie", "Ganta", "Yekepa", "Bah", "Gbehlageh", "Kparblee", "Meinpea-Mahn", "Saclepea", "Yarmein", "Zoe-Gbao"]},
      {"name": "River Cess County", "cities": ["River Cess", "Bear Creek", "Central River Cess", "Doedain", "Fen River", "Jo River", "Norwein", "Sam Gbalor"]},
      {"name": "River Gee County", "cities": ["Fish Town", "Gbeapo", "Kanweaken", "Nyenawliken", "Potupo", "Sarbo", "Tuobo"]},
      {"name": "Sinoe County", "cities": ["Greenville", "Butaw", "Dugbe River", "Jaedae", "Jeadepo", "Juazon", "Kpayan", "Pynes Town", "Sanquin"]}
    ]
  },
  {
    "country": "Libya",
    "currencyCode": "LYD",
    "currencyName": "Libyan Dinar",
    "states": [
      {"name": "Al Wahat District", "cities": ["Ajdabiya", "Jalu", "Awjila", "Marada", "Jakhira", "Suluq"]},
      {"name": "Benghazi", "cities": ["Benghazi", "Sidi Khreibish", "Al-Hawari", "Garyounis", "Benina", "Suluq"]},
      {"name": "Derna District", "cities": ["Derna", "Batta", "Al Qubbah", "Marmarica", "Tobruk"]},
      {"name": "Ghat District", "cities": ["Ghat", "Al Barkat", "Traghen", "Murkuk", "Ubari"]},
      {"name": "Jabal al Akhdar", "cities": ["Al Bayda", "Shahat", "Qasr Libya", "Al Marj", "Taknis", "Tocra"]},
      {"name": "Jabal al Gharbi District", "cities": ["Gharyan", "Mizda", "Yafran", "Al Asabah", "Kikla", "Rujban"]},
      {"name": "Jafara", "cities": ["Az Zawiyah", "Al Ajaylat", "Jadu", "Rujban", "Sabratha", "Surman"]},
      {"name": "Jufra", "cities": ["Hun", "Waddan", "Sokna", "Zella", "Fuqaha", "Al Jufrah"]},
      {"name": "Kufra District", "cities": ["Al Jawf", "Kufra", "Tazirbu", "Rebiana", "Sarir", "Talh"]},
      {"name": "Marj District", "cities": ["Al Marj", "Taknis", "Tocra", "Al Abyar", "Gminis"]},
      {"name": "Misrata District", "cities": ["Misrata", "Tawergha", "Zliten", "Qasr Ahmed", "Abu Grain", "Zawyat Elmahjub"]},
      {"name": "Murqub", "cities": ["Al Khums", "Zliten", "Misrata", "Tawergha", "Qasr Ahmed"]},
      {"name": "Murzuq District", "cities": ["Murzuq", "Al Wigh", "Traghan", "Umm Al Aranib", "Zella", "Tajarhi"]},
      {"name": "Nalut District", "cities": ["Nalut", "Ghadames", "Wazin", "Al Qalaa", "Tigi", "Kabaw"]},
      {"name": "Sabha District", "cities": ["Sabha", "Brak", "Murzuq", "Al Wigh", "Traghan", "Umm Al Aranib"]},
      {"name": "Sirte District", "cities": ["Sirte", "Abu Hadi", "Harawa", "Nofaliya", "Wadi Jeref", "Zalla"]},
      {"name": "Tripoli District", "cities": ["Tripoli", "Tajura", "Ain Zara", "Sidi Sayeh", "Souq Al Jumaa", "Hay Al Andalus"]},
      {"name": "Wadi al Hayaa District", "cities": ["Ubari", "Al Barkat", "Murkuk", "Traghen", "Ghat"]},
      {"name": "Wadi al Shatii District", "cities": ["Brak", "Al Wigh", "Traghan", "Umm Al Aranib", "Murzuq"]},
      {"name": "Zawiya District", "cities": ["Az Zawiyah", "Al Ajaylat", "Jadu", "Rujban", "Sabratha", "Surman"]}
    ]
  },
  {
    "country": "Liechtenstein",
    "currencyCode": "CHF",
    "currencyName": "Swiss Franc",
    "states": [
      {"name": "Balzers", "cities": ["Balzers"]},
      {"name": "Eschen", "cities": ["Eschen"]},
      {"name": "Gamprin", "cities": ["Gamprin"]},
      {"name": "Mauren", "cities": ["Mauren"]},
      {"name": "Planken", "cities": ["Planken"]},
      {"name": "Ruggell", "cities": ["Ruggell"]},
      {"name": "Schaan", "cities": ["Schaan"]},
      {"name": "Schellenberg", "cities": ["Schellenberg"]},
      {"name": "Triesen", "cities": ["Triesen"]},
      {"name": "Triesenberg", "cities": ["Triesenberg"]},
      {"name": "Vaduz", "cities": ["Vaduz"]}
    ]
  },
  {
    "country": "Lithuania",
    "currencyCode": "EUR",
    "currencyName": "Euro",
    "states": [
      {"name": "Kretinga District Municipality", "cities": ["Kretinga", "Kartena", "Kūlupėnai", "Salantai", "Žalgiriai"]},
      {"name": "Kupiškis District Municipality", "cities": ["Kupiškis", "Alizava", "Antašava", "Subačius", "Šimonys"]},
      {"name": "Lazdijai District Municipality", "cities": ["Lazdijai", "Kapčiamiestis", "Krosna", "Leipalingis", "Seirijai", "Šeštokai", "Šventežeris", "Veisiejai"]},
      {"name": "Marijampolė Municipality", "cities": ["Marijampolė", "Kazlų Rūda", "Sasnava", "Šunskai"]},
      {"name": "Mažeikiai District Municipality", "cities": ["Mažeikiai", "Laižuva", "Sedos", "Tirkšliai", "Viekšniai"]},
      {"name": "Molėtai District Municipality", "cities": ["Molėtai", "Alanta", "Balninkai", "Čiulėnai", "Dubingiai", "Giedraičiai", "Joniškis", "Luokesa", "Mindūnai", "Suginčiai"]},
      {"name": "Neringa Municipality", "cities": ["Nida", "Preila", "Juodkrantė"]},
      {"name": "Pagėgiai Municipality", "cities": ["Pagėgiai", "Lumpėnai", "Natkiškiai", "Stoniškiai", "Vilkyškiai"]},
      {"name": "Pakruojis District Municipality", "cities": ["Pakruojis", "Guostagalis", "Klovainiai", "Lygumai", "Pašvitinys", "Rozalimas", "Žeimelis"]},
      {"name": "Palanga City Municipality", "cities": ["Palanga"]},
      {"name": "Panevėžys City Municipality", "cities": ["Panevėžys"]},
      {"name": "Panevėžys County", "cities": ["Panevėžys", "Ramygala", "Rokiškis", "Subačius", "Biržai", "Kupiškis", "Pasvalys"]},
      {"name": "Panevėžys District Municipality", "cities": ["Panevėžys", "Krekenava", "Miežiškiai", "Ramygala", "Smilgiai", "Vadokliai"]},
      {"name": "Pasvalys District Municipality", "cities": ["Pasvalys", "Daujėnai", "Joniškėlis", "Krinčinas", "Pumpėnai", "Pušalotas", "Saločiai", "Vaškai"]},
      {"name": "Plungė District Municipality", "cities": ["Plungė", "Alsėdžiai", "Kulių", "Plateliai", "Žemaičių Kalvarija"]},
      {"name": "Prienai District Municipality", "cities": ["Prienai", "Ašminta", "Balbieriškis", "Jieznas", "Pakruonis", "Stakliškės", "Šilavotas", "Veiveriai"]},
      {"name": "Radviliškis District Municipality", "cities": ["Radviliškis", "Aukštelkai", "Baisogala", "Grinkiškis", "Pakuonis", "Šeduvas", "Šiaulėnai", "Tyruliai"]},
      {"name": "Raseiniai District Municipality", "cities": ["Raseiniai", "Ariogala", "Betygala", "Girkalnis", "Kalnujai", "Nemakščiai", "Pagojukai", "Šiluva", "Viduklė"]},
      {"name": "Rietavas Municipality", "cities": ["Rietavas", "Medingėnai", "Tverai"]},
      {"name": "Rokiškis District Municipality", "cities": ["Rokiškis", "Čedasai", "Dūkštas", "Jūžintai", "Kamiava", "Kazitiškis", "Lukštai", "Obeliai", "Pandėlys", "Panemunėlis", "Raguva", "Salos", "Suostas", "Svėdasai"]},
      {"name": "Skuodas District Municipality", "cities": ["Skuodas", "Aleksandrija", "Barstyčiai", "Daukšiai", "Ylakiai", "Lenkimai", "Mosėdis", "Seda"]},
      {"name": "Šakiai District Municipality", "cities": ["Šakiai", "Gelgaudiškis", "Kudirkos Naumiestis", "Lekėčiai", "Lukšiai", "Sintautai", "Šakiai", "Žemoji Panemunė"]},
      {"name": "Šalčininkai District Municipality", "cities": ["Šalčininkai", "Baltoji Vokė", "Dainava", "Dieveniškės", "Eišiškės", "Gerviškės", "Jašiūnai", "Kalesninkai", "Turgeliai"]},
      {"name": "Šiauliai City Municipality", "cities": ["Šiauliai"]},
      {"name": "Šiauliai County", "cities": ["Šiauliai", "Akmenė", "Joniškis", "Kelmė", "Pakruojis", "Radviliškis", "Raseiniai"]},
      {"name": "Šiauliai District Municipality", "cities": ["Šiauliai", "Bubių", "Ginkūnai", "Gruzdžiai", "Kairiai", "Kuršėnai", "Kužiai", "Meškuičiai", "Raudėnai", "Smilgiai", "Šakyna", "Šiaulėnai", "Tyruliai", "Vadaktai", "Viekšniai"]},
      {"name": "Šilalė District Municipality", "cities": ["Šilalė", "Kaltinėnai", "Kvėdarna", "Laukuva", "Pajūris", "Teneniai", "Upyna", "Žadeikiai"]},
      {"name": "Šilutė District Municipality", "cities": ["Šilutė", "Gardamas", "Juknaičiai", "Katyčiai", "Kintai", "Rusnė", "Saugos", "Švėkšna", "Usėnai", "Vainutas", "Žemaičių Naumiestis"]},
      {"name": "Širvintos District Municipality", "cities": ["Širvintos", "Alionys", "Bagaslaviškis", "Gelvonai", "Jauniūnai", "Kernavė", "Musninkai", "Zibalai"]},
      {"name": "Švenčionys District Municipality", "cities": ["Švenčionys", "Adutiškis", "Kaltanėnai", "Labanoras", "Lentupis", "Magūnai", "Saldutiškis", "Strūnaitis", "Svirkos"]},
      {"name": "Tauragė County", "cities": ["Tauragė", "Jurbarkas", "Šilalė", "Pagėgiai"]},
      {"name": "Tauragė District Municipality", "cities": ["Tauragė", "Batakiai", "Gaurė", "Lauksargiai", "Skaudvilė", "Šilalė"]},
      {"name": "Telšiai County", "cities": ["Telšiai", "Mažeikiai", "Plungė", "Rietavas"]},
      {"name": "Telšiai District Municipality", "cities": ["Telšiai", "Degaičiai", "Gadūnavas", "Luokė", "Nevarėnai", "Telšiai", "Varniai", "Žarėnai"]},
      {"name": "Trakai District Municipality", "cities": ["Trakai", "Aukštadvaris", "Grendavė", "Lentvaris", "Onuškis", "Paluknys", "Rūdiškės", "Semeliškės"]},
      {"name": "Ukmergė District Municipality", "cities": ["Ukmergė", "Deltuva", "Lyduokiai", "Pabaiskas", "Siesikai", "Šešuoliai", "Taujėnai", "Vepriai", "Vidiškiai"]},
      {"name": "Utena County", "cities": ["Utena", "Anykščiai", "Ignalina", "Molėtai", "Visaginas", "Zarasai"]},
      {"name": "Utena District Municipality", "cities": ["Utena", "Alanta", "Daugailiai", "Kuktiškės", "Leliūnai", "Saldutiškis", "Sudeikiai", "Tauragnai", "Užpaliai", "Vyžuonos"]},
      {"name": "Varėna District Municipality", "cities": ["Varėna", "Jakėnai", "Kaniava", "Marcinkonys", "Merkinė", "Matuizos", "Perloja", "Valkininkai"]},
      {"name": "Vilkaviškis District Municipality", "cities": ["Vilkaviškis", "Alvitas", "Bartninkai", "Gižai", "Gražiškiai", "Kybartai", "Pilviškiai", "Šeimena", "Vištytis", "Vladislavovas"]},
      {"name": "Vilnius City Municipality", "cities": ["Vilnius"]},
      {"name": "Vilnius County", "cities": ["Vilnius", "Elektrenai", "Šalčininkai", "Širvintos", "Švenčionys", "Trakai", "Ukmergė"]},
      {"name": "Vilnius District Municipality", "cities": ["Vilnius", "Bezdoniai", "Buivydžiai", "Didžiosios Kabiškės", "Grigiškės", "Maišiagala", "Mickūnai", "Nemenčinė", "Nemėžis", "Paberžė", "Rudamina", "Rukainiai", "Santaka", "Sudervė", "Sužionys", "Šumskas", "Trakai", "Valkininkai", "Vievis"]},
      {"name": "Visaginas Municipality", "cities": ["Visaginas"]},
      {"name": "Zarasai District Municipality", "cities": ["Zarasai", "Antalieptė", "Antazavė", "Baltoji Vokė", "Dusetos", "Salakas", "Smėlynė", "Smalvos", "Turmantas"]}
    ]
  },
  {
    "country": "Luxembourg",
    "currencyCode": "EUR",
    "currencyName": "Euro",
    "states": [
      {"name": "Canton of Capellen", "cities": ["Capellen", "Mamer", "Koerich", "Kopstal", "Kehlen", "Septfontaines", "Steinfort"]},
      {"name": "Canton of Clervaux", "cities": ["Clervaux", "Troisvierges", "Weiswampach", "Wincrange", "Parc Hosingen"]},
      {"name": "Canton of Diekirch", "cities": ["Diekirch", "Bettendorf", "Erpeldange", "Ettelbruck", "Feulen", "Mertzig", "Reisdorf", "Schieren"]},
      {"name": "Canton of Echternach", "cities": ["Echternach", "Beaufort", "Berdorf", "Consdorf", "Waldbillig"]},
      {"name": "Canton of Esch-sur-Alzette", "cities": ["Esch-sur-Alzette", "Differdange", "Dudelange", "Frisange", "Kayl", "Leudelange", "Mondercange", "Pétange", "Reckange-sur-Mess", "Roeser", "Rumelange", "Sanem", "Schifflange"]},
      {"name": "Canton of Grevenmacher", "cities": ["Grevenmacher", "Betzdorf", "Biwer", "Flaxweiler", "Junglinster", "Manternach", "Mertert", "Wormeldange"]},
      {"name": "Canton of Luxembourg", "cities": ["Luxembourg", "Hesperange", "Steinsel", "Strassen", "Walferdange", "Weiler-la-Tour"]},
      {"name": "Canton of Mersch", "cities": ["Mersch", "Bissen", "Colmar-Berg", "Fischbach", "Heffingen", "Larochette", "Nommern", "Tuntange"]},
      {"name": "Canton of Redange", "cities": ["Redange", "Beckerich", "Ell", "Grosbous", "Préizerdaul", "Rambrouch", "Saeul", "Useldange", "Vichten", "Wahl"]},
      {"name": "Canton of Remich", "cities": ["Remich", "Bous", "Dalheim", "Lenningen", "Mondorf-les-Bains", "Schengen", "Stadtbredimus", "Waldbredimus"]},
      {"name": "Canton of Vianden", "cities": ["Vianden", "Putscheid", "Tandel"]},
      {"name": "Canton of Wiltz", "cities": ["Wiltz", "Boulaide", "Esch-sur-Sûre", "Goesdorf", "Kiischpelt", "Lac de la Haute-Sûre", "Neunhausen", "Winseler"]}
    ]
  },
  {
    "country": "Madagascar",
    "currencyCode": "MGA",
    "currencyName": "Malagasy Ariary",
    "states": [
      {"name": "Antananarivo Province", "cities": ["Antananarivo", "Ambohidratrimo", "Andramasina", "Anjozorobe", "Ankazobe", "Antananarivo-Atsimondrano", "Antananarivo-Avaradrano", "Antananarivo-Renivohitra", "Manjakandriana"]},
      {"name": "Antsiranana Province", "cities": ["Antsiranana", "Ambilobe", "Andapa", "Antalaha", "Nosy Be", "Sambava", "Vohemar"]},
      {"name": "Fianarantsoa Province", "cities": ["Fianarantsoa", "Ambalavao", "Ambohimahasoa", "Betsileo", "Farafangana", "Iakora", "Ifanadiana", "Ikongo", "Manakara", "Manandriana", "Nosy Varika", "Vangaindrano", "Vondrozo"]},
      {"name": "Mahajanga Province", "cities": ["Mahajanga", "Ambatomainty", "Maevatanana", "Marovoay", "Mitsinjo", "Soalala"]},
      {"name": "Toamasina Province", "cities": ["Toamasina", "Ambatondrazaka", "Brickaville", "Mahanoro", "Mananara", "Maroantsetra", "Sainte-Marie", "Soanierana Ivongo", "Vatomandry"]},
      {"name": "Toliara Province", "cities": ["Toliara", "Ampanihy", "Ankazoabo", "Benenitra", "Betioky", "Morombe", "Morondava", "Sakaraha", "Taolagnaro", "Toliara"]}
    ]
  }
]