[
  {
    "country": "Malawi",
    "currencyCode": "MWK",
    "currencyName": "Malawian Kwacha",
    "states": [
      {"name": "Balaka District", "cities": ["Balaka", "Liwonde", "Machinga", "Ntaja", "Ulongwe"]},
      {"name": "Blantyre District", "cities": ["Blantyre", "Limbe", "Chileka", "Mikolongwe", "Namiwawa", "Ndirande", "South Lunzu", "Zingwangwa"]},
      {"name": "Central Region", "cities": ["Lilongwe", "Dedza", "Dowa", "Kasungu", "Mchinji", "Nkhotakota", "Ntcheu", "Ntchisi", "Salima"]},
      {"name": "Chikwawa District", "cities": ["Chikwawa", "Bangula", "Lengwe", "Makhanga", "Mitole", "Ngabu", "Nchalo"]},
      {"name": "Chiradzulu District", "cities": ["Chiradzulu", "Mpama", "Namadzi", "Ntonda", "Thumbwe"]},
      {"name": "Chitipa District", "cities": ["Chitipa", "Itenge", "Kameme", "Lukulu", "Mwenembe", "Nthalire"]},
      {"name": "Dedza District", "cities": ["Dedza", "Golomoti", "Kabwe", "Lobi", "Mtenthera", "Ntakataka", "Tsangano"]},
      {"name": "Dowa District", "cities": ["Dowa", "Chankhomi", "Kazyo", "Madisi", "Mponela", "Nambuma", "Ntchisi"]},
      {"name": "Karonga District", "cities": ["Karonga", "Kaporo", "Kilupula", "Lupembe", "Mwakalukwa", "Mwenilondo", "Nyungwe"]},
      {"name": "Kasungu District", "cities": ["Kasungu", "Chamama", "Chilowamatambe", "Kachulu", "Lifupa", "Mlale", "Mphela", "Mphomwa", "Msinja", "Ndondi", "Nkhamenya", "Senti", "Sikalamu", "Wimbe"]},
      {"name": "Likoma District", "cities": ["Likoma", "Chizumulu", "Mbamba Bay", "Mbenje", "Mpanda", "Nkhata Bay"]},
      {"name": "Lilongwe District", "cities": ["Lilongwe", "Area 18", "Area 25", "Area 36", "Area 43", "Area 49", "Chileka", "Kawale", "Lumbadzi", "Mtandire", "Nalikule", "Namiwawa", "Nathenje", "Ntandile", "Tsabango"]},
      {"name": "Machinga District", "cities": ["Machinga", "Chamba", "Kawinga", "Liwoyo", "Mikuyu", "Mkwepere", "Naisi", "Namanja", "Nanchidwa", "Nanyumbu", "Ntaja", "Nyambi", "Ulongwe"]},
      {"name": "Mangochi District", "cities": ["Mangochi", "Chipoka", "Koche", "Makawa", "Makanjila", "Malombe", "Mbalachanda", "Mpale", "Mpondasi", "Namwera", "Nankumba", "Ntonda", "Ntundu", "Nyambi", "Salima"]},
      {"name": "Mchinji District", "cities": ["Mchinji", "Chiosya", "Kapiri", "Kasungu", "Mkanda", "Mkwichi", "Mponda", "Mpwapwa", "Nkhoma", "Ntakataka", "Tsangano"]},
      {"name": "Mulanje District", "cities": ["Mulanje", "Chambe", "Chiringa", "Luchenza", "Mikolongwe", "Mpala", "Muloza", "Namasalima", "Nkando", "Phalombe", "Thyolo"]},
      {"name": "Mwanza District", "cities": ["Mwanza", "Kanduku", "Kapichira", "Mpemba", "Neno", "Ntcheu", "Ntonda"]},
      {"name": "Mzimba District", "cities": ["Mzimba", "Champhira", "Ekwendeni", "Embangweni", "Jenda", "Kafukule", "Katowo", "Luwawa", "Mbalachanda", "Mpherembe", "Mzuzu", "Nkhata Bay", "Rumphi", "Viphya"]},
      {"name": "Neno District", "cities": ["Neno", "Chifunga", "Lisungwi", "Matandani", "Mwanza", "Ntcheu"]},
      {"name": "Nkhata Bay District", "cities": ["Nkhata Bay", "Chintheche", "Choma", "Kande", "Likoma", "Mkumbira", "Mlare", "Mphonde", "Mzuzu", "Nkhotakota", "Usisya"]},
      {"name": "Nkhotakota District", "cities": ["Nkhotakota", "Chia", "Dwangwa", "Kafukule", "Kasitu", "Lifu", "Mkango", "Mlare", "Mphonde", "Mpwapwa", "Ntchisi", "Salima"]},
      {"name": "Northern Region", "cities": ["Mzuzu", "Chitipa", "Karonga", "Likoma", "Mzimba", "Nkhata Bay", "Rumphi"]},
      {"name": "Nsanje District", "cities": ["Nsanje", "Bangula", "Fatima", "Lengwe", "Makhanga", "Marka", "Mbenje", "Ndamera", "Ngabu"]},
      {"name": "Ntcheu District", "cities": ["Ntcheu", "Bilira", "Chakhumbira", "Ganya", "Kamenya", "Kasinje", "Mbalachanda", "Mpando", "Mphunzi", "Nsipe", "Ntonda", "Sharpevale", "Tsangano"]},
      {"name": "Ntchisi District", "cities": ["Ntchisi", "Chankhomi", "Kasungu", "Lifupa", "Mlale", "Mphomwa", "Msinja", "Nambuma", "Nkhotakota", "Ntchisi"]},
      {"name": "Phalombe District", "cities": ["Phalombe", "Chiringa", "Mikolongwe", "Mpasa", "Mulanje", "Namasalima", "Nkando", "Thyolo"]},
      {"name": "Rumphi District", "cities": ["Rumphi", "Champhira", "Ekwendeni", "Embangweni", "Henga", "Jenda", "Kafukule", "Katowo", "Luwawa", "Mbalachanda", "Mpherembe", "Mzuzu", "Nkhata Bay", "Viphya"]},
      {"name": "Salima District", "cities": ["Salima", "Chipoka", "Kambalame", "Kambwiri", "Makanjila", "Mbalachanda", "Mpale", "Mpondasi", "Mwanza", "Nankumba", "Ntondwe", "Senga Bay"]},
      {"name": "Southern Region", "cities": ["Blantyre", "Balaka", "Chikwawa", "Chiradzulu", "Machinga", "Mangochi", "Mulanje", "Mwanza", "Neno", "Nsanje", "Phalombe", "Thyolo", "Zomba"]},
      {"name": "Thyolo District", "cities": ["Thyolo", "Bvumbwe", "Chambe", "Chiringa", "Mikolongwe", "Mpasa", "Mulanje", "Namasalima", "Nkando", "Phalombe"]},
      {"name": "Zomba District", "cities": ["Zomba", "Chilwa", "Malosa", "Mpiri", "Mponda", "Naisi", "Nanchidwa", "Nanyumbu", "Ntaja", "Nyambi", "Phalombe", "Ulongwe"]}
    ]
  },
  {
    "country": "Malaysia",
    "currencyCode": "MYR",
    "currencyName": "Malaysian Ringgit",
    "states": [
      {"name": "Johor", "cities": ["Johor Bahru", "Batu Pahat", "Muar", "Segamat", "Kluang", "Kota Tinggi", "Pontian", "Mersing", "Kulai", "Tangkak", "Gelang Patah", "Ulu Tiram", "Senai", "Pasir Gudang", "Bukit Indah", "Taman Universiti", "Skudai", "Kempas"]},
      {"name": "Kedah", "cities": ["Alor Setar", "Sungai Petani", "Kulim", "Jitra", "Baling", "Bandar Baharu", "Kota Setar", "Kuala Muda", "Kubang Pasu", "Kulim", "Langkawi", "Padang Terap", "Pendang", "Sik", "Yan", "Pokok Sena", "Bandaraya"]},
      {"name": "Kelantan", "cities": ["Kota Bharu", "Pasir Mas", "Tumpat", "Bachok", "Pasir Puteh", "Machang", "Tanah Merah", "Jeli", "Kuala Krai", "Gua Musang", "Ketereh", "Peringat", "Wakaf Bharu", "Melor", "Kadok"]},
      {"name": "Kuala Lumpur", "cities": ["Kuala Lumpur", "Ampang", "Batu", "Brickfields", "Bukit Bintang", "Cheras", "Damansara", "Desa Petaling", "Dutamas", "Jinjang", "Kepong", "Keramat", "Kl Sentral", "Lembah Pantai", "Mont Kiara", "Pudu", "Segambut", "Sentul", "Setapak", "Sri Hartamas", "Sungai Besi", "Taman Desa", "Titiwangsa", "Wangsa Maju"]},
      {"name": "Labuan", "cities": ["Victoria", "Batu Manikar", "Kiamsam", "Layang-Layang", "Bukit Kalam", "Durian Tunjong", "Gersik", "Sungai Keling", "Sungai Labu", "Sungai Lada", "Sungai Miri", "Tanjung Aru", "Tanjung Kubong"]},
      {"name": "Malacca", "cities": ["Malacca City", "Alor Gajah", "Jasin", "Masjid Tanah", "Merlimau", "Sungai Udang", "Batu Berendam", "Bukit Baru", "Bukit Katil", "Cheng", "Durian Tunggal", "Klebang", "Kuala Sungai Baru", "Lubuk China", "Paya Rumput", "Peringgit", "Telok Mas", "Ujong Pasir"]},
      {"name": "Negeri Sembilan", "cities": ["Seremban", "Port Dickson", "Nilai", "Bahau", "Tampin", "Kuala Pilah", "Rembau", "Jempol", "Gemas", "Mantin", "Senawang", "Bukit Kepayang", "Labu", "Lenggeng", "Lukut", "Pedas", "Rantau", "Simpang Durian", "Sri Menanti"]},
      {"name": "Pahang", "cities": ["Kuantan", "Temerloh", "Bentong", "Mentakab", "Raub", "Jerantut", "Pekan", "Kuala Lipis", "Bandar Tun Razak", "Bukit Fraser", "Gambang", "Genting Highlands", "Karak", "Kuala Rompin", "Lanchang", "Muadzam Shah", "Nenasi", "Panching", "Sungai Lembing", "Tanah Rata"]},
      {"name": "Penang", "cities": ["George Town", "Butterworth", "Bukit Mertajam", "Bayan Lepas", "Nibong Tebal", "Permatang Pauh", "Tanjung Bungah", "Tanjung Tokong", "Batu Ferringhi", "Batu Maung", "Bayan Baru", "Gelugor", "Jelutong", "Kepala Batas", "Paya Terubong", "Perai", "Seberang Jaya", "Sungai Ara", "Sungai Dua", "Tasek Gelugor"]},
      {"name": "Perak", "cities": ["Ipoh", "Taiping", "Sitiawan", "Simpang Empat", "Teluk Intan", "Batu Gajah", "Lumut", "Kampung Koh", "Kuala Kangsar", "Sungai Siput", "Tapah", "Bidor", "Parit Buntar", "Ayer Tawar", "Bagan Serai", "Kampar", "Pantai Remis", "Selama", "Tanjung Malim", "Teluk Intan"]},
      {"name": "Perlis", "cities": ["Kangar", "Arau", "Kaki Bukit", "Kuala Perlis", "Mata Ayer", "Padang Besar", "Sanglang", "Simpang Empat", "Titi Tinggi"]},
      {"name": "Putrajaya", "cities": ["Putrajaya", "Precinct 1", "Precinct 2", "Precinct 3", "Precinct 4", "Precinct 5", "Precinct 6", "Precinct 7", "Precinct 8", "Precinct 9", "Precinct 10", "Precinct 11", "Precinct 12", "Precinct 13", "Precinct 14", "Precinct 15", "Precinct 16", "Precinct 17", "Precinct 18", "Precinct 19", "Precinct 20"]},
      {"name": "Sabah", "cities": ["Kota Kinabalu", "Sandakan", "Tawau", "Lahad Datu", "Keningau", "Kudat", "Semporna", "Ranau", "Beaufort", "Kinarut", "Papar", "Tambunan", "Tenom", "Tuaran", "Pitas", "Nabawan", "Sipitang", "Telupid", "Kota Belud", "Kota Marudu", "Kunak", "Pensiangan", "Tongod"]},
      {"name": "Sarawak", "cities": ["Kuching", "Miri", "Sibu", "Bintulu", "Limbang", "Sarikei", "Sri Aman", "Kapit", "Samarahan", "Betong", "Mukah", "Serian", "Julau", "Lubok Antu", "Marudi", "Matu", "Song", "Belaga", "Dalat", "Daro", "Debak", "Kanowit", "Kuala Baram", "Lawas", "Long Lama", "Nanga Medamit", "Sebauh", "Sibuti", "Simunjan", "Sungai Tujuh", "Tatau"]},
      {"name": "Selangor", "cities": ["Shah Alam", "Petaling Jaya", "Subang Jaya", "Klang", "Ampang", "Bangi", "Banting", "Batang Kali", "Batu Arang", "Batu Caves", "Beranang", "Bestari Jaya", "Bukit Beruntung", "Bukit Raja", "Bukit Rotan", "Cheras", "Cyberjaya", "Dengkil", "Gombak", "Jenjarom", "Kajang", "Kapar", "Kuala Kubu Bharu", "Kuala Selangor", "Kuang", "Lagong", "Morib", "Pandamaran", "Paya Jaras", "Port Klang", "Puchong", "Rasa", "Rawang", "Sabak Bernam", "Salak Tinggi", "Selayang", "Semenyih", "Sepang", "Serendah", "Seri Kembangan", "Setia Alam", "Sungai Besar", "Sungai Buloh", "Sungai Pelek", "Tanjung Karang", "Tanjung Sepat", "Telok Datok", "Ulu Klang", "Ulu Yam"]},
      {"name": "Terengganu", "cities": ["Kuala Terengganu", "Kemaman", "Dungun", "Marang", "Hulu Terengganu", "Setiu", "Besut", "Kuala Berang", "Kuala Dungun", "Kuala Nerus", "Kertih", "Paka", "Chukai", "Ajil", "Bukit Besi", "Jertih", "Kampung Raja", "Kijal", "Permaisuri", "Rantau Abang", "Teluk Kalung"]}
    ]
  },
  {
    "country": "Maldives",
    "currencyCode": "MVR",
    "currencyName": "Maldivian Rufiyaa",
    "states": [
      {"name": "Alif Alif Atoll", "cities": ["Rasdhoo", "Ukulhas", "Mathiveri", "Bodufolhudhoo", "Feridhoo", "Maalhos", "Himandhoo"]},
      {"name": "Alif Dhaal Atoll", "cities": ["Mahibadhoo", "Dhangethi", "Dhiddhoo", "Hangnaameedhoo", "Kunburudhoo", "Maamingili", "Mandhoo", "Omadhoo"]},
      {"name": "Baa Atoll", "cities": ["Eydhafushi", "Dharavandhoo", "Kendhoo", "Kihaadhoo", "Kudarikilu", "Landhoo", "Thulhaadhoo"]},
      {"name": "Dhaalu Atoll", "cities": ["Kudahuvadhoo", "Bandidhoo", "Gemendhoo", "Hulhudheli", "Maaenboodhoo", "Meedhoo", "Rinbudhoo", "Vaanee"]},
      {"name": "Faafu Atoll", "cities": ["Nilandhoo", "Bileddhoo", "Dharanboodhoo", "Filitheyo", "Magoodhoo", "Nilandhoo"]},
      {"name": "Gaafu Alif Atoll", "cities": ["Villingili", "Dhaandhoo", "Dhevvadhoo", "Gemanafushi", "Kondey", "Maamendhoo", "Nilandhoo", "Villingili"]},
      {"name": "Gaafu Dhaalu Atoll", "cities": ["Thinadhoo", "Fiyoari", "Gadhdhoo", "Hoandeddhoo", "Madaveli", "Nadellaa", "Rathafandhoo", "Vandhoo"]},
      {"name": "Gnaviyani Atoll", "cities": ["Fuvahmulah", "Dhadimagu", "Dhiguvaandu", "Funaadu", "Hoadhadu", "Maalegan", "Miskimmagu"]},
      {"name": "Haa Alif Atoll", "cities": ["Dhiddhoo", "Filladhoo", "Hoarafushi", "Ihavandhoo", "Kelaa", "Maarandhoo", "Mulhadhoo", "Muraidhoo", "Thakandhoo", "Utheem", "Vashafaru"]},
      {"name": "Haa Dhaalu Atoll", "cities": ["Kulhudhuffushi", "Finey", "Hanimaadhoo", "Hirimaradhoo", "Kumundhoo", "Kurinbi", "Makunudhoo", "Naivaadhoo", "Nellaidhoo", "Neykurendhoo", "Nolhivaram", "Nolhivaranfaru", "Vaikaradhoo"]},
      {"name": "Kaafu Atoll", "cities": ["Malé", "Thulusdhoo", "Dhiffushi", "Gaafaru", "Gulhi", "Guraidhoo", "Himmafushi", "Huraa", "Kaashidhoo", "Maafushi", "Thilafushi"]},
      {"name": "Laamu Atoll", "cities": ["Fonadhoo", "Dhanbidhoo", "Gaadhoo", "Gan", "Hithadhoo", "Isdhoo", "Kalaidhoo", "Kunahandhoo", "Maabaidhoo", "Maamendhoo", "Maavah", "Mundoo"]},
      {"name": "Lhaviyani Atoll", "cities": ["Naifaru", "Hinnavaru", "Kurendhoo", "Olhuvelifushi", "Maafilaafushi"]},
      {"name": "Malé", "cities": ["Malé", "Hulhumalé", "Villingili"]},
      {"name": "Meemu Atoll", "cities": ["Muli", "Dhiggaru", "Kolhufushi", "Maduvvaree", "Mulah", "Raimandhoo", "Veyvah"]},
      {"name": "Noonu Atoll", "cities": ["Manadhoo", "Foddhoo", "Henbandhoo", "Holhudhoo", "Kendhikolhudhoo", "Kudafaree", "Landhoo", "Lhohi", "Maafaru", "Magoodhoo", "Miladhoo"]},
      {"name": "Raa Atoll", "cities": ["Ungoofaaru", "Alifushi", "Angolhitheemu", "Fainu", "Hulhudhuffaaru", "Inguraidhoo", "Innamaadhoo", "Kandholhudhoo", "Kinolhas", "Maakurathu", "Maduvvaree", "Meedhoo", "Rasgetheemu", "Rasmaadhoo", "Vaadhoo"]},
      {"name": "Seenu Atoll", "cities": ["Hithadhoo", "Feydhoo", "Maradhoo", "Maradhoo-Feydhoo", "Meedhoo"]},
      {"name": "Shaviyani Atoll", "cities": ["Funadhoo", "Bileffahi", "Feevah", "Feydhoo", "Foakaidhoo", "Goidhoo", "Kanditheemu", "Komandoo", "Lhaimagu", "Maaungoodhoo", "Maroshi", "Narudhoo", "Noomaraa"]},
      {"name": "Thaa Atoll", "cities": ["Veymandoo", "Burunee", "Dhiyamingili", "Gaadhiffushi", "Guraidhoo", "Hirilandhoo", "Kandoodhoo", "Kinbidhoo", "Madifushi", "Omadhoo", "Thimarafushi", "Vandhoo"]},
      {"name": "Vaavu Atoll", "cities": ["Felidhoo", "Fulidhoo", "Keyodhoo", "Rakeedhoo", "Thinadhoo"]}
    ]
  }
]