[
  {
    "block_countries href": "https://www.worldcitiesdatabase.eu/Afghanistan.php",
    "block_countries": "Afghanistan"
  },
  {
    "block_countries href": "https://www.worldcitiesdatabase.eu/Aland_Islands.php",
    "block_countries": "Aland_Islands"
  },
  {
    "block_countries href": "https://www.worldcitiesdatabase.eu/Albania.php",
    "block_countries": "Albania"
  },
  {
    "block_countries href": "https://www.worldcitiesdatabase.eu/Algeria.php",
    "block_countries": "Algeria"
  },
  {
    "block_countries href": "https://www.worldcitiesdatabase.eu/American_Samoa.php",
    "block_countries": "American_Samoa"
  },
  {
    "block_countries href": "https://www.worldcitiesdatabase.eu/Andorra.php",
    "block_countries": "Andorra"
  },
  {
    "block_countries href": "https://www.worldcitiesdatabase.eu/Angola.php",
    "block_countries": "Angola"
  },
  {
    "block_countries href": "https://www.worldcitiesdatabase.eu/Anguilla.php",
    "block_countries": "Anguilla"
  },
  {
    "block_countries href": "https://www.worldcitiesdatabase.eu/Antarctica.php",
    "block_countries": "Antarctica"
  },
  {
    "block_countries href": "https://www.worldcitiesdatabase.eu/Antigua_and_Barbuda.php",
    "block_countries": "Antigua_and_Barbuda"
  },
  {
    "block_countries href": "https://www.worldcitiesdatabase.eu/Argentina.php",
    "block_countries": "Argentina"
  },
  {
    "block_countries href": "https://www.worldcitiesdatabase.eu/Armenia.php",
    "block_countries": "Armenia"
  },
  {
    "block_countries href": "https://www.worldcitiesdatabase.eu/Aruba.php",
    "block_countries": "Aruba"
  },
  {
    "block_countries href": "https://www.worldcitiesdatabase.eu/Australia.php",
    "block_countries": "Australia"
  },
  {
    "block_countries href": "https://www.worldcitiesdatabase.eu/Austria.php",
    "block_countries": "Austria"
  },
  {
    "block_countries href": "https://www.worldcitiesdatabase.eu/Azerbaijan.php",
    "block_countries": "Azerbaijan"
  },
  {
    "block_countries href": "https://www.worldcitiesdatabase.eu/Bahamas.php",
    "block_countries": "Bahamas"
  },
  {
    "block_countries href": "https://www.worldcitiesdatabase.eu/Bahrain.php",
    "block_countries": "Bahrain"
  },
  {
    "block_countries href": "https://www.worldcitiesdatabase.eu/Bangladesh.php",
    "block_countries": "Bangladesh"
  },
  {
    "block_countries href": "https://www.worldcitiesdatabase.eu/Barbados.php",
    "block_countries": "Barbados"
  },
  {
    "block_countries href": "https://www.worldcitiesdatabase.eu/Belarus.php",
    "block_countries": "Belarus"
  },
  {
    "block_countries href": "https://www.worldcitiesdatabase.eu/Belgium.php",
    "block_countries": "Belgium"
  },
  {
    "block_countries href": "https://www.worldcitiesdatabase.eu/Belize.php",
    "block_countries": "Belize"
  },
  {
    "block_countries href": "https://www.worldcitiesdatabase.eu/Benin.php",
    "block_countries": "Benin"
  },
  {
    "block_countries href": "https://www.worldcitiesdatabase.eu/Bermuda.php",
    "block_countries": "Bermuda"
  },
  {
    "block_countries href": "https://www.worldcitiesdatabase.eu/Bhutan.php",
    "block_countries": "Bhutan"
  },
  {
    "block_countries href": "https://www.worldcitiesdatabase.eu/Bolivia.php",
    "block_countries": "Bolivia"
  },
  {
    "block_countries href": "https://www.worldcitiesdatabase.eu/Bonaire_Saint_Eustatius_and_Saba_.php",
    "block_countries": "Bonaire_Saint_Eustatius_and_Saba_"
  },
  {
    "block_countries href": "https://www.worldcitiesdatabase.eu/Bosnia_and_Herzegovina.php",
    "block_countries": "Bosnia_and_Herzegovina"
  },
  {
    "block_countries href": "https://www.worldcitiesdatabase.eu/Botswana.php",
    "block_countries": "Botswana"
  },
  {
    "block_countries href": "https://www.worldcitiesdatabase.eu/Brazil.php",
    "block_countries": "Brazil"
  },
  {
    "block_countries href": "https://www.worldcitiesdatabase.eu/British_Virgin_Islands.php",
    "block_countries": "British_Virgin_Islands"
  },
  {
    "block_countries href": "https://www.worldcitiesdatabase.eu/Brunei.php",
    "block_countries": "Brunei"
  },
  {
    "block_countries href": "https://www.worldcitiesdatabase.eu/Bulgaria.php",
    "block_countries": "Bulgaria"
  },
  {
    "block_countries href": "https://www.worldcitiesdatabase.eu/Burkina_Faso.php",
    "block_countries": "Burkina_Faso"
  },
  {
    "block_countries href": "https://www.worldcitiesdatabase.eu/Burundi.php",
    "block_countries": "Burundi"
  },
  {
    "block_countries href": "https://www.worldcitiesdatabase.eu/Cabo_Verde.php",
    "block_countries": "Cabo_Verde"
  },
  {
    "block_countries href": "https://www.worldcitiesdatabase.eu/Cambodia.php",
    "block_countries": "Cambodia"
  },
  {
    "block_countries href": "https://www.worldcitiesdatabase.eu/Cameroon.php",
    "block_countries": "Cameroon"
  },
  {
    "block_countries href": "https://www.worldcitiesdatabase.eu/Canada.php",
    "block_countries": "Canada"
  },
  {
    "block_countries href": "https://www.worldcitiesdatabase.eu/Cayman_Islands.php",
    "block_countries": "Cayman_Islands"
  },
  {
    "block_countries href": "https://www.worldcitiesdatabase.eu/Central_African_Republic.php",
    "block_countries": "Central_African_Republic"
  },
  {
    "block_countries href": "https://www.worldcitiesdatabase.eu/Chad.php",
    "block_countries": "Chad"
  },
  {
    "block_countries href": "https://www.worldcitiesdatabase.eu/Chile.php",
    "block_countries": "Chile"
  },
  {
    "block_countries href": "https://www.worldcitiesdatabase.eu/China.php",
    "block_countries": "China"
  },
  {
    "block_countries href": "https://www.worldcitiesdatabase.eu/Christmas_Island.php",
    "block_countries": "Christmas_Island"
  },
  {
    "block_countries href": "https://www.worldcitiesdatabase.eu/Cocos_Islands.php",
    "block_countries": "Cocos_Islands"
  },
  {
    "block_countries href": "https://www.worldcitiesdatabase.eu/Colombia.php",
    "block_countries": "Colombia"
  },
  {
    "block_countries href": "https://www.worldcitiesdatabase.eu/Comoros.php",
    "block_countries": "Comoros"
  },
  {
    "block_countries href": "https://www.worldcitiesdatabase.eu/Cook_Islands.php",
    "block_countries": "Cook_Islands"
  },
  {
    "block_countries href": "https://www.worldcitiesdatabase.eu/Costa_Rica.php",
    "block_countries": "Costa_Rica"
  },
  {
    "block_countries href": "https://www.worldcitiesdatabase.eu/Croatia.php",
    "block_countries": "Croatia"
  },
  {
    "block_countries href": "https://www.worldcitiesdatabase.eu/Cuba.php",
    "block_countries": "Cuba"
  },
  {
    "block_countries href": "https://www.worldcitiesdatabase.eu/Curacao.php",
    "block_countries": "Curacao"
  },
  {
    "block_countries href": "https://www.worldcitiesdatabase.eu/Cyprus.php",
    "block_countries": "Cyprus"
  },
  {
    "block_countries href": "https://www.worldcitiesdatabase.eu/Czechia.php",
    "block_countries": "Czechia"
  },
  {
    "block_countries href": "https://www.worldcitiesdatabase.eu/Democratic_Republic_of_the_Congo.php",
    "block_countries": "Democratic_Republic_of_the_Congo"
  },
  {
    "block_countries href": "https://www.worldcitiesdatabase.eu/Denmark.php",
    "block_countries": "Denmark"
  },
  {
    "block_countries href": "https://www.worldcitiesdatabase.eu/Djibouti.php",
    "block_countries": "Djibouti"
  },
  {
    "block_countries href": "https://www.worldcitiesdatabase.eu/Dominica.php",
    "block_countries": "Dominica"
  },
  {
    "block_countries href": "https://www.worldcitiesdatabase.eu/Dominican_Republic.php",
    "block_countries": "Dominican_Republic"
  },
  {
    "block_countries href": "https://www.worldcitiesdatabase.eu/Ecuador.php",
    "block_countries": "Ecuador"
  },
  {
    "block_countries href": "https://www.worldcitiesdatabase.eu/Egypt.php",
    "block_countries": "Egypt"
  },
  {
    "block_countries href": "https://www.worldcitiesdatabase.eu/El_Salvador.php",
    "block_countries": "El_Salvador"
  },
  {
    "block_countries href": "https://www.worldcitiesdatabase.eu/Equatorial_Guinea.php",
    "block_countries": "Equatorial_Guinea"
  },
  {
    "block_countries href": "https://www.worldcitiesdatabase.eu/Eritrea.php",
    "block_countries": "Eritrea"
  },
  {
    "block_countries href": "https://www.worldcitiesdatabase.eu/Estonia.php",
    "block_countries": "Estonia"
  },
  {
    "block_countries href": "https://www.worldcitiesdatabase.eu/Eswatini.php",
    "block_countries": "Eswatini"
  },
  {
    "block_countries href": "https://www.worldcitiesdatabase.eu/Ethiopia.php",
    "block_countries": "Ethiopia"
  },
  {
    "block_countries href": "https://www.worldcitiesdatabase.eu/Falkland_Islands.php",
    "block_countries": "Falkland_Islands"
  },
  {
    "block_countries href": "https://www.worldcitiesdatabase.eu/Faroe_Islands.php",
    "block_countries": "Faroe_Islands"
  },
  {
    "block_countries href": "https://www.worldcitiesdatabase.eu/Fiji.php",
    "block_countries": "Fiji"
  },
  {
    "block_countries href": "https://www.worldcitiesdatabase.eu/Finland.php",
    "block_countries": "Finland"
  },
  {
    "block_countries href": "https://www.worldcitiesdatabase.eu/France.php",
    "block_countries": "France"
  },
  {
    "block_countries href": "https://www.worldcitiesdatabase.eu/French_Guiana.php",
    "block_countries": "French_Guiana"
  },
  {
    "block_countries href": "https://www.worldcitiesdatabase.eu/French_Polynesia.php",
    "block_countries": "French_Polynesia"
  },
  {
    "block_countries href": "https://www.worldcitiesdatabase.eu/French_Southern_Territories.php",
    "block_countries": "French_Southern_Territories"
  },
  {
    "block_countries href": "https://www.worldcitiesdatabase.eu/Gabon.php",
    "block_countries": "Gabon"
  },
  {
    "block_countries href": "https://www.worldcitiesdatabase.eu/Gambia.php",
    "block_countries": "Gambia"
  },
  {
    "block_countries href": "https://www.worldcitiesdatabase.eu/Georgia.php",
    "block_countries": "Georgia"
  },
  {
    "block_countries href": "https://www.worldcitiesdatabase.eu/Germany.php",
    "block_countries": "Germany"
  },
  {
    "block_countries href": "https://www.worldcitiesdatabase.eu/Ghana.php",
    "block_countries": "Ghana"
  },
  {
    "block_countries href": "https://www.worldcitiesdatabase.eu/Gibraltar.php",
    "block_countries": "Gibraltar"
  },
  {
    "block_countries href": "https://www.worldcitiesdatabase.eu/Greece.php",
    "block_countries": "Greece"
  },
  {
    "block_countries href": "https://www.worldcitiesdatabase.eu/Greenland.php",
    "block_countries": "Greenland"
  },
  {
    "block_countries href": "https://www.worldcitiesdatabase.eu/Grenada.php",
    "block_countries": "Grenada"
  },
  {
    "block_countries href": "https://www.worldcitiesdatabase.eu/Guadeloupe.php",
    "block_countries": "Guadeloupe"
  },
  {
    "block_countries href": "https://www.worldcitiesdatabase.eu/Guam.php",
    "block_countries": "Guam"
  },
  {
    "block_countries href": "https://www.worldcitiesdatabase.eu/Guatemala.php",
    "block_countries": "Guatemala"
  },
  {
    "block_countries href": "https://www.worldcitiesdatabase.eu/Guernsey.php",
    "block_countries": "Guernsey"
  },
  {
    "block_countries href": "https://www.worldcitiesdatabase.eu/Guinea.php",
    "block_countries": "Guinea"
  },
  {
    "block_countries href": "https://www.worldcitiesdatabase.eu/Guinea_Bissau.php",
    "block_countries": "Guinea_Bissau"
  },
  {
    "block_countries href": "https://www.worldcitiesdatabase.eu/Guyana.php",
    "block_countries": "Guyana"
  },
  {
    "block_countries href": "https://www.worldcitiesdatabase.eu/Haiti.php",
    "block_countries": "Haiti"
  },
  {
    "block_countries href": "https://www.worldcitiesdatabase.eu/Honduras.php",
    "block_countries": "Honduras"
  },
  {
    "block_countries href": "https://www.worldcitiesdatabase.eu/Hong_Kong.php",
    "block_countries": "Hong_Kong"
  },
  {
    "block_countries href": "https://www.worldcitiesdatabase.eu/Hungary.php",
    "block_countries": "Hungary"
  },
  {
    "block_countries href": "https://www.worldcitiesdatabase.eu/Iceland.php",
    "block_countries": "Iceland"
  },
  {
    "block_countries href": "https://www.worldcitiesdatabase.eu/India.php",
    "block_countries": "India"
  },
  {
    "block_countries href": "https://www.worldcitiesdatabase.eu/Indonesia.php",
    "block_countries": "Indonesia"
  },
  {
    "block_countries href": "https://www.worldcitiesdatabase.eu/Iran.php",
    "block_countries": "Iran"
  },
  {
    "block_countries href": "https://www.worldcitiesdatabase.eu/Iraq.php",
    "block_countries": "Iraq"
  },
  {
    "block_countries href": "https://www.worldcitiesdatabase.eu/Ireland.php",
    "block_countries": "Ireland"
  },
  {
    "block_countries href": "https://www.worldcitiesdatabase.eu/Isle_of_Man.php",
    "block_countries": "Isle_of_Man"
  },
  {
    "block_countries href": "https://www.worldcitiesdatabase.eu/Israel.php",
    "block_countries": "Israel"
  },
  {
    "block_countries href": "https://www.worldcitiesdatabase.eu/Italy.php",
    "block_countries": "Italy"
  },
  {
    "block_countries href": "https://www.worldcitiesdatabase.eu/Ivory_Coast.php",
    "block_countries": "Ivory_Coast"
  },
  {
    "block_countries href": "https://www.worldcitiesdatabase.eu/Jamaica.php",
    "block_countries": "Jamaica"
  },
  {
    "block_countries href": "https://www.worldcitiesdatabase.eu/Japan.php",
    "block_countries": "Japan"
  },
  {
    "block_countries href": "https://www.worldcitiesdatabase.eu/Jersey.php",
    "block_countries": "Jersey"
  },
  {
    "block_countries href": "https://www.worldcitiesdatabase.eu/Jordan.php",
    "block_countries": "Jordan"
  },
  {
    "block_countries href": "https://www.worldcitiesdatabase.eu/Kazakhstan.php",
    "block_countries": "Kazakhstan"
  },
  {
    "block_countries href": "https://www.worldcitiesdatabase.eu/Kenya.php",
    "block_countries": "Kenya"
  },
  {
    "block_countries href": "https://www.worldcitiesdatabase.eu/Kiribati.php",
    "block_countries": "Kiribati"
  },
  {
    "block_countries href": "https://www.worldcitiesdatabase.eu/Kosovo.php",
    "block_countries": "Kosovo"
  },
  {
    "block_countries href": "https://www.worldcitiesdatabase.eu/Kuwait.php",
    "block_countries": "Kuwait"
  },
  {
    "block_countries href": "https://www.worldcitiesdatabase.eu/Kyrgyzstan.php",
    "block_countries": "Kyrgyzstan"
  },
  {
    "block_countries href": "https://www.worldcitiesdatabase.eu/Laos.php",
    "block_countries": "Laos"
  },
  {
    "block_countries href": "https://www.worldcitiesdatabase.eu/Latvia.php",
    "block_countries": "Latvia"
  },
  {
    "block_countries href": "https://www.worldcitiesdatabase.eu/Lebanon.php",
    "block_countries": "Lebanon"
  },
  {
    "block_countries href": "https://www.worldcitiesdatabase.eu/Lesotho.php",
    "block_countries": "Lesotho"
  },
  {
    "block_countries href": "https://www.worldcitiesdatabase.eu/Liberia.php",
    "block_countries": "Liberia"
  },
  {
    "block_countries href": "https://www.worldcitiesdatabase.eu/Libya.php",
    "block_countries": "Libya"
  },
  {
    "block_countries href": "https://www.worldcitiesdatabase.eu/Liechtenstein.php",
    "block_countries": "Liechtenstein"
  },
  {
    "block_countries href": "https://www.worldcitiesdatabase.eu/Lithuania.php",
    "block_countries": "Lithuania"
  },
  {
    "block_countries href": "https://www.worldcitiesdatabase.eu/Luxembourg.php",
    "block_countries": "Luxembourg"
  },
  {
    "block_countries href": "https://www.worldcitiesdatabase.eu/Macao.php",
    "block_countries": "Macao"
  },
  {
    "block_countries href": "https://www.worldcitiesdatabase.eu/Madagascar.php",
    "block_countries": "Madagascar"
  },
  {
    "block_countries href": "https://www.worldcitiesdatabase.eu/Malawi.php",
    "block_countries": "Malawi"
  },
  {
    "block_countries href": "https://www.worldcitiesdatabase.eu/Malaysia.php",
    "block_countries": "Malaysia"
  },
  {
    "block_countries href": "https://www.worldcitiesdatabase.eu/Maldives.php",
    "block_countries": "Maldives"
  },
  {
    "block_countries href": "https://www.worldcitiesdatabase.eu/Mali.php",
    "block_countries": "Mali"
  },
  {
    "block_countries href": "https://www.worldcitiesdatabase.eu/Malta.php",
    "block_countries": "Malta"
  },
  {
    "block_countries href": "https://www.worldcitiesdatabase.eu/Marshall_Islands.php",
    "block_countries": "Marshall_Islands"
  },
  {
    "block_countries href": "https://www.worldcitiesdatabase.eu/Martinique.php",
    "block_countries": "Martinique"
  },
  {
    "block_countries href": "https://www.worldcitiesdatabase.eu/Mauritania.php",
    "block_countries": "Mauritania"
  },
  {
    "block_countries href": "https://www.worldcitiesdatabase.eu/Mauritius.php",
    "block_countries": "Mauritius"
  },
  {
    "block_countries href": "https://www.worldcitiesdatabase.eu/Mayotte.php",
    "block_countries": "Mayotte"
  },
  {
    "block_countries href": "https://www.worldcitiesdatabase.eu/Mexico.php",
    "block_countries": "Mexico"
  },
  {
    "block_countries href": "https://www.worldcitiesdatabase.eu/Micronesia.php",
    "block_countries": "Micronesia"
  },
  {
    "block_countries href": "https://www.worldcitiesdatabase.eu/Moldova.php",
    "block_countries": "Moldova"
  },
  {
    "block_countries href": "https://www.worldcitiesdatabase.eu/Mongolia.php",
    "block_countries": "Mongolia"
  },
  {
    "block_countries href": "https://www.worldcitiesdatabase.eu/Montenegro.php",
    "block_countries": "Montenegro"
  },
  {
    "block_countries href": "https://www.worldcitiesdatabase.eu/Montserrat.php",
    "block_countries": "Montserrat"
  },
  {
    "block_countries href": "https://www.worldcitiesdatabase.eu/Morocco.php",
    "block_countries": "Morocco"
  },
  {
    "block_countries href": "https://www.worldcitiesdatabase.eu/Mozambique.php",
    "block_countries": "Mozambique"
  },
  {
    "block_countries href": "https://www.worldcitiesdatabase.eu/Myanmar.php",
    "block_countries": "Myanmar"
  },
  {
    "block_countries href": "https://www.worldcitiesdatabase.eu/Namibia.php",
    "block_countries": "Namibia"
  },
  {
    "block_countries href": "https://www.worldcitiesdatabase.eu/Nauru.php",
    "block_countries": "Nauru"
  },
  {
    "block_countries href": "https://www.worldcitiesdatabase.eu/Nepal.php",
    "block_countries": "Nepal"
  },
  {
    "block_countries href": "https://www.worldcitiesdatabase.eu/Netherlands.php",
    "block_countries": "Netherlands"
  },
  {
    "block_countries href": "https://www.worldcitiesdatabase.eu/New_Caledonia.php",
    "block_countries": "New_Caledonia"
  },
  {
    "block_countries href": "https://www.worldcitiesdatabase.eu/New_Zealand.php",
    "block_countries": "New_Zealand"
  },
  {
    "block_countries href": "https://www.worldcitiesdatabase.eu/Nicaragua.php",
    "block_countries": "Nicaragua"
  },
  {
    "block_countries href": "https://www.worldcitiesdatabase.eu/Niger.php",
    "block_countries": "Niger"
  },
  {
    "block_countries href": "https://www.worldcitiesdatabase.eu/Nigeria.php",
    "block_countries": "Nigeria"
  },
  {
    "block_countries href": "https://www.worldcitiesdatabase.eu/Niue.php",
    "block_countries": "Niue"
  },
  {
    "block_countries href": "https://www.worldcitiesdatabase.eu/Norfolk_Island.php",
    "block_countries": "Norfolk_Island"
  },
  {
    "block_countries href": "https://www.worldcitiesdatabase.eu/North_Korea.php",
    "block_countries": "North_Korea"
  },
  {
    "block_countries href": "https://www.worldcitiesdatabase.eu/North_Macedonia.php",
    "block_countries": "North_Macedonia"
  },
  {
    "block_countries href": "https://www.worldcitiesdatabase.eu/Northern_Mariana_Islands.php",
    "block_countries": "Northern_Mariana_Islands"
  },
  {
    "block_countries href": "https://www.worldcitiesdatabase.eu/Norway.php",
    "block_countries": "Norway"
  },
  {
    "block_countries href": "https://www.worldcitiesdatabase.eu/Oman.php",
    "block_countries": "Oman"
  },
  {
    "block_countries href": "https://www.worldcitiesdatabase.eu/Pakistan.php",
    "block_countries": "Pakistan"
  },
  {
    "block_countries href": "https://www.worldcitiesdatabase.eu/Palau.php",
    "block_countries": "Palau"
  },
  {
    "block_countries href": "https://www.worldcitiesdatabase.eu/Palestinian_Territory.php",
    "block_countries": "Palestinian_Territory"
  },
  {
    "block_countries href": "https://www.worldcitiesdatabase.eu/Panama.php",
    "block_countries": "Panama"
  },
  {
    "block_countries href": "https://www.worldcitiesdatabase.eu/Papua_New_Guinea.php",
    "block_countries": "Papua_New_Guinea"
  },
  {
    "block_countries href": "https://www.worldcitiesdatabase.eu/Paraguay.php",
    "block_countries": "Paraguay"
  },
  {
    "block_countries href": "https://www.worldcitiesdatabase.eu/Peru.php",
    "block_countries": "Peru"
  },
  {
    "block_countries href": "https://www.worldcitiesdatabase.eu/Philippines.php",
    "block_countries": "Philippines"
  },
  {
    "block_countries href": "https://www.worldcitiesdatabase.eu/Pitcairn.php",
    "block_countries": "Pitcairn"
  },
  {
    "block_countries href": "https://www.worldcitiesdatabase.eu/Poland.php",
    "block_countries": "Poland"
  },
  {
    "block_countries href": "https://www.worldcitiesdatabase.eu/Portugal.php",
    "block_countries": "Portugal"
  },
  {
    "block_countries href": "https://www.worldcitiesdatabase.eu/Puerto_Rico.php",
    "block_countries": "Puerto_Rico"
  },
  {
    "block_countries href": "https://www.worldcitiesdatabase.eu/Qatar.php",
    "block_countries": "Qatar"
  },
  {
    "block_countries href": "https://www.worldcitiesdatabase.eu/Republic_of_the_Congo.php",
    "block_countries": "Republic_of_the_Congo"
  },
  {
    "block_countries href": "https://www.worldcitiesdatabase.eu/Reunion.php",
    "block_countries": "Reunion"
  },
  {
    "block_countries href": "https://www.worldcitiesdatabase.eu/Romania.php",
    "block_countries": "Romania"
  },
  {
    "block_countries href": "https://www.worldcitiesdatabase.eu/Russia.php",
    "block_countries": "Russia"
  },
  {
    "block_countries href": "https://www.worldcitiesdatabase.eu/Rwanda.php",
    "block_countries": "Rwanda"
  },
  {
    "block_countries href": "https://www.worldcitiesdatabase.eu/Saint_Barthelemy.php",
    "block_countries": "Saint_Barthelemy"
  },
  {
    "block_countries href": "https://www.worldcitiesdatabase.eu/Saint_Helena.php",
    "block_countries": "Saint_Helena"
  },
  {
    "block_countries href": "https://www.worldcitiesdatabase.eu/Saint_Kitts_and_Nevis.php",
    "block_countries": "Saint_Kitts_and_Nevis"
  },
  {
    "block_countries href": "https://www.worldcitiesdatabase.eu/Saint_Lucia.php",
    "block_countries": "Saint_Lucia"
  },
  {
    "block_countries href": "https://www.worldcitiesdatabase.eu/Saint_Martin.php",
    "block_countries": "Saint_Martin"
  },
  {
    "block_countries href": "https://www.worldcitiesdatabase.eu/Saint_Pierre_and_Miquelon.php",
    "block_countries": "Saint_Pierre_and_Miquelon"
  },
  {
    "block_countries href": "https://www.worldcitiesdatabase.eu/Saint_Vincent_and_the_Grenadines.php",
    "block_countries": "Saint_Vincent_and_the_Grenadines"
  },
  {
    "block_countries href": "https://www.worldcitiesdatabase.eu/Samoa.php",
    "block_countries": "Samoa"
  },
  {
    "block_countries href": "https://www.worldcitiesdatabase.eu/San_Marino.php",
    "block_countries": "San_Marino"
  },
  {
    "block_countries href": "https://www.worldcitiesdatabase.eu/Sao_Tome_and_Principe.php",
    "block_countries": "Sao_Tome_and_Principe"
  },
  {
    "block_countries href": "https://www.worldcitiesdatabase.eu/Saudi_Arabia.php",
    "block_countries": "Saudi_Arabia"
  },
  {
    "block_countries href": "https://www.worldcitiesdatabase.eu/Senegal.php",
    "block_countries": "Senegal"
  },
  {
    "block_countries href": "https://www.worldcitiesdatabase.eu/Serbia.php",
    "block_countries": "Serbia"
  },
  {
    "block_countries href": "https://www.worldcitiesdatabase.eu/Seychelles.php",
    "block_countries": "Seychelles"
  },
  {
    "block_countries href": "https://www.worldcitiesdatabase.eu/Sierra_Leone.php",
    "block_countries": "Sierra_Leone"
  },
  {
    "block_countries href": "https://www.worldcitiesdatabase.eu/Singapore.php",
    "block_countries": "Singapore"
  },
  {
    "block_countries href": "https://www.worldcitiesdatabase.eu/Sint_Maarten.php",
    "block_countries": "Sint_Maarten"
  },
  {
    "block_countries href": "https://www.worldcitiesdatabase.eu/Slovakia.php",
    "block_countries": "Slovakia"
  },
  {
    "block_countries href": "https://www.worldcitiesdatabase.eu/Slovenia.php",
    "block_countries": "Slovenia"
  },
  {
    "block_countries href": "https://www.worldcitiesdatabase.eu/Solomon_Islands.php",
    "block_countries": "Solomon_Islands"
  },
  {
    "block_countries href": "https://www.worldcitiesdatabase.eu/Somalia.php",
    "block_countries": "Somalia"
  },
  {
    "block_countries href": "https://www.worldcitiesdatabase.eu/South_Africa.php",
    "block_countries": "South_Africa"
  },
  {
    "block_countries href": "https://www.worldcitiesdatabase.eu/South_Georgia_and_the_South_Sandwich_Islands.php",
    "block_countries": "South_Georgia_and_the_South_Sandwich_Islands"
  },
  {
    "block_countries href": "https://www.worldcitiesdatabase.eu/South_Korea.php",
    "block_countries": "South_Korea"
  },
  {
    "block_countries href": "https://www.worldcitiesdatabase.eu/South_Sudan.php",
    "block_countries": "South_Sudan"
  },
  {
    "block_countries href": "https://www.worldcitiesdatabase.eu/Spain.php",
    "block_countries": "Spain"
  },
  {
    "block_countries href": "https://www.worldcitiesdatabase.eu/Sri_Lanka.php",
    "block_countries": "Sri_Lanka"
  },
  {
    "block_countries href": "https://www.worldcitiesdatabase.eu/Sudan.php",
    "block_countries": "Sudan"
  },
  {
    "block_countries href": "https://www.worldcitiesdatabase.eu/Suriname.php",
    "block_countries": "Suriname"
  },
  {
    "block_countries href": "https://www.worldcitiesdatabase.eu/Svalbard_and_Jan_Mayen.php",
    "block_countries": "Svalbard_and_Jan_Mayen"
  },
  {
    "block_countries href": "https://www.worldcitiesdatabase.eu/Sweden.php",
    "block_countries": "Sweden"
  },
  {
    "block_countries href": "https://www.worldcitiesdatabase.eu/Switzerland.php",
    "block_countries": "Switzerland"
  },
  {
    "block_countries href": "https://www.worldcitiesdatabase.eu/Syria.php",
    "block_countries": "Syria"
  },
  {
    "block_countries href": "https://www.worldcitiesdatabase.eu/Taiwan.php",
    "block_countries": "Taiwan"
  },
  {
    "block_countries href": "https://www.worldcitiesdatabase.eu/Tajikistan.php",
    "block_countries": "Tajikistan"
  },
  {
    "block_countries href": "https://www.worldcitiesdatabase.eu/Tanzania.php",
    "block_countries": "Tanzania"
  },
  {
    "block_countries href": "https://www.worldcitiesdatabase.eu/Thailand.php",
    "block_countries": "Thailand"
  },
  {
    "block_countries href": "https://www.worldcitiesdatabase.eu/Timor_Leste.php",
    "block_countries": "Timor_Leste"
  },
  {
    "block_countries href": "https://www.worldcitiesdatabase.eu/Togo.php",
    "block_countries": "Togo"
  },
  {
    "block_countries href": "https://www.worldcitiesdatabase.eu/Tokelau.php",
    "block_countries": "Tokelau"
  },
  {
    "block_countries href": "https://www.worldcitiesdatabase.eu/Tonga.php",
    "block_countries": "Tonga"
  },
  {
    "block_countries href": "https://www.worldcitiesdatabase.eu/Trinidad_and_Tobago.php",
    "block_countries": "Trinidad_and_Tobago"
  },
  {
    "block_countries href": "https://www.worldcitiesdatabase.eu/Tunisia.php",
    "block_countries": "Tunisia"
  },
  {
    "block_countries href": "https://www.worldcitiesdatabase.eu/Turkey.php",
    "block_countries": "Turkey"
  },
  {
    "block_countries href": "https://www.worldcitiesdatabase.eu/Turkmenistan.php",
    "block_countries": "Turkmenistan"
  },
  {
    "block_countries href": "https://www.worldcitiesdatabase.eu/Turks_and_Caicos_Islands.php",
    "block_countries": "Turks_and_Caicos_Islands"
  },
  {
    "block_countries href": "https://www.worldcitiesdatabase.eu/Tuvalu.php",
    "block_countries": "Tuvalu"
  },
  {
    "block_countries href": "https://www.worldcitiesdatabase.eu/US_Virgin_Islands.php",
    "block_countries": "US_Virgin_Islands"
  },
  {
    "block_countries href": "https://www.worldcitiesdatabase.eu/Uganda.php",
    "block_countries": "Uganda"
  },
  {
    "block_countries href": "https://www.worldcitiesdatabase.eu/Ukraine.php",
    "block_countries": "Ukraine"
  },
  {
    "block_countries href": "https://www.worldcitiesdatabase.eu/United_Arab_Emirates.php",
    "block_countries": "United_Arab_Emirates"
  },
  {
    "block_countries href": "https://www.worldcitiesdatabase.eu/United_Kingdom.php",
    "block_countries": "United_Kingdom"
  },
  {
    "block_countries href": "https://www.worldcitiesdatabase.eu/United_States.php",
    "block_countries": "United_States"
  },
  {
    "block_countries href": "https://www.worldcitiesdatabase.eu/United_States_Minor_Outlying_Islands.php",
    "block_countries": "United_States_Minor_Outlying_Islands"
  },
  {
    "block_countries href": "https://www.worldcitiesdatabase.eu/Uruguay.php",
    "block_countries": "Uruguay"
  },
  {
    "block_countries href": "https://www.worldcitiesdatabase.eu/Uzbekistan.php",
    "block_countries": "Uzbekistan"
  },
  {
    "block_countries href": "https://www.worldcitiesdatabase.eu/Vanuatu.php",
    "block_countries": "Vanuatu"
  },
  {
    "block_countries href": "https://www.worldcitiesdatabase.eu/Venezuela.php",
    "block_countries": "Venezuela"
  },
  {
    "block_countries href": "https://www.worldcitiesdatabase.eu/Vietnam.php",
    "block_countries": "Vietnam"
  },
  {
    "block_countries href": "https://www.worldcitiesdatabase.eu/Wallis_and_Futuna.php",
    "block_countries": "Wallis_and_Futuna"
  },
  {
    "block_countries href": "https://www.worldcitiesdatabase.eu/Western_Sahara.php",
    "block_countries": "Western_Sahara"
  },
  {
    "block_countries href": "https://www.worldcitiesdatabase.eu/Yemen.php",
    "block_countries": "Yemen"
  },
  {
    "block_countries href": "https://www.worldcitiesdatabase.eu/Zambia.php",
    "block_countries": "Zambia"
  },
  {
    "block_countries href": "https://www.worldcitiesdatabase.eu/Zimbabwe.php",
    "block_countries": "Zimbabwe"
  }
]